poll_id,election,round,tse_br_id,pollster,contractor,field_start,field_end,publication_date,sample_size,methodology,scenario,candidate,share_reported,share_basis,blank_null,undecided,valid_vote_share,source_url,source_type,source_revision,retrieval_timestamp,verification_status,verification_source,source_hash,notes
2014-1-7ddcd7b980,2014,1,BR-01021/2014,Ibope,,2014-10-02,2014-10-04,2014-10-04,3010,,main,Dilma Rousseff,40.0,total,7.0,5.0,,https://g1.globo.com/politica/eleicoes/2014/noticia/2014/10/ibope-votos-validos-dilma-tem-46-aecio-27-e-marina-24.html,media_report,,2026-09-29T15:08:50Z,verified_match,https://g1.globo.com/politica/eleicoes/2014/noticia/2014/10/ibope-votos-validos-dilma-tem-46-aecio-27-e-marina-24.html,a28e901ca6dfaf0ac5c1e5c8822ac6aa15f2c1fef6e1eaa2a063aac8242536f9,final poll missing from pinned Wikipedia revision; added from release record (Addendum 02)
2014-1-7ddcd7b980,2014,1,BR-01021/2014,Ibope,,2014-10-02,2014-10-04,2014-10-04,3010,,main,Aécio Neves,24.0,total,7.0,5.0,,https://g1.globo.com/politica/eleicoes/2014/noticia/2014/10/ibope-votos-validos-dilma-tem-46-aecio-27-e-marina-24.html,media_report,,2026-09-29T15:08:50Z,verified_match,https://g1.globo.com/politica/eleicoes/2014/noticia/2014/10/ibope-votos-validos-dilma-tem-46-aecio-27-e-marina-24.html,a28e901ca6dfaf0ac5c1e5c8822ac6aa15f2c1fef6e1eaa2a063aac8242536f9,final poll missing from pinned Wikipedia revision; added from release record (Addendum 02)
2014-1-7ddcd7b980,2014,1,BR-01021/2014,Ibope,,2014-10-02,2014-10-04,2014-10-04,3010,,main,Marina Silva,21.0,total,7.0,5.0,,https://g1.globo.com/politica/eleicoes/2014/noticia/2014/10/ibope-votos-validos-dilma-tem-46-aecio-27-e-marina-24.html,media_report,,2026-09-29T15:08:50Z,verified_match,https://g1.globo.com/politica/eleicoes/2014/noticia/2014/10/ibope-votos-validos-dilma-tem-46-aecio-27-e-marina-24.html,a28e901ca6dfaf0ac5c1e5c8822ac6aa15f2c1fef6e1eaa2a063aac8242536f9,final poll missing from pinned Wikipedia revision; added from release record (Addendum 02)
2014-1-7ddcd7b980,2014,1,BR-01021/2014,Ibope,,2014-10-02,2014-10-04,2014-10-04,3010,,main,Pastor Everaldo,1.0,total,7.0,5.0,,https://g1.globo.com/politica/eleicoes/2014/noticia/2014/10/ibope-votos-validos-dilma-tem-46-aecio-27-e-marina-24.html,media_report,,2026-09-29T15:08:50Z,verified_match,https://g1.globo.com/politica/eleicoes/2014/noticia/2014/10/ibope-votos-validos-dilma-tem-46-aecio-27-e-marina-24.html,a28e901ca6dfaf0ac5c1e5c8822ac6aa15f2c1fef6e1eaa2a063aac8242536f9,final poll missing from pinned Wikipedia revision; added from release record (Addendum 02)
2014-1-7ddcd7b980,2014,1,BR-01021/2014,Ibope,,2014-10-02,2014-10-04,2014-10-04,3010,,main,Luciana Genro,1.0,total,7.0,5.0,,https://g1.globo.com/politica/eleicoes/2014/noticia/2014/10/ibope-votos-validos-dilma-tem-46-aecio-27-e-marina-24.html,media_report,,2026-09-29T15:08:50Z,verified_match,https://g1.globo.com/politica/eleicoes/2014/noticia/2014/10/ibope-votos-validos-dilma-tem-46-aecio-27-e-marina-24.html,a28e901ca6dfaf0ac5c1e5c8822ac6aa15f2c1fef6e1eaa2a063aac8242536f9,final poll missing from pinned Wikipedia revision; added from release record (Addendum 02)
2014-1-7ddcd7b980,2014,1,BR-01021/2014,Ibope,,2014-10-02,2014-10-04,2014-10-04,3010,,main,Eduardo Jorge,1.0,total,7.0,5.0,,https://g1.globo.com/politica/eleicoes/2014/noticia/2014/10/ibope-votos-validos-dilma-tem-46-aecio-27-e-marina-24.html,media_report,,2026-09-29T15:08:50Z,verified_match,https://g1.globo.com/politica/eleicoes/2014/noticia/2014/10/ibope-votos-validos-dilma-tem-46-aecio-27-e-marina-24.html,a28e901ca6dfaf0ac5c1e5c8822ac6aa15f2c1fef6e1eaa2a063aac8242536f9,final poll missing from pinned Wikipedia revision; added from release record (Addendum 02)
2022-1-1d6628f876,2022,1,BR-02444/2022,Quaest,,2022-09-30,2022-10-01,2022-10-01,3600,,main,Lula,49.0,valid,,,,https://www.cnnbrasil.com.br/politica/pesquisa-quaest-para-presidente-lula-tem-49-dos-votos-validos-e-bolsonaro-38/ | https://www.poder360.com.br/pesquisas/lula-tem-49-dos-votos-validos-e-bolsonaro-38-diz-quaest/,media_report,,2026-09-29T15:14:11Z,verified_match,https://www.cnnbrasil.com.br/politica/pesquisa-quaest-para-presidente-lula-tem-49-dos-votos-validos-e-bolsonaro-38/ | https://www.poder360.com.br/pesquisas/lula-tem-49-dos-votos-validos-e-bolsonaro-38-diz-quaest/,a28e901ca6dfaf0ac5c1e5c8822ac6aa15f2c1fef6e1eaa2a063aac8242536f9,final poll missing from pinned Wikipedia revision; added from release record (Addendum 02)
2022-1-1d6628f876,2022,1,BR-02444/2022,Quaest,,2022-09-30,2022-10-01,2022-10-01,3600,,main,Jair Bolsonaro,38.0,valid,,,,https://www.cnnbrasil.com.br/politica/pesquisa-quaest-para-presidente-lula-tem-49-dos-votos-validos-e-bolsonaro-38/ | https://www.poder360.com.br/pesquisas/lula-tem-49-dos-votos-validos-e-bolsonaro-38-diz-quaest/,media_report,,2026-09-29T15:14:11Z,verified_match,https://www.cnnbrasil.com.br/politica/pesquisa-quaest-para-presidente-lula-tem-49-dos-votos-validos-e-bolsonaro-38/ | https://www.poder360.com.br/pesquisas/lula-tem-49-dos-votos-validos-e-bolsonaro-38-diz-quaest/,a28e901ca6dfaf0ac5c1e5c8822ac6aa15f2c1fef6e1eaa2a063aac8242536f9,final poll missing from pinned Wikipedia revision; added from release record (Addendum 02)
2022-1-1d6628f876,2022,1,BR-02444/2022,Quaest,,2022-09-30,2022-10-01,2022-10-01,3600,,main,Ciro Gomes,6.0,valid,,,,https://www.cnnbrasil.com.br/politica/pesquisa-quaest-para-presidente-lula-tem-49-dos-votos-validos-e-bolsonaro-38/ | https://www.poder360.com.br/pesquisas/lula-tem-49-dos-votos-validos-e-bolsonaro-38-diz-quaest/,media_report,,2026-09-29T15:14:11Z,verified_match,https://www.cnnbrasil.com.br/politica/pesquisa-quaest-para-presidente-lula-tem-49-dos-votos-validos-e-bolsonaro-38/ | https://www.poder360.com.br/pesquisas/lula-tem-49-dos-votos-validos-e-bolsonaro-38-diz-quaest/,a28e901ca6dfaf0ac5c1e5c8822ac6aa15f2c1fef6e1eaa2a063aac8242536f9,final poll missing from pinned Wikipedia revision; added from release record (Addendum 02)
2022-1-1d6628f876,2022,1,BR-02444/2022,Quaest,,2022-09-30,2022-10-01,2022-10-01,3600,,main,Simone Tebet,5.0,valid,,,,https://www.cnnbrasil.com.br/politica/pesquisa-quaest-para-presidente-lula-tem-49-dos-votos-validos-e-bolsonaro-38/ | https://www.poder360.com.br/pesquisas/lula-tem-49-dos-votos-validos-e-bolsonaro-38-diz-quaest/,media_report,,2026-09-29T15:14:11Z,verified_match,https://www.cnnbrasil.com.br/politica/pesquisa-quaest-para-presidente-lula-tem-49-dos-votos-validos-e-bolsonaro-38/ | https://www.poder360.com.br/pesquisas/lula-tem-49-dos-votos-validos-e-bolsonaro-38-diz-quaest/,a28e901ca6dfaf0ac5c1e5c8822ac6aa15f2c1fef6e1eaa2a063aac8242536f9,final poll missing from pinned Wikipedia revision; added from release record (Addendum 02)
2022-1-1d6628f876,2022,1,BR-02444/2022,Quaest,,2022-09-30,2022-10-01,2022-10-01,3600,,main,Felipe d'Avila,1.0,valid,,,,https://www.cnnbrasil.com.br/politica/pesquisa-quaest-para-presidente-lula-tem-49-dos-votos-validos-e-bolsonaro-38/ | https://www.poder360.com.br/pesquisas/lula-tem-49-dos-votos-validos-e-bolsonaro-38-diz-quaest/,media_report,,2026-09-29T15:14:11Z,verified_match,https://www.cnnbrasil.com.br/politica/pesquisa-quaest-para-presidente-lula-tem-49-dos-votos-validos-e-bolsonaro-38/ | https://www.poder360.com.br/pesquisas/lula-tem-49-dos-votos-validos-e-bolsonaro-38-diz-quaest/,a28e901ca6dfaf0ac5c1e5c8822ac6aa15f2c1fef6e1eaa2a063aac8242536f9,final poll missing from pinned Wikipedia revision; added from release record (Addendum 02)
2022-1-1d6628f876,2022,1,BR-02444/2022,Quaest,,2022-09-30,2022-10-01,2022-10-01,3600,,main,Soraya Thronicke,1.0,valid,,,,https://www.cnnbrasil.com.br/politica/pesquisa-quaest-para-presidente-lula-tem-49-dos-votos-validos-e-bolsonaro-38/ | https://www.poder360.com.br/pesquisas/lula-tem-49-dos-votos-validos-e-bolsonaro-38-diz-quaest/,media_report,,2026-09-29T15:14:11Z,verified_match,https://www.cnnbrasil.com.br/politica/pesquisa-quaest-para-presidente-lula-tem-49-dos-votos-validos-e-bolsonaro-38/ | https://www.poder360.com.br/pesquisas/lula-tem-49-dos-votos-validos-e-bolsonaro-38-diz-quaest/,a28e901ca6dfaf0ac5c1e5c8822ac6aa15f2c1fef6e1eaa2a063aac8242536f9,final poll missing from pinned Wikipedia revision; added from release record (Addendum 02)
