candidate,party,ballot_status,source_url,source_revision,retrieved_utc,notes
Lula,PT,registered,https://pt.wikipedia.org/w/index.php?title=Elei%C3%A7%C3%A3o_presidencial_no_Brasil_em_2026&oldid=73078529,73078529,2026-09-29T16:05:00Z,section Candidaturas
Flávio Bolsonaro,PL,registered,https://pt.wikipedia.org/w/index.php?title=Elei%C3%A7%C3%A3o_presidencial_no_Brasil_em_2026&oldid=73078529,73078529,2026-09-29T16:05:00Z,section Candidaturas
Ronaldo Caiado,PSD,registered,https://pt.wikipedia.org/w/index.php?title=Elei%C3%A7%C3%A3o_presidencial_no_Brasil_em_2026&oldid=73078529,73078529,2026-09-29T16:05:00Z,section Candidaturas
Romeu Zema,NOVO,registered,https://pt.wikipedia.org/w/index.php?title=Elei%C3%A7%C3%A3o_presidencial_no_Brasil_em_2026&oldid=73078529,73078529,2026-09-29T16:05:00Z,section Candidaturas (listed as Zema)
Renan Santos,MISSÃO,registered,https://pt.wikipedia.org/w/index.php?title=Elei%C3%A7%C3%A3o_presidencial_no_Brasil_em_2026&oldid=73078529,73078529,2026-09-29T16:05:00Z,section Candidaturas
Augusto Cury,AVANTE,registered,https://pt.wikipedia.org/w/index.php?title=Elei%C3%A7%C3%A3o_presidencial_no_Brasil_em_2026&oldid=73078529,73078529,2026-09-29T16:05:00Z,section Candidaturas
Samara Martins,UP,registered,https://pt.wikipedia.org/w/index.php?title=Elei%C3%A7%C3%A3o_presidencial_no_Brasil_em_2026&oldid=73078529,73078529,2026-09-29T16:05:00Z,section Candidaturas (listed as Samara)
Rui Costa Pimenta,PCO,registered,https://pt.wikipedia.org/w/index.php?title=Elei%C3%A7%C3%A3o_presidencial_no_Brasil_em_2026&oldid=73078529,73078529,2026-09-29T16:05:00Z,section Candidaturas
Wilson Grassi,DEMOCRATA,registered,https://pt.wikipedia.org/w/index.php?title=Elei%C3%A7%C3%A3o_presidencial_no_Brasil_em_2026&oldid=73078529,73078529,2026-09-29T16:05:00Z,section Candidaturas (listed as Veterinário Wilson Grassi)
Hertz Dias,PSTU,registered,https://pt.wikipedia.org/w/index.php?title=Elei%C3%A7%C3%A3o_presidencial_no_Brasil_em_2026&oldid=73078529,73078529,2026-09-29T16:05:00Z,section Candidaturas
Edmilson Costa,PCB,registered,https://pt.wikipedia.org/w/index.php?title=Elei%C3%A7%C3%A3o_presidencial_no_Brasil_em_2026&oldid=73078529,73078529,2026-09-29T16:05:00Z,section Candidaturas
Clariana Barão,DC,registered,https://pt.wikipedia.org/w/index.php?title=Elei%C3%A7%C3%A3o_presidencial_no_Brasil_em_2026&oldid=73078529,73078529,2026-09-29T16:05:00Z,section Candidaturas
Leonardo Avalanche,PRTB,registered,https://pt.wikipedia.org/w/index.php?title=Elei%C3%A7%C3%A3o_presidencial_no_Brasil_em_2026&oldid=73078529,73078529,2026-09-29T16:05:00Z,section Candidaturas; replaced Pablo Marçal (PRTB)
Pablo Marçal,PRTB,revoked,https://pt.wikipedia.org/w/index.php?title=Elei%C3%A7%C3%A3o_presidencial_no_Brasil_em_2026&oldid=73078529,73078529,2026-09-29T16:05:00Z,section Indeferimentos: candidacy revoked (cassada); not on the ballot
