election,round,pollster,field_start,field_end,publication_date,sample_size,tse_br_id,candidate,valid_share_pct,total_share_pct,blank_null_pct,undecided_pct,source_url,retrieved_utc,notes
2014,1,Datafolha,2014-10-03,2014-10-04,2014-10-04,18116,BR-01037/2014,Dilma Rousseff,44,40,4,5,https://g1.globo.com/politica/eleicoes/2014/noticia/2014/10/datafolha-votos-validos-dilma-tem-44-aecio-26-e-marina-24.html,2026-09-29T15:08:52Z,G1 (contract: TV Globo + Folha); blank_null='Branco/nulo'; undecided='Nao sabe/nao respondeu'
2014,1,Datafolha,2014-10-03,2014-10-04,2014-10-04,18116,BR-01037/2014,Aécio Neves,26,24,4,5,https://g1.globo.com/politica/eleicoes/2014/noticia/2014/10/datafolha-votos-validos-dilma-tem-44-aecio-26-e-marina-24.html,2026-09-29T15:08:52Z,G1 (contract: TV Globo + Folha); blank_null='Branco/nulo'; undecided='Nao sabe/nao respondeu'
2014,1,Datafolha,2014-10-03,2014-10-04,2014-10-04,18116,BR-01037/2014,Marina Silva,24,22,4,5,https://g1.globo.com/politica/eleicoes/2014/noticia/2014/10/datafolha-votos-validos-dilma-tem-44-aecio-26-e-marina-24.html,2026-09-29T15:08:52Z,G1 (contract: TV Globo + Folha); blank_null='Branco/nulo'; undecided='Nao sabe/nao respondeu'
2014,1,Datafolha,2014-10-03,2014-10-04,2014-10-04,18116,BR-01037/2014,Luciana Genro,2,1,4,5,https://g1.globo.com/politica/eleicoes/2014/noticia/2014/10/datafolha-votos-validos-dilma-tem-44-aecio-26-e-marina-24.html,2026-09-29T15:08:52Z,G1 (contract: TV Globo + Folha); blank_null='Branco/nulo'; undecided='Nao sabe/nao respondeu'
2014,1,Datafolha,2014-10-03,2014-10-04,2014-10-04,18116,BR-01037/2014,Pastor Everaldo,1,1,4,5,https://g1.globo.com/politica/eleicoes/2014/noticia/2014/10/datafolha-votos-validos-dilma-tem-44-aecio-26-e-marina-24.html,2026-09-29T15:08:52Z,G1 (contract: TV Globo + Folha); blank_null='Branco/nulo'; undecided='Nao sabe/nao respondeu'
2014,1,Datafolha,2014-10-03,2014-10-04,2014-10-04,18116,BR-01037/2014,Eduardo Jorge,1,1,4,5,https://g1.globo.com/politica/eleicoes/2014/noticia/2014/10/datafolha-votos-validos-dilma-tem-44-aecio-26-e-marina-24.html,2026-09-29T15:08:52Z,G1 (contract: TV Globo + Folha); blank_null='Branco/nulo'; undecided='Nao sabe/nao respondeu'
2014,1,Datafolha,2014-10-03,2014-10-04,2014-10-04,18116,BR-01037/2014,Levy Fidelix,1,0,4,5,https://g1.globo.com/politica/eleicoes/2014/noticia/2014/10/datafolha-votos-validos-dilma-tem-44-aecio-26-e-marina-24.html,2026-09-29T15:08:52Z,G1 (contract: TV Globo + Folha); blank_null='Branco/nulo'; undecided='Nao sabe/nao respondeu'; total 0%* = below 1% individually
2014,1,Datafolha,2014-10-03,2014-10-04,2014-10-04,18116,BR-01037/2014,Zé Maria,0,0,4,5,https://g1.globo.com/politica/eleicoes/2014/noticia/2014/10/datafolha-votos-validos-dilma-tem-44-aecio-26-e-marina-24.html,2026-09-29T15:08:52Z,G1 (contract: TV Globo + Folha); blank_null='Branco/nulo'; undecided='Nao sabe/nao respondeu'; 0%* = below 1% individually; the 0%* names sum to 1% (valid: 4 names; total: 5 names incl. Levy)
2014,1,Datafolha,2014-10-03,2014-10-04,2014-10-04,18116,BR-01037/2014,Rui Costa Pimenta,0,0,4,5,https://g1.globo.com/politica/eleicoes/2014/noticia/2014/10/datafolha-votos-validos-dilma-tem-44-aecio-26-e-marina-24.html,2026-09-29T15:08:52Z,G1 (contract: TV Globo + Folha); blank_null='Branco/nulo'; undecided='Nao sabe/nao respondeu'; 0%* see Zé Maria
2014,1,Datafolha,2014-10-03,2014-10-04,2014-10-04,18116,BR-01037/2014,José Maria Eymael,0,0,4,5,https://g1.globo.com/politica/eleicoes/2014/noticia/2014/10/datafolha-votos-validos-dilma-tem-44-aecio-26-e-marina-24.html,2026-09-29T15:08:52Z,G1 (contract: TV Globo + Folha); blank_null='Branco/nulo'; undecided='Nao sabe/nao respondeu'; 0%* see Zé Maria
2014,1,Datafolha,2014-10-03,2014-10-04,2014-10-04,18116,BR-01037/2014,Mauro Iasi,0,0,4,5,https://g1.globo.com/politica/eleicoes/2014/noticia/2014/10/datafolha-votos-validos-dilma-tem-44-aecio-26-e-marina-24.html,2026-09-29T15:08:52Z,G1 (contract: TV Globo + Folha); blank_null='Branco/nulo'; undecided='Nao sabe/nao respondeu'; 0%* see Zé Maria
2014,1,Ibope,2014-10-02,2014-10-04,2014-10-04,3010,BR-01021/2014,Dilma Rousseff,46,40,7,5,https://g1.globo.com/politica/eleicoes/2014/noticia/2014/10/ibope-votos-validos-dilma-tem-46-aecio-27-e-marina-24.html,2026-09-29T15:08:50Z,G1 (contract: TV Globo + O Estado de S.Paulo); article gives field 2-4 Oct (pt.wiki polling oldid 73055945 says 3-4 Oct)
2014,1,Ibope,2014-10-02,2014-10-04,2014-10-04,3010,BR-01021/2014,Aécio Neves,27,24,7,5,https://g1.globo.com/politica/eleicoes/2014/noticia/2014/10/ibope-votos-validos-dilma-tem-46-aecio-27-e-marina-24.html,2026-09-29T15:08:50Z,G1 (contract: TV Globo + O Estado de S.Paulo); article gives field 2-4 Oct (pt.wiki polling oldid 73055945 says 3-4 Oct)
2014,1,Ibope,2014-10-02,2014-10-04,2014-10-04,3010,BR-01021/2014,Marina Silva,24,21,7,5,https://g1.globo.com/politica/eleicoes/2014/noticia/2014/10/ibope-votos-validos-dilma-tem-46-aecio-27-e-marina-24.html,2026-09-29T15:08:50Z,G1 (contract: TV Globo + O Estado de S.Paulo); article gives field 2-4 Oct (pt.wiki polling oldid 73055945 says 3-4 Oct)
2014,1,Ibope,2014-10-02,2014-10-04,2014-10-04,3010,BR-01021/2014,Pastor Everaldo,1,1,7,5,https://g1.globo.com/politica/eleicoes/2014/noticia/2014/10/ibope-votos-validos-dilma-tem-46-aecio-27-e-marina-24.html,2026-09-29T15:08:50Z,G1 (contract: TV Globo + O Estado de S.Paulo); article gives field 2-4 Oct (pt.wiki polling oldid 73055945 says 3-4 Oct)
2014,1,Ibope,2014-10-02,2014-10-04,2014-10-04,3010,BR-01021/2014,Luciana Genro,1,1,7,5,https://g1.globo.com/politica/eleicoes/2014/noticia/2014/10/ibope-votos-validos-dilma-tem-46-aecio-27-e-marina-24.html,2026-09-29T15:08:50Z,G1 (contract: TV Globo + O Estado de S.Paulo); article gives field 2-4 Oct (pt.wiki polling oldid 73055945 says 3-4 Oct)
2014,1,Ibope,2014-10-02,2014-10-04,2014-10-04,3010,BR-01021/2014,Eduardo Jorge,1,1,7,5,https://g1.globo.com/politica/eleicoes/2014/noticia/2014/10/ibope-votos-validos-dilma-tem-46-aecio-27-e-marina-24.html,2026-09-29T15:08:50Z,G1 (contract: TV Globo + O Estado de S.Paulo); article gives field 2-4 Oct (pt.wiki polling oldid 73055945 says 3-4 Oct)
2014,1,Ibope,2014-10-02,2014-10-04,2014-10-04,3010,BR-01021/2014,Zé Maria,0,0,7,5,https://g1.globo.com/politica/eleicoes/2014/noticia/2014/10/ibope-votos-validos-dilma-tem-46-aecio-27-e-marina-24.html,2026-09-29T15:08:50Z,G1 (contract: TV Globo + O Estado de S.Paulo); article gives field 2-4 Oct (pt.wiki polling oldid 73055945 says 3-4 Oct)
2014,1,Ibope,2014-10-02,2014-10-04,2014-10-04,3010,BR-01021/2014,Rui Costa Pimenta,0,0,7,5,https://g1.globo.com/politica/eleicoes/2014/noticia/2014/10/ibope-votos-validos-dilma-tem-46-aecio-27-e-marina-24.html,2026-09-29T15:08:50Z,G1 (contract: TV Globo + O Estado de S.Paulo); article gives field 2-4 Oct (pt.wiki polling oldid 73055945 says 3-4 Oct)
2014,1,Ibope,2014-10-02,2014-10-04,2014-10-04,3010,BR-01021/2014,José Maria Eymael,0,0,7,5,https://g1.globo.com/politica/eleicoes/2014/noticia/2014/10/ibope-votos-validos-dilma-tem-46-aecio-27-e-marina-24.html,2026-09-29T15:08:50Z,G1 (contract: TV Globo + O Estado de S.Paulo); article gives field 2-4 Oct (pt.wiki polling oldid 73055945 says 3-4 Oct)
2014,1,Ibope,2014-10-02,2014-10-04,2014-10-04,3010,BR-01021/2014,Levy Fidelix,0,0,7,5,https://g1.globo.com/politica/eleicoes/2014/noticia/2014/10/ibope-votos-validos-dilma-tem-46-aecio-27-e-marina-24.html,2026-09-29T15:08:50Z,G1 (contract: TV Globo + O Estado de S.Paulo); article gives field 2-4 Oct (pt.wiki polling oldid 73055945 says 3-4 Oct)
2014,1,Ibope,2014-10-02,2014-10-04,2014-10-04,3010,BR-01021/2014,Mauro Iasi,0,0,7,5,https://g1.globo.com/politica/eleicoes/2014/noticia/2014/10/ibope-votos-validos-dilma-tem-46-aecio-27-e-marina-24.html,2026-09-29T15:08:50Z,G1 (contract: TV Globo + O Estado de S.Paulo); article gives field 2-4 Oct (pt.wiki polling oldid 73055945 says 3-4 Oct)
2014,2,Datafolha,2014-10-24,2014-10-25,2014-10-25,19318,BR-01210/2014,Dilma Rousseff,52,47,5,5,https://g1.globo.com/politica/eleicoes/2014/noticia/2014/10/dilma-tem-52-e-aecio-48-dos-votos-validos-diz-datafolha.html,2026-09-29T15:08:55Z,G1; blank_null='Em branco/nulo/nenhum'; undecided='Nao sabe'
2014,2,Datafolha,2014-10-24,2014-10-25,2014-10-25,19318,BR-01210/2014,Aécio Neves,48,43,5,5,https://g1.globo.com/politica/eleicoes/2014/noticia/2014/10/dilma-tem-52-e-aecio-48-dos-votos-validos-diz-datafolha.html,2026-09-29T15:08:55Z,G1; blank_null='Em branco/nulo/nenhum'; undecided='Nao sabe'
2014,2,Ibope,2014-10-24,2014-10-25,2014-10-25,3010,BR-01195/2014,Dilma Rousseff,53,49,5,3,https://g1.globo.com/politica/eleicoes/2014/noticia/2014/10/dilma-tem-53-e-aecio-47-dos-votos-validos-aponta-ibope.html,2026-09-29T15:08:57Z,G1
2014,2,Ibope,2014-10-24,2014-10-25,2014-10-25,3010,BR-01195/2014,Aécio Neves,47,43,5,3,https://g1.globo.com/politica/eleicoes/2014/noticia/2014/10/dilma-tem-53-e-aecio-47-dos-votos-validos-aponta-ibope.html,2026-09-29T15:08:57Z,G1
2018,1,Datafolha,2018-10-05,2018-10-06,2018-10-06,19552,BR-01584/2018,Jair Bolsonaro,40,36,6,4,"https://www.correiobraziliense.com.br/app/noticia/politica/2018/10/06/interna_politica,710634/datafolha-presidente-pesquisa-eleicoes.shtml | https://agenciabrasil.ebc.com.br/politica/noticia/2018-10/pesquisa-datafolha-para-presidente",2026-09-29T15:10:31Z,"shares+TSE ID from Correio Braziliense; field dates (sexta 5 e sabado 6) and n=19552 confirmed by Agencia Brasil (retrieved 15:10:00Z); Gazeta do Povo page for BR-01584/2018 lists 17056 entrevistados (discrepancy, unresolved)"
2018,1,Datafolha,2018-10-05,2018-10-06,2018-10-06,19552,BR-01584/2018,Fernando Haddad,25,22,6,4,"https://www.correiobraziliense.com.br/app/noticia/politica/2018/10/06/interna_politica,710634/datafolha-presidente-pesquisa-eleicoes.shtml | https://agenciabrasil.ebc.com.br/politica/noticia/2018-10/pesquisa-datafolha-para-presidente",2026-09-29T15:10:31Z,"shares+TSE ID from Correio Braziliense; field dates (sexta 5 e sabado 6) and n=19552 confirmed by Agencia Brasil (retrieved 15:10:00Z); Gazeta do Povo page for BR-01584/2018 lists 17056 entrevistados (discrepancy, unresolved)"
2018,1,Datafolha,2018-10-05,2018-10-06,2018-10-06,19552,BR-01584/2018,Ciro Gomes,15,13,6,4,"https://www.correiobraziliense.com.br/app/noticia/politica/2018/10/06/interna_politica,710634/datafolha-presidente-pesquisa-eleicoes.shtml | https://agenciabrasil.ebc.com.br/politica/noticia/2018-10/pesquisa-datafolha-para-presidente",2026-09-29T15:10:31Z,"shares+TSE ID from Correio Braziliense; field dates (sexta 5 e sabado 6) and n=19552 confirmed by Agencia Brasil (retrieved 15:10:00Z); Gazeta do Povo page for BR-01584/2018 lists 17056 entrevistados (discrepancy, unresolved)"
2018,1,Datafolha,2018-10-05,2018-10-06,2018-10-06,19552,BR-01584/2018,Geraldo Alckmin,8,7,6,4,"https://www.correiobraziliense.com.br/app/noticia/politica/2018/10/06/interna_politica,710634/datafolha-presidente-pesquisa-eleicoes.shtml | https://agenciabrasil.ebc.com.br/politica/noticia/2018-10/pesquisa-datafolha-para-presidente",2026-09-29T15:10:31Z,"shares+TSE ID from Correio Braziliense; field dates (sexta 5 e sabado 6) and n=19552 confirmed by Agencia Brasil (retrieved 15:10:00Z); Gazeta do Povo page for BR-01584/2018 lists 17056 entrevistados (discrepancy, unresolved)"
2018,1,Datafolha,2018-10-05,2018-10-06,2018-10-06,19552,BR-01584/2018,Marina Silva,3,3,6,4,"https://www.correiobraziliense.com.br/app/noticia/politica/2018/10/06/interna_politica,710634/datafolha-presidente-pesquisa-eleicoes.shtml | https://agenciabrasil.ebc.com.br/politica/noticia/2018-10/pesquisa-datafolha-para-presidente",2026-09-29T15:10:31Z,"shares+TSE ID from Correio Braziliense; field dates (sexta 5 e sabado 6) and n=19552 confirmed by Agencia Brasil (retrieved 15:10:00Z); Gazeta do Povo page for BR-01584/2018 lists 17056 entrevistados (discrepancy, unresolved)"
2018,1,Datafolha,2018-10-05,2018-10-06,2018-10-06,19552,BR-01584/2018,João Amoêdo,3,3,6,4,"https://www.correiobraziliense.com.br/app/noticia/politica/2018/10/06/interna_politica,710634/datafolha-presidente-pesquisa-eleicoes.shtml | https://agenciabrasil.ebc.com.br/politica/noticia/2018-10/pesquisa-datafolha-para-presidente",2026-09-29T15:10:31Z,"shares+TSE ID from Correio Braziliense; field dates (sexta 5 e sabado 6) and n=19552 confirmed by Agencia Brasil (retrieved 15:10:00Z); Gazeta do Povo page for BR-01584/2018 lists 17056 entrevistados (discrepancy, unresolved)"
2018,1,Datafolha,2018-10-05,2018-10-06,2018-10-06,19552,BR-01584/2018,Alvaro Dias,2,2,6,4,"https://www.correiobraziliense.com.br/app/noticia/politica/2018/10/06/interna_politica,710634/datafolha-presidente-pesquisa-eleicoes.shtml | https://agenciabrasil.ebc.com.br/politica/noticia/2018-10/pesquisa-datafolha-para-presidente",2026-09-29T15:10:31Z,"shares+TSE ID from Correio Braziliense; field dates (sexta 5 e sabado 6) and n=19552 confirmed by Agencia Brasil (retrieved 15:10:00Z); Gazeta do Povo page for BR-01584/2018 lists 17056 entrevistados (discrepancy, unresolved)"
2018,1,Datafolha,2018-10-05,2018-10-06,2018-10-06,19552,BR-01584/2018,Henrique Meirelles,2,2,6,4,"https://www.correiobraziliense.com.br/app/noticia/politica/2018/10/06/interna_politica,710634/datafolha-presidente-pesquisa-eleicoes.shtml | https://agenciabrasil.ebc.com.br/politica/noticia/2018-10/pesquisa-datafolha-para-presidente",2026-09-29T15:10:31Z,"shares+TSE ID from Correio Braziliense; field dates (sexta 5 e sabado 6) and n=19552 confirmed by Agencia Brasil (retrieved 15:10:00Z); Gazeta do Povo page for BR-01584/2018 lists 17056 entrevistados (discrepancy, unresolved)"
2018,1,Datafolha,2018-10-05,2018-10-06,2018-10-06,19552,BR-01584/2018,Cabo Daciolo,1,1,6,4,"https://www.correiobraziliense.com.br/app/noticia/politica/2018/10/06/interna_politica,710634/datafolha-presidente-pesquisa-eleicoes.shtml | https://agenciabrasil.ebc.com.br/politica/noticia/2018-10/pesquisa-datafolha-para-presidente",2026-09-29T15:10:31Z,"shares+TSE ID from Correio Braziliense; field dates (sexta 5 e sabado 6) and n=19552 confirmed by Agencia Brasil (retrieved 15:10:00Z); Gazeta do Povo page for BR-01584/2018 lists 17056 entrevistados (discrepancy, unresolved)"
2018,1,Datafolha,2018-10-05,2018-10-06,2018-10-06,19552,BR-01584/2018,Guilherme Boulos,1,1,6,4,"https://www.correiobraziliense.com.br/app/noticia/politica/2018/10/06/interna_politica,710634/datafolha-presidente-pesquisa-eleicoes.shtml | https://agenciabrasil.ebc.com.br/politica/noticia/2018-10/pesquisa-datafolha-para-presidente",2026-09-29T15:10:31Z,"shares+TSE ID from Correio Braziliense; field dates (sexta 5 e sabado 6) and n=19552 confirmed by Agencia Brasil (retrieved 15:10:00Z); Gazeta do Povo page for BR-01584/2018 lists 17056 entrevistados (discrepancy, unresolved)"
2018,1,Datafolha,2018-10-05,2018-10-06,2018-10-06,19552,BR-01584/2018,Vera Lúcia,0,0,6,4,"https://www.correiobraziliense.com.br/app/noticia/politica/2018/10/06/interna_politica,710634/datafolha-presidente-pesquisa-eleicoes.shtml | https://agenciabrasil.ebc.com.br/politica/noticia/2018-10/pesquisa-datafolha-para-presidente",2026-09-29T15:10:31Z,"shares+TSE ID from Correio Braziliense; field dates (sexta 5 e sabado 6) and n=19552 confirmed by Agencia Brasil (retrieved 15:10:00Z); Gazeta do Povo page for BR-01584/2018 lists 17056 entrevistados (discrepancy, unresolved)"
2018,1,Datafolha,2018-10-05,2018-10-06,2018-10-06,19552,BR-01584/2018,João Goulart Filho,0,0,6,4,"https://www.correiobraziliense.com.br/app/noticia/politica/2018/10/06/interna_politica,710634/datafolha-presidente-pesquisa-eleicoes.shtml | https://agenciabrasil.ebc.com.br/politica/noticia/2018-10/pesquisa-datafolha-para-presidente",2026-09-29T15:10:31Z,"shares+TSE ID from Correio Braziliense; field dates (sexta 5 e sabado 6) and n=19552 confirmed by Agencia Brasil (retrieved 15:10:00Z); Gazeta do Povo page for BR-01584/2018 lists 17056 entrevistados (discrepancy, unresolved)"
2018,1,Datafolha,2018-10-05,2018-10-06,2018-10-06,19552,BR-01584/2018,José Maria Eymael,0,0,6,4,"https://www.correiobraziliense.com.br/app/noticia/politica/2018/10/06/interna_politica,710634/datafolha-presidente-pesquisa-eleicoes.shtml | https://agenciabrasil.ebc.com.br/politica/noticia/2018-10/pesquisa-datafolha-para-presidente",2026-09-29T15:10:31Z,"shares+TSE ID from Correio Braziliense; field dates (sexta 5 e sabado 6) and n=19552 confirmed by Agencia Brasil (retrieved 15:10:00Z); Gazeta do Povo page for BR-01584/2018 lists 17056 entrevistados (discrepancy, unresolved)"
2018,1,Ibope,2018-10-05,2018-10-06,2018-10-06,3010,BR-01537/2018,Jair Bolsonaro,41,36,7,5,https://agenciabrasil.ebc.com.br/politica/noticia/2018-10/pesquisa-ibope-para-presidente-da-republica | https://especiais.gazetadopovo.com.br/eleicoes/2018/pesquisas-eleitorais/ibope/ibope-bolsonaro-chega-41-dos-votos-validos-haddad-tem-25/,2026-09-29T15:10:02Z,"shares/n/field dates from Agencia Brasil; TSE ID from Gazeta do Povo (retrieved 15:11:02Z), which gives field 4-6 Oct (Agencia Brasil: 5-6 Oct)"
2018,1,Ibope,2018-10-05,2018-10-06,2018-10-06,3010,BR-01537/2018,Fernando Haddad,25,22,7,5,https://agenciabrasil.ebc.com.br/politica/noticia/2018-10/pesquisa-ibope-para-presidente-da-republica | https://especiais.gazetadopovo.com.br/eleicoes/2018/pesquisas-eleitorais/ibope/ibope-bolsonaro-chega-41-dos-votos-validos-haddad-tem-25/,2026-09-29T15:10:02Z,"shares/n/field dates from Agencia Brasil; TSE ID from Gazeta do Povo (retrieved 15:11:02Z), which gives field 4-6 Oct (Agencia Brasil: 5-6 Oct)"
2018,1,Ibope,2018-10-05,2018-10-06,2018-10-06,3010,BR-01537/2018,Ciro Gomes,13,11,7,5,https://agenciabrasil.ebc.com.br/politica/noticia/2018-10/pesquisa-ibope-para-presidente-da-republica | https://especiais.gazetadopovo.com.br/eleicoes/2018/pesquisas-eleitorais/ibope/ibope-bolsonaro-chega-41-dos-votos-validos-haddad-tem-25/,2026-09-29T15:10:02Z,"shares/n/field dates from Agencia Brasil; TSE ID from Gazeta do Povo (retrieved 15:11:02Z), which gives field 4-6 Oct (Agencia Brasil: 5-6 Oct)"
2018,1,Ibope,2018-10-05,2018-10-06,2018-10-06,3010,BR-01537/2018,Geraldo Alckmin,8,7,7,5,https://agenciabrasil.ebc.com.br/politica/noticia/2018-10/pesquisa-ibope-para-presidente-da-republica | https://especiais.gazetadopovo.com.br/eleicoes/2018/pesquisas-eleitorais/ibope/ibope-bolsonaro-chega-41-dos-votos-validos-haddad-tem-25/,2026-09-29T15:10:02Z,"shares/n/field dates from Agencia Brasil; TSE ID from Gazeta do Povo (retrieved 15:11:02Z), which gives field 4-6 Oct (Agencia Brasil: 5-6 Oct)"
2018,1,Ibope,2018-10-05,2018-10-06,2018-10-06,3010,BR-01537/2018,Marina Silva,3,3,7,5,https://agenciabrasil.ebc.com.br/politica/noticia/2018-10/pesquisa-ibope-para-presidente-da-republica | https://especiais.gazetadopovo.com.br/eleicoes/2018/pesquisas-eleitorais/ibope/ibope-bolsonaro-chega-41-dos-votos-validos-haddad-tem-25/,2026-09-29T15:10:02Z,"shares/n/field dates from Agencia Brasil; TSE ID from Gazeta do Povo (retrieved 15:11:02Z), which gives field 4-6 Oct (Agencia Brasil: 5-6 Oct)"
2018,1,Ibope,2018-10-05,2018-10-06,2018-10-06,3010,BR-01537/2018,João Amoêdo,3,2,7,5,https://agenciabrasil.ebc.com.br/politica/noticia/2018-10/pesquisa-ibope-para-presidente-da-republica | https://especiais.gazetadopovo.com.br/eleicoes/2018/pesquisas-eleitorais/ibope/ibope-bolsonaro-chega-41-dos-votos-validos-haddad-tem-25/,2026-09-29T15:10:02Z,"shares/n/field dates from Agencia Brasil; TSE ID from Gazeta do Povo (retrieved 15:11:02Z), which gives field 4-6 Oct (Agencia Brasil: 5-6 Oct)"
2018,1,Ibope,2018-10-05,2018-10-06,2018-10-06,3010,BR-01537/2018,Henrique Meirelles,2,2,7,5,https://agenciabrasil.ebc.com.br/politica/noticia/2018-10/pesquisa-ibope-para-presidente-da-republica | https://especiais.gazetadopovo.com.br/eleicoes/2018/pesquisas-eleitorais/ibope/ibope-bolsonaro-chega-41-dos-votos-validos-haddad-tem-25/,2026-09-29T15:10:02Z,"shares/n/field dates from Agencia Brasil; TSE ID from Gazeta do Povo (retrieved 15:11:02Z), which gives field 4-6 Oct (Agencia Brasil: 5-6 Oct)"
2018,1,Ibope,2018-10-05,2018-10-06,2018-10-06,3010,BR-01537/2018,Cabo Daciolo,2,2,7,5,https://agenciabrasil.ebc.com.br/politica/noticia/2018-10/pesquisa-ibope-para-presidente-da-republica | https://especiais.gazetadopovo.com.br/eleicoes/2018/pesquisas-eleitorais/ibope/ibope-bolsonaro-chega-41-dos-votos-validos-haddad-tem-25/,2026-09-29T15:10:02Z,"shares/n/field dates from Agencia Brasil; TSE ID from Gazeta do Povo (retrieved 15:11:02Z), which gives field 4-6 Oct (Agencia Brasil: 5-6 Oct)"
2018,1,Ibope,2018-10-05,2018-10-06,2018-10-06,3010,BR-01537/2018,Alvaro Dias,2,1,7,5,https://agenciabrasil.ebc.com.br/politica/noticia/2018-10/pesquisa-ibope-para-presidente-da-republica | https://especiais.gazetadopovo.com.br/eleicoes/2018/pesquisas-eleitorais/ibope/ibope-bolsonaro-chega-41-dos-votos-validos-haddad-tem-25/,2026-09-29T15:10:02Z,"shares/n/field dates from Agencia Brasil; TSE ID from Gazeta do Povo (retrieved 15:11:02Z), which gives field 4-6 Oct (Agencia Brasil: 5-6 Oct)"
2018,1,Ibope,2018-10-05,2018-10-06,2018-10-06,3010,BR-01537/2018,Guilherme Boulos,1,1,7,5,https://agenciabrasil.ebc.com.br/politica/noticia/2018-10/pesquisa-ibope-para-presidente-da-republica | https://especiais.gazetadopovo.com.br/eleicoes/2018/pesquisas-eleitorais/ibope/ibope-bolsonaro-chega-41-dos-votos-validos-haddad-tem-25/,2026-09-29T15:10:02Z,"shares/n/field dates from Agencia Brasil; TSE ID from Gazeta do Povo (retrieved 15:11:02Z), which gives field 4-6 Oct (Agencia Brasil: 5-6 Oct)"
2018,1,Ibope,2018-10-05,2018-10-06,2018-10-06,3010,BR-01537/2018,Vera Lúcia,0,0,7,5,https://agenciabrasil.ebc.com.br/politica/noticia/2018-10/pesquisa-ibope-para-presidente-da-republica | https://especiais.gazetadopovo.com.br/eleicoes/2018/pesquisas-eleitorais/ibope/ibope-bolsonaro-chega-41-dos-votos-validos-haddad-tem-25/,2026-09-29T15:10:02Z,"shares/n/field dates from Agencia Brasil; TSE ID from Gazeta do Povo (retrieved 15:11:02Z), which gives field 4-6 Oct (Agencia Brasil: 5-6 Oct); source text: 'nao pontuaram/nao pontuam' (recorded as 0)"
2018,1,Ibope,2018-10-05,2018-10-06,2018-10-06,3010,BR-01537/2018,João Goulart Filho,0,0,7,5,https://agenciabrasil.ebc.com.br/politica/noticia/2018-10/pesquisa-ibope-para-presidente-da-republica | https://especiais.gazetadopovo.com.br/eleicoes/2018/pesquisas-eleitorais/ibope/ibope-bolsonaro-chega-41-dos-votos-validos-haddad-tem-25/,2026-09-29T15:10:02Z,"shares/n/field dates from Agencia Brasil; TSE ID from Gazeta do Povo (retrieved 15:11:02Z), which gives field 4-6 Oct (Agencia Brasil: 5-6 Oct); source text: 'nao pontuaram/nao pontuam' (recorded as 0)"
2018,1,Ibope,2018-10-05,2018-10-06,2018-10-06,3010,BR-01537/2018,José Maria Eymael,0,0,7,5,https://agenciabrasil.ebc.com.br/politica/noticia/2018-10/pesquisa-ibope-para-presidente-da-republica | https://especiais.gazetadopovo.com.br/eleicoes/2018/pesquisas-eleitorais/ibope/ibope-bolsonaro-chega-41-dos-votos-validos-haddad-tem-25/,2026-09-29T15:10:02Z,"shares/n/field dates from Agencia Brasil; TSE ID from Gazeta do Povo (retrieved 15:11:02Z), which gives field 4-6 Oct (Agencia Brasil: 5-6 Oct); source text: 'nao pontuaram/nao pontuam' (recorded as 0)"
2018,2,Datafolha,2018-10-26,2018-10-27,2018-10-27,18371,BR-02460/2018,Jair Bolsonaro,55,47,8,5,https://agenciabrasil.ebc.com.br/politica/noticia/2018-10/datafolha-pesquisa-de-intencao-de-voto-para-presidente,2026-09-29T15:10:34Z,"Agencia Brasil; n=18371 and TSE ID also in Poder360 (https://www.poder360.com.br/eleicoes/ibope-bolsonaro-54-x-46-haddad-datafolha-bolsonaro-55-x-45-haddad/); en.wiki polling page lists 18,731 (digit transposition)"
2018,2,Datafolha,2018-10-26,2018-10-27,2018-10-27,18371,BR-02460/2018,Fernando Haddad,45,39,8,5,https://agenciabrasil.ebc.com.br/politica/noticia/2018-10/datafolha-pesquisa-de-intencao-de-voto-para-presidente,2026-09-29T15:10:34Z,"Agencia Brasil; n=18371 and TSE ID also in Poder360 (https://www.poder360.com.br/eleicoes/ibope-bolsonaro-54-x-46-haddad-datafolha-bolsonaro-55-x-45-haddad/); en.wiki polling page lists 18,731 (digit transposition)"
2018,2,Ibope,2018-10-26,2018-10-27,2018-10-27,3010,BR-02934/2018,Jair Bolsonaro,54,47,10,2,https://www.seudinheiro.com/2018/politica/ibope-bolsonaro-tem-54-dos-votos-validos-e-haddad-46/,2026-09-29T15:11:42Z,Estadao Conteudo text (contracting outlet O Estado de S.Paulo) republished by Seu Dinheiro; valid/total/n/ID also match Poder360 article
2018,2,Ibope,2018-10-26,2018-10-27,2018-10-27,3010,BR-02934/2018,Fernando Haddad,46,41,10,2,https://www.seudinheiro.com/2018/politica/ibope-bolsonaro-tem-54-dos-votos-validos-e-haddad-46/,2026-09-29T15:11:42Z,Estadao Conteudo text (contracting outlet O Estado de S.Paulo) republished by Seu Dinheiro; valid/total/n/ID also match Poder360 article
2022,1,Datafolha,2022-09-30,2022-10-01,2022-10-01,12800,BR-00245/2022,Lula,50,48,3,2,https://g1.globo.com/politica/eleicoes/2022/pesquisa-eleitoral/noticia/2022/10/01/datafolha-votos-validos-lula-50percent-bolsonaro-36percent.ghtml,2026-09-29T15:12:44Z,"G1; n printed as '12,8 mil'; blank_null='Em branco/nulo/nenhum'; valid shares listed only for top 5 (JN article https://g1.globo.com/jornal-nacional/noticia/2022/10/01/datafolha-lula-tem-50percent-dos-votos-validos-e-bolsonaro-36percent.ghtml says 'outros candidatos' 2% of valid)"
2022,1,Datafolha,2022-09-30,2022-10-01,2022-10-01,12800,BR-00245/2022,Jair Bolsonaro,36,34,3,2,https://g1.globo.com/politica/eleicoes/2022/pesquisa-eleitoral/noticia/2022/10/01/datafolha-votos-validos-lula-50percent-bolsonaro-36percent.ghtml,2026-09-29T15:12:44Z,"G1; n printed as '12,8 mil'; blank_null='Em branco/nulo/nenhum'; valid shares listed only for top 5 (JN article https://g1.globo.com/jornal-nacional/noticia/2022/10/01/datafolha-lula-tem-50percent-dos-votos-validos-e-bolsonaro-36percent.ghtml says 'outros candidatos' 2% of valid)"
2022,1,Datafolha,2022-09-30,2022-10-01,2022-10-01,12800,BR-00245/2022,Simone Tebet,6,6,3,2,https://g1.globo.com/politica/eleicoes/2022/pesquisa-eleitoral/noticia/2022/10/01/datafolha-votos-validos-lula-50percent-bolsonaro-36percent.ghtml,2026-09-29T15:12:44Z,"G1; n printed as '12,8 mil'; blank_null='Em branco/nulo/nenhum'; valid shares listed only for top 5 (JN article https://g1.globo.com/jornal-nacional/noticia/2022/10/01/datafolha-lula-tem-50percent-dos-votos-validos-e-bolsonaro-36percent.ghtml says 'outros candidatos' 2% of valid)"
2022,1,Datafolha,2022-09-30,2022-10-01,2022-10-01,12800,BR-00245/2022,Ciro Gomes,5,5,3,2,https://g1.globo.com/politica/eleicoes/2022/pesquisa-eleitoral/noticia/2022/10/01/datafolha-votos-validos-lula-50percent-bolsonaro-36percent.ghtml,2026-09-29T15:12:44Z,"G1; n printed as '12,8 mil'; blank_null='Em branco/nulo/nenhum'; valid shares listed only for top 5 (JN article https://g1.globo.com/jornal-nacional/noticia/2022/10/01/datafolha-lula-tem-50percent-dos-votos-validos-e-bolsonaro-36percent.ghtml says 'outros candidatos' 2% of valid)"
2022,1,Datafolha,2022-09-30,2022-10-01,2022-10-01,12800,BR-00245/2022,Soraya Thronicke,1,1,3,2,https://g1.globo.com/politica/eleicoes/2022/pesquisa-eleitoral/noticia/2022/10/01/datafolha-votos-validos-lula-50percent-bolsonaro-36percent.ghtml,2026-09-29T15:12:44Z,"G1; n printed as '12,8 mil'; blank_null='Em branco/nulo/nenhum'; valid shares listed only for top 5 (JN article https://g1.globo.com/jornal-nacional/noticia/2022/10/01/datafolha-lula-tem-50percent-dos-votos-validos-e-bolsonaro-36percent.ghtml says 'outros candidatos' 2% of valid)"
2022,1,Datafolha,2022-09-30,2022-10-01,2022-10-01,12800,BR-00245/2022,Felipe d'Avila,,1,3,2,https://g1.globo.com/politica/eleicoes/2022/pesquisa-eleitoral/noticia/2022/10/01/datafolha-votos-validos-lula-50percent-bolsonaro-36percent.ghtml,2026-09-29T15:12:44Z,"G1; n printed as '12,8 mil'; blank_null='Em branco/nulo/nenhum'; valid shares listed only for top 5 (JN article https://g1.globo.com/jornal-nacional/noticia/2022/10/01/datafolha-lula-tem-50percent-dos-votos-validos-e-bolsonaro-36percent.ghtml says 'outros candidatos' 2% of valid); valid share not published individually"
2022,1,Datafolha,2022-09-30,2022-10-01,2022-10-01,12800,BR-00245/2022,Sofia Manzano,,0,3,2,https://g1.globo.com/politica/eleicoes/2022/pesquisa-eleitoral/noticia/2022/10/01/datafolha-votos-validos-lula-50percent-bolsonaro-36percent.ghtml,2026-09-29T15:12:44Z,"G1; n printed as '12,8 mil'; blank_null='Em branco/nulo/nenhum'; valid shares listed only for top 5 (JN article https://g1.globo.com/jornal-nacional/noticia/2022/10/01/datafolha-lula-tem-50percent-dos-votos-validos-e-bolsonaro-36percent.ghtml says 'outros candidatos' 2% of valid); valid share not published individually"
2022,1,Datafolha,2022-09-30,2022-10-01,2022-10-01,12800,BR-00245/2022,Vera Lúcia,,0,3,2,https://g1.globo.com/politica/eleicoes/2022/pesquisa-eleitoral/noticia/2022/10/01/datafolha-votos-validos-lula-50percent-bolsonaro-36percent.ghtml,2026-09-29T15:12:44Z,"G1; n printed as '12,8 mil'; blank_null='Em branco/nulo/nenhum'; valid shares listed only for top 5 (JN article https://g1.globo.com/jornal-nacional/noticia/2022/10/01/datafolha-lula-tem-50percent-dos-votos-validos-e-bolsonaro-36percent.ghtml says 'outros candidatos' 2% of valid); valid share not published individually"
2022,1,Datafolha,2022-09-30,2022-10-01,2022-10-01,12800,BR-00245/2022,Léo Péricles,,0,3,2,https://g1.globo.com/politica/eleicoes/2022/pesquisa-eleitoral/noticia/2022/10/01/datafolha-votos-validos-lula-50percent-bolsonaro-36percent.ghtml,2026-09-29T15:12:44Z,"G1; n printed as '12,8 mil'; blank_null='Em branco/nulo/nenhum'; valid shares listed only for top 5 (JN article https://g1.globo.com/jornal-nacional/noticia/2022/10/01/datafolha-lula-tem-50percent-dos-votos-validos-e-bolsonaro-36percent.ghtml says 'outros candidatos' 2% of valid); valid share not published individually"
2022,1,Datafolha,2022-09-30,2022-10-01,2022-10-01,12800,BR-00245/2022,José Maria Eymael,,0,3,2,https://g1.globo.com/politica/eleicoes/2022/pesquisa-eleitoral/noticia/2022/10/01/datafolha-votos-validos-lula-50percent-bolsonaro-36percent.ghtml,2026-09-29T15:12:44Z,"G1; n printed as '12,8 mil'; blank_null='Em branco/nulo/nenhum'; valid shares listed only for top 5 (JN article https://g1.globo.com/jornal-nacional/noticia/2022/10/01/datafolha-lula-tem-50percent-dos-votos-validos-e-bolsonaro-36percent.ghtml says 'outros candidatos' 2% of valid); valid share not published individually"
2022,1,Datafolha,2022-09-30,2022-10-01,2022-10-01,12800,BR-00245/2022,Padre Kelmon,,0,3,2,https://g1.globo.com/politica/eleicoes/2022/pesquisa-eleitoral/noticia/2022/10/01/datafolha-votos-validos-lula-50percent-bolsonaro-36percent.ghtml,2026-09-29T15:12:44Z,"G1; n printed as '12,8 mil'; blank_null='Em branco/nulo/nenhum'; valid shares listed only for top 5 (JN article https://g1.globo.com/jornal-nacional/noticia/2022/10/01/datafolha-lula-tem-50percent-dos-votos-validos-e-bolsonaro-36percent.ghtml says 'outros candidatos' 2% of valid); valid share not published individually"
2022,1,Ipec,2022-09-29,2022-10-01,2022-10-01,3008,BR-00999/2022,Lula,51,47,4,3,https://g1.globo.com/politica/eleicoes/2022/pesquisa-eleitoral/noticia/2022/10/01/ipec-votos-validos-lula-51percent-bolsonaro-37percent.ghtml,2026-09-29T15:13:19Z,G1 (contract: Globo); pt.wiki polling page lists field 25 Sep-1 Oct (article: 29 Sep-1 Oct)
2022,1,Ipec,2022-09-29,2022-10-01,2022-10-01,3008,BR-00999/2022,Jair Bolsonaro,37,34,4,3,https://g1.globo.com/politica/eleicoes/2022/pesquisa-eleitoral/noticia/2022/10/01/ipec-votos-validos-lula-51percent-bolsonaro-37percent.ghtml,2026-09-29T15:13:19Z,G1 (contract: Globo); pt.wiki polling page lists field 25 Sep-1 Oct (article: 29 Sep-1 Oct)
2022,1,Ipec,2022-09-29,2022-10-01,2022-10-01,3008,BR-00999/2022,Ciro Gomes,5,5,4,3,https://g1.globo.com/politica/eleicoes/2022/pesquisa-eleitoral/noticia/2022/10/01/ipec-votos-validos-lula-51percent-bolsonaro-37percent.ghtml,2026-09-29T15:13:19Z,G1 (contract: Globo); pt.wiki polling page lists field 25 Sep-1 Oct (article: 29 Sep-1 Oct)
2022,1,Ipec,2022-09-29,2022-10-01,2022-10-01,3008,BR-00999/2022,Simone Tebet,5,5,4,3,https://g1.globo.com/politica/eleicoes/2022/pesquisa-eleitoral/noticia/2022/10/01/ipec-votos-validos-lula-51percent-bolsonaro-37percent.ghtml,2026-09-29T15:13:19Z,G1 (contract: Globo); pt.wiki polling page lists field 25 Sep-1 Oct (article: 29 Sep-1 Oct)
2022,1,Ipec,2022-09-29,2022-10-01,2022-10-01,3008,BR-00999/2022,Soraya Thronicke,1,1,4,3,https://g1.globo.com/politica/eleicoes/2022/pesquisa-eleitoral/noticia/2022/10/01/ipec-votos-validos-lula-51percent-bolsonaro-37percent.ghtml,2026-09-29T15:13:19Z,G1 (contract: Globo); pt.wiki polling page lists field 25 Sep-1 Oct (article: 29 Sep-1 Oct)
2022,1,Ipec,2022-09-29,2022-10-01,2022-10-01,3008,BR-00999/2022,Felipe d'Avila,1,1,4,3,https://g1.globo.com/politica/eleicoes/2022/pesquisa-eleitoral/noticia/2022/10/01/ipec-votos-validos-lula-51percent-bolsonaro-37percent.ghtml,2026-09-29T15:13:19Z,G1 (contract: Globo); pt.wiki polling page lists field 25 Sep-1 Oct (article: 29 Sep-1 Oct)
2022,1,Ipec,2022-09-29,2022-10-01,2022-10-01,3008,BR-00999/2022,Vera Lúcia,,0,4,3,https://g1.globo.com/politica/eleicoes/2022/pesquisa-eleitoral/noticia/2022/10/01/ipec-votos-validos-lula-51percent-bolsonaro-37percent.ghtml,2026-09-29T15:13:19Z,G1 (contract: Globo); pt.wiki polling page lists field 25 Sep-1 Oct (article: 29 Sep-1 Oct); valid share not published individually
2022,1,Ipec,2022-09-29,2022-10-01,2022-10-01,3008,BR-00999/2022,Léo Péricles,,0,4,3,https://g1.globo.com/politica/eleicoes/2022/pesquisa-eleitoral/noticia/2022/10/01/ipec-votos-validos-lula-51percent-bolsonaro-37percent.ghtml,2026-09-29T15:13:19Z,G1 (contract: Globo); pt.wiki polling page lists field 25 Sep-1 Oct (article: 29 Sep-1 Oct); valid share not published individually
2022,1,Ipec,2022-09-29,2022-10-01,2022-10-01,3008,BR-00999/2022,Padre Kelmon,,0,4,3,https://g1.globo.com/politica/eleicoes/2022/pesquisa-eleitoral/noticia/2022/10/01/ipec-votos-validos-lula-51percent-bolsonaro-37percent.ghtml,2026-09-29T15:13:19Z,G1 (contract: Globo); pt.wiki polling page lists field 25 Sep-1 Oct (article: 29 Sep-1 Oct); valid share not published individually
2022,1,Ipec,2022-09-29,2022-10-01,2022-10-01,3008,BR-00999/2022,Sofia Manzano,,0,4,3,https://g1.globo.com/politica/eleicoes/2022/pesquisa-eleitoral/noticia/2022/10/01/ipec-votos-validos-lula-51percent-bolsonaro-37percent.ghtml,2026-09-29T15:13:19Z,G1 (contract: Globo); pt.wiki polling page lists field 25 Sep-1 Oct (article: 29 Sep-1 Oct); valid share not published individually
2022,1,Ipec,2022-09-29,2022-10-01,2022-10-01,3008,BR-00999/2022,José Maria Eymael,,0,4,3,https://g1.globo.com/politica/eleicoes/2022/pesquisa-eleitoral/noticia/2022/10/01/ipec-votos-validos-lula-51percent-bolsonaro-37percent.ghtml,2026-09-29T15:13:19Z,G1 (contract: Globo); pt.wiki polling page lists field 25 Sep-1 Oct (article: 29 Sep-1 Oct); valid share not published individually
2022,1,Quaest,2022-09-30,2022-10-01,2022-10-01,3600,BR-02444/2022,Lula,49,,,,https://www.cnnbrasil.com.br/politica/pesquisa-quaest-para-presidente-lula-tem-49-dos-votos-validos-e-bolsonaro-38/ | https://www.poder360.com.br/pesquisas/lula-tem-49-dos-votos-validos-e-bolsonaro-38-diz-quaest/,2026-09-29T15:14:11Z,"Genial/Quaest FINAL R1 poll (absent from both pinned Wikipedia polling pages, which stop at 24-27 Sep BR-04371/2022 - Quaest CEO tweet quoted by UOL calls that one 'penultima'); only valid shares in article text; totals/blank/undecided are in full report https://static.poder360.com.br/2022/10/quaest-eleicoes-1-out-relatorio.pdf (vector graphics, not machine-readable here)"
2022,1,Quaest,2022-09-30,2022-10-01,2022-10-01,3600,BR-02444/2022,Jair Bolsonaro,38,,,,https://www.cnnbrasil.com.br/politica/pesquisa-quaest-para-presidente-lula-tem-49-dos-votos-validos-e-bolsonaro-38/ | https://www.poder360.com.br/pesquisas/lula-tem-49-dos-votos-validos-e-bolsonaro-38-diz-quaest/,2026-09-29T15:14:11Z,"Genial/Quaest FINAL R1 poll (absent from both pinned Wikipedia polling pages, which stop at 24-27 Sep BR-04371/2022 - Quaest CEO tweet quoted by UOL calls that one 'penultima'); only valid shares in article text; totals/blank/undecided are in full report https://static.poder360.com.br/2022/10/quaest-eleicoes-1-out-relatorio.pdf (vector graphics, not machine-readable here)"
2022,1,Quaest,2022-09-30,2022-10-01,2022-10-01,3600,BR-02444/2022,Ciro Gomes,6,,,,https://www.cnnbrasil.com.br/politica/pesquisa-quaest-para-presidente-lula-tem-49-dos-votos-validos-e-bolsonaro-38/ | https://www.poder360.com.br/pesquisas/lula-tem-49-dos-votos-validos-e-bolsonaro-38-diz-quaest/,2026-09-29T15:14:11Z,"Genial/Quaest FINAL R1 poll (absent from both pinned Wikipedia polling pages, which stop at 24-27 Sep BR-04371/2022 - Quaest CEO tweet quoted by UOL calls that one 'penultima'); only valid shares in article text; totals/blank/undecided are in full report https://static.poder360.com.br/2022/10/quaest-eleicoes-1-out-relatorio.pdf (vector graphics, not machine-readable here)"
2022,1,Quaest,2022-09-30,2022-10-01,2022-10-01,3600,BR-02444/2022,Simone Tebet,5,,,,https://www.cnnbrasil.com.br/politica/pesquisa-quaest-para-presidente-lula-tem-49-dos-votos-validos-e-bolsonaro-38/ | https://www.poder360.com.br/pesquisas/lula-tem-49-dos-votos-validos-e-bolsonaro-38-diz-quaest/,2026-09-29T15:14:11Z,"Genial/Quaest FINAL R1 poll (absent from both pinned Wikipedia polling pages, which stop at 24-27 Sep BR-04371/2022 - Quaest CEO tweet quoted by UOL calls that one 'penultima'); only valid shares in article text; totals/blank/undecided are in full report https://static.poder360.com.br/2022/10/quaest-eleicoes-1-out-relatorio.pdf (vector graphics, not machine-readable here)"
2022,1,Quaest,2022-09-30,2022-10-01,2022-10-01,3600,BR-02444/2022,Felipe d'Avila,1,,,,https://www.cnnbrasil.com.br/politica/pesquisa-quaest-para-presidente-lula-tem-49-dos-votos-validos-e-bolsonaro-38/ | https://www.poder360.com.br/pesquisas/lula-tem-49-dos-votos-validos-e-bolsonaro-38-diz-quaest/,2026-09-29T15:14:11Z,"Genial/Quaest FINAL R1 poll (absent from both pinned Wikipedia polling pages, which stop at 24-27 Sep BR-04371/2022 - Quaest CEO tweet quoted by UOL calls that one 'penultima'); only valid shares in article text; totals/blank/undecided are in full report https://static.poder360.com.br/2022/10/quaest-eleicoes-1-out-relatorio.pdf (vector graphics, not machine-readable here)"
2022,1,Quaest,2022-09-30,2022-10-01,2022-10-01,3600,BR-02444/2022,Soraya Thronicke,1,,,,https://www.cnnbrasil.com.br/politica/pesquisa-quaest-para-presidente-lula-tem-49-dos-votos-validos-e-bolsonaro-38/ | https://www.poder360.com.br/pesquisas/lula-tem-49-dos-votos-validos-e-bolsonaro-38-diz-quaest/,2026-09-29T15:14:11Z,"Genial/Quaest FINAL R1 poll (absent from both pinned Wikipedia polling pages, which stop at 24-27 Sep BR-04371/2022 - Quaest CEO tweet quoted by UOL calls that one 'penultima'); only valid shares in article text; totals/blank/undecided are in full report https://static.poder360.com.br/2022/10/quaest-eleicoes-1-out-relatorio.pdf (vector graphics, not machine-readable here)"
2022,1,Quaest,2022-09-30,2022-10-01,2022-10-01,3600,BR-02444/2022,Vera Lúcia,0,,,,https://www.cnnbrasil.com.br/politica/pesquisa-quaest-para-presidente-lula-tem-49-dos-votos-validos-e-bolsonaro-38/ | https://www.poder360.com.br/pesquisas/lula-tem-49-dos-votos-validos-e-bolsonaro-38-diz-quaest/,2026-09-29T15:14:11Z,"Genial/Quaest FINAL R1 poll (absent from both pinned Wikipedia polling pages, which stop at 24-27 Sep BR-04371/2022 - Quaest CEO tweet quoted by UOL calls that one 'penultima'); only valid shares in article text; totals/blank/undecided are in full report https://static.poder360.com.br/2022/10/quaest-eleicoes-1-out-relatorio.pdf (vector graphics, not machine-readable here); source text: 'nao pontuaram/nao pontuam' (recorded as 0)"
2022,1,Quaest,2022-09-30,2022-10-01,2022-10-01,3600,BR-02444/2022,Sofia Manzano,0,,,,https://www.cnnbrasil.com.br/politica/pesquisa-quaest-para-presidente-lula-tem-49-dos-votos-validos-e-bolsonaro-38/ | https://www.poder360.com.br/pesquisas/lula-tem-49-dos-votos-validos-e-bolsonaro-38-diz-quaest/,2026-09-29T15:14:11Z,"Genial/Quaest FINAL R1 poll (absent from both pinned Wikipedia polling pages, which stop at 24-27 Sep BR-04371/2022 - Quaest CEO tweet quoted by UOL calls that one 'penultima'); only valid shares in article text; totals/blank/undecided are in full report https://static.poder360.com.br/2022/10/quaest-eleicoes-1-out-relatorio.pdf (vector graphics, not machine-readable here); source text: 'nao pontuaram/nao pontuam' (recorded as 0)"
2022,1,Quaest,2022-09-30,2022-10-01,2022-10-01,3600,BR-02444/2022,Padre Kelmon,0,,,,https://www.cnnbrasil.com.br/politica/pesquisa-quaest-para-presidente-lula-tem-49-dos-votos-validos-e-bolsonaro-38/ | https://www.poder360.com.br/pesquisas/lula-tem-49-dos-votos-validos-e-bolsonaro-38-diz-quaest/,2026-09-29T15:14:11Z,"Genial/Quaest FINAL R1 poll (absent from both pinned Wikipedia polling pages, which stop at 24-27 Sep BR-04371/2022 - Quaest CEO tweet quoted by UOL calls that one 'penultima'); only valid shares in article text; totals/blank/undecided are in full report https://static.poder360.com.br/2022/10/quaest-eleicoes-1-out-relatorio.pdf (vector graphics, not machine-readable here); source text: 'nao pontuaram/nao pontuam' (recorded as 0)"
2022,1,Quaest,2022-09-30,2022-10-01,2022-10-01,3600,BR-02444/2022,Léo Péricles,0,,,,https://www.cnnbrasil.com.br/politica/pesquisa-quaest-para-presidente-lula-tem-49-dos-votos-validos-e-bolsonaro-38/ | https://www.poder360.com.br/pesquisas/lula-tem-49-dos-votos-validos-e-bolsonaro-38-diz-quaest/,2026-09-29T15:14:11Z,"Genial/Quaest FINAL R1 poll (absent from both pinned Wikipedia polling pages, which stop at 24-27 Sep BR-04371/2022 - Quaest CEO tweet quoted by UOL calls that one 'penultima'); only valid shares in article text; totals/blank/undecided are in full report https://static.poder360.com.br/2022/10/quaest-eleicoes-1-out-relatorio.pdf (vector graphics, not machine-readable here); source text: 'nao pontuaram/nao pontuam' (recorded as 0)"
2022,1,Quaest,2022-09-30,2022-10-01,2022-10-01,3600,BR-02444/2022,José Maria Eymael,0,,,,https://www.cnnbrasil.com.br/politica/pesquisa-quaest-para-presidente-lula-tem-49-dos-votos-validos-e-bolsonaro-38/ | https://www.poder360.com.br/pesquisas/lula-tem-49-dos-votos-validos-e-bolsonaro-38-diz-quaest/,2026-09-29T15:14:11Z,"Genial/Quaest FINAL R1 poll (absent from both pinned Wikipedia polling pages, which stop at 24-27 Sep BR-04371/2022 - Quaest CEO tweet quoted by UOL calls that one 'penultima'); only valid shares in article text; totals/blank/undecided are in full report https://static.poder360.com.br/2022/10/quaest-eleicoes-1-out-relatorio.pdf (vector graphics, not machine-readable here); source text: 'nao pontuaram/nao pontuam' (recorded as 0)"
2022,1,AtlasIntel,2022-09-28,2022-09-30,2022-10-01,4500,BR-07338/2022,Lula,50.3,49.8,1.0,,https://www.cnnbrasil.com.br/politica/pesquisa-atlas-presidencial-lula-tem-503-dos-votos-validos-bolsonaro-411/,2026-09-29T15:13:28Z,CNN Brasil (article text says 'face a face'); blank_null_pct is COMBINED 'Branco/Nulo/Nao sabem' (undecided not separable)
2022,1,AtlasIntel,2022-09-28,2022-09-30,2022-10-01,4500,BR-07338/2022,Jair Bolsonaro,41.1,40.7,1.0,,https://www.cnnbrasil.com.br/politica/pesquisa-atlas-presidencial-lula-tem-503-dos-votos-validos-bolsonaro-411/,2026-09-29T15:13:28Z,CNN Brasil (article text says 'face a face'); blank_null_pct is COMBINED 'Branco/Nulo/Nao sabem' (undecided not separable)
2022,1,AtlasIntel,2022-09-28,2022-09-30,2022-10-01,4500,BR-07338/2022,Ciro Gomes,4.0,3.9,1.0,,https://www.cnnbrasil.com.br/politica/pesquisa-atlas-presidencial-lula-tem-503-dos-votos-validos-bolsonaro-411/,2026-09-29T15:13:28Z,CNN Brasil (article text says 'face a face'); blank_null_pct is COMBINED 'Branco/Nulo/Nao sabem' (undecided not separable)
2022,1,AtlasIntel,2022-09-28,2022-09-30,2022-10-01,4500,BR-07338/2022,Simone Tebet,2.7,2.6,1.0,,https://www.cnnbrasil.com.br/politica/pesquisa-atlas-presidencial-lula-tem-503-dos-votos-validos-bolsonaro-411/,2026-09-29T15:13:28Z,CNN Brasil (article text says 'face a face'); blank_null_pct is COMBINED 'Branco/Nulo/Nao sabem' (undecided not separable)
2022,1,AtlasIntel,2022-09-28,2022-09-30,2022-10-01,4500,BR-07338/2022,Felipe d'Avila,0.8,0.8,1.0,,https://www.cnnbrasil.com.br/politica/pesquisa-atlas-presidencial-lula-tem-503-dos-votos-validos-bolsonaro-411/,2026-09-29T15:13:28Z,CNN Brasil (article text says 'face a face'); blank_null_pct is COMBINED 'Branco/Nulo/Nao sabem' (undecided not separable)
2022,1,AtlasIntel,2022-09-28,2022-09-30,2022-10-01,4500,BR-07338/2022,Soraya Thronicke,0.7,0.7,1.0,,https://www.cnnbrasil.com.br/politica/pesquisa-atlas-presidencial-lula-tem-503-dos-votos-validos-bolsonaro-411/,2026-09-29T15:13:28Z,CNN Brasil (article text says 'face a face'); blank_null_pct is COMBINED 'Branco/Nulo/Nao sabem' (undecided not separable)
2022,1,AtlasIntel,2022-09-28,2022-09-30,2022-10-01,4500,BR-07338/2022,Padre Kelmon,0.3,0.3,1.0,,https://www.cnnbrasil.com.br/politica/pesquisa-atlas-presidencial-lula-tem-503-dos-votos-validos-bolsonaro-411/,2026-09-29T15:13:28Z,CNN Brasil (article text says 'face a face'); blank_null_pct is COMBINED 'Branco/Nulo/Nao sabem' (undecided not separable)
2022,1,AtlasIntel,2022-09-28,2022-09-30,2022-10-01,4500,BR-07338/2022,José Maria Eymael,0,0,1.0,,https://www.cnnbrasil.com.br/politica/pesquisa-atlas-presidencial-lula-tem-503-dos-votos-validos-bolsonaro-411/,2026-09-29T15:13:28Z,CNN Brasil (article text says 'face a face'); blank_null_pct is COMBINED 'Branco/Nulo/Nao sabem' (undecided not separable)
2022,1,AtlasIntel,2022-09-28,2022-09-30,2022-10-01,4500,BR-07338/2022,Léo Péricles,0,0,1.0,,https://www.cnnbrasil.com.br/politica/pesquisa-atlas-presidencial-lula-tem-503-dos-votos-validos-bolsonaro-411/,2026-09-29T15:13:28Z,CNN Brasil (article text says 'face a face'); blank_null_pct is COMBINED 'Branco/Nulo/Nao sabem' (undecided not separable)
2022,1,AtlasIntel,2022-09-28,2022-09-30,2022-10-01,4500,BR-07338/2022,Sofia Manzano,0,0,1.0,,https://www.cnnbrasil.com.br/politica/pesquisa-atlas-presidencial-lula-tem-503-dos-votos-validos-bolsonaro-411/,2026-09-29T15:13:28Z,CNN Brasil (article text says 'face a face'); blank_null_pct is COMBINED 'Branco/Nulo/Nao sabem' (undecided not separable)
2022,1,AtlasIntel,2022-09-28,2022-09-30,2022-10-01,4500,BR-07338/2022,Vera Lúcia,0,0,1.0,,https://www.cnnbrasil.com.br/politica/pesquisa-atlas-presidencial-lula-tem-503-dos-votos-validos-bolsonaro-411/,2026-09-29T15:13:28Z,CNN Brasil (article text says 'face a face'); blank_null_pct is COMBINED 'Branco/Nulo/Nao sabem' (undecided not separable)
2022,2,Datafolha,2022-10-28,2022-10-29,2022-10-29,8308,BR-08297/2022,Lula,52,49,4,2,"https://www.terra.com.br/noticias/eleicoes/datafolha-lula-tem-52-dos-votos-validos-bolsonaro-48,c58a5e22a2a13f76ccc2fe69283fdd2d7egn9ly0.html",2026-09-29T15:16:23Z,"Terra (Redacao Terra); n printed as '8.308 mil pessoas' (typo for 8,308); G1/Folha original not located"
2022,2,Datafolha,2022-10-28,2022-10-29,2022-10-29,8308,BR-08297/2022,Jair Bolsonaro,48,45,4,2,"https://www.terra.com.br/noticias/eleicoes/datafolha-lula-tem-52-dos-votos-validos-bolsonaro-48,c58a5e22a2a13f76ccc2fe69283fdd2d7egn9ly0.html",2026-09-29T15:16:23Z,"Terra (Redacao Terra); n printed as '8.308 mil pessoas' (typo for 8,308); G1/Folha original not located"
2022,2,Ipec,2022-10-27,2022-10-29,2022-10-29,4272,BR-05256/12 (sic),Lula,54,50,5,2,https://g1.globo.com/politica/eleicoes/2022/pesquisa-eleitoral/noticia/2022/10/29/ipec-lula-tem-54percent-dos-votos-validos-2o-turno-e-bolsonaro-46percent.ghtml,2026-09-29T15:16:03Z,G1; TSE ID printed on page as 'BR-05256/12' (apparent typo; presumably BR-05256/2022 - unverified)
2022,2,Ipec,2022-10-27,2022-10-29,2022-10-29,4272,BR-05256/12 (sic),Jair Bolsonaro,46,43,5,2,https://g1.globo.com/politica/eleicoes/2022/pesquisa-eleitoral/noticia/2022/10/29/ipec-lula-tem-54percent-dos-votos-validos-2o-turno-e-bolsonaro-46percent.ghtml,2026-09-29T15:16:03Z,G1; TSE ID printed on page as 'BR-05256/12' (apparent typo; presumably BR-05256/2022 - unverified)
2022,2,Quaest,2022-10-28,2022-10-29,2022-10-29,2000,BR-05765/2022,Lula,52,46,6,5,https://www.cnnbrasil.com.br/politica/pesquisa-quaest-para-presidente-lula-tem-dos-votos-validos-bolsonaro/,2026-09-29T15:16:41Z,CNN Brasil; blank_null='Brancos/Nulos/Nao vao votar'
2022,2,Quaest,2022-10-28,2022-10-29,2022-10-29,2000,BR-05765/2022,Jair Bolsonaro,48,43,6,5,https://www.cnnbrasil.com.br/politica/pesquisa-quaest-para-presidente-lula-tem-dos-votos-validos-bolsonaro/,2026-09-29T15:16:41Z,CNN Brasil; blank_null='Brancos/Nulos/Nao vao votar'
2022,2,AtlasIntel,2022-10-26,2022-10-29,2022-10-29,7500,BR-04838/2022,Lula,53.4,52.4,1.9,,https://exame.com/brasil/pesquisa-eleitoral-atlas-intel-29-outubro/,2026-09-29T15:16:49Z,Exame (embeds @atlaspolitico post); blank_null_pct is COMBINED 'Branco e nulo / nao sabe'
2022,2,AtlasIntel,2022-10-26,2022-10-29,2022-10-29,7500,BR-04838/2022,Jair Bolsonaro,46.6,45.7,1.9,,https://exame.com/brasil/pesquisa-eleitoral-atlas-intel-29-outubro/,2026-09-29T15:16:49Z,Exame (embeds @atlaspolitico post); blank_null_pct is COMBINED 'Branco e nulo / nao sabe'
