election,round,election_date,candidate,votes,valid_vote_share_pct,total_valid_votes,blank_votes,null_votes,source_url,source_revision,retrieved_utc,notes
2014,1,2014-10-05,Dilma Rousseff,43267668,41.59,104023802,4420489,6678592,https://en.wikipedia.org/w/index.php?title=2014_Brazilian_general_election&oldid=1369923991,1369923991,2026-09-29T15:04:53Z,en.wiki table 'Source: Election Resources'; candidate votes sum=104023802 equals total_valid_votes; published shares sum=100.01; blank/null from Election Resources http://www.electionresources.org/br/president.php?election=2014 retrieved 2026-09-29T15:06:57Z (sum equals en.wiki 'Invalid/blank votes' 11099081); pt.wiki oldid 73048880 lists R1 blank 4420488/null 6678580 and R1 valid 104023543 (inconsistent with its own candidate rows)
2014,1,2014-10-05,Aécio Neves,34897211,33.55,104023802,4420489,6678592,https://en.wikipedia.org/w/index.php?title=2014_Brazilian_general_election&oldid=1369923991,1369923991,2026-09-29T15:04:53Z,en.wiki table 'Source: Election Resources'; candidate votes sum=104023802 equals total_valid_votes; published shares sum=100.01; blank/null from Election Resources http://www.electionresources.org/br/president.php?election=2014 retrieved 2026-09-29T15:06:57Z (sum equals en.wiki 'Invalid/blank votes' 11099081); pt.wiki oldid 73048880 lists R1 blank 4420488/null 6678580 and R1 valid 104023543 (inconsistent with its own candidate rows)
2014,1,2014-10-05,Marina Silva,22176619,21.32,104023802,4420489,6678592,https://en.wikipedia.org/w/index.php?title=2014_Brazilian_general_election&oldid=1369923991,1369923991,2026-09-29T15:04:53Z,en.wiki table 'Source: Election Resources'; candidate votes sum=104023802 equals total_valid_votes; published shares sum=100.01; blank/null from Election Resources http://www.electionresources.org/br/president.php?election=2014 retrieved 2026-09-29T15:06:57Z (sum equals en.wiki 'Invalid/blank votes' 11099081); pt.wiki oldid 73048880 lists R1 blank 4420488/null 6678580 and R1 valid 104023543 (inconsistent with its own candidate rows)
2014,1,2014-10-05,Luciana Genro,1612186,1.55,104023802,4420489,6678592,https://en.wikipedia.org/w/index.php?title=2014_Brazilian_general_election&oldid=1369923991,1369923991,2026-09-29T15:04:53Z,en.wiki table 'Source: Election Resources'; candidate votes sum=104023802 equals total_valid_votes; published shares sum=100.01; blank/null from Election Resources http://www.electionresources.org/br/president.php?election=2014 retrieved 2026-09-29T15:06:57Z (sum equals en.wiki 'Invalid/blank votes' 11099081); pt.wiki oldid 73048880 lists R1 blank 4420488/null 6678580 and R1 valid 104023543 (inconsistent with its own candidate rows)
2014,1,2014-10-05,Pastor Everaldo,780513,0.75,104023802,4420489,6678592,https://en.wikipedia.org/w/index.php?title=2014_Brazilian_general_election&oldid=1369923991,1369923991,2026-09-29T15:04:53Z,en.wiki table 'Source: Election Resources'; candidate votes sum=104023802 equals total_valid_votes; published shares sum=100.01; listed on source as 'Everaldo Pereira'; blank/null from Election Resources http://www.electionresources.org/br/president.php?election=2014 retrieved 2026-09-29T15:06:57Z (sum equals en.wiki 'Invalid/blank votes' 11099081); pt.wiki oldid 73048880 lists R1 blank 4420488/null 6678580 and R1 valid 104023543 (inconsistent with its own candidate rows)
2014,1,2014-10-05,Eduardo Jorge,630099,0.61,104023802,4420489,6678592,https://en.wikipedia.org/w/index.php?title=2014_Brazilian_general_election&oldid=1369923991,1369923991,2026-09-29T15:04:53Z,en.wiki table 'Source: Election Resources'; candidate votes sum=104023802 equals total_valid_votes; published shares sum=100.01; blank/null from Election Resources http://www.electionresources.org/br/president.php?election=2014 retrieved 2026-09-29T15:06:57Z (sum equals en.wiki 'Invalid/blank votes' 11099081); pt.wiki oldid 73048880 lists R1 blank 4420488/null 6678580 and R1 valid 104023543 (inconsistent with its own candidate rows)
2014,1,2014-10-05,Levy Fidelix,446878,0.43,104023802,4420489,6678592,https://en.wikipedia.org/w/index.php?title=2014_Brazilian_general_election&oldid=1369923991,1369923991,2026-09-29T15:04:53Z,en.wiki table 'Source: Election Resources'; candidate votes sum=104023802 equals total_valid_votes; published shares sum=100.01; blank/null from Election Resources http://www.electionresources.org/br/president.php?election=2014 retrieved 2026-09-29T15:06:57Z (sum equals en.wiki 'Invalid/blank votes' 11099081); pt.wiki oldid 73048880 lists R1 blank 4420488/null 6678580 and R1 valid 104023543 (inconsistent with its own candidate rows)
2014,1,2014-10-05,Zé Maria,91209,0.09,104023802,4420489,6678592,https://en.wikipedia.org/w/index.php?title=2014_Brazilian_general_election&oldid=1369923991,1369923991,2026-09-29T15:04:53Z,en.wiki table 'Source: Election Resources'; candidate votes sum=104023802 equals total_valid_votes; published shares sum=100.01; listed on source as 'José Maria de Almeida'; blank/null from Election Resources http://www.electionresources.org/br/president.php?election=2014 retrieved 2026-09-29T15:06:57Z (sum equals en.wiki 'Invalid/blank votes' 11099081); pt.wiki oldid 73048880 lists R1 blank 4420488/null 6678580 and R1 valid 104023543 (inconsistent with its own candidate rows)
2014,1,2014-10-05,José Maria Eymael,61250,0.06,104023802,4420489,6678592,https://en.wikipedia.org/w/index.php?title=2014_Brazilian_general_election&oldid=1369923991,1369923991,2026-09-29T15:04:53Z,en.wiki table 'Source: Election Resources'; candidate votes sum=104023802 equals total_valid_votes; published shares sum=100.01; blank/null from Election Resources http://www.electionresources.org/br/president.php?election=2014 retrieved 2026-09-29T15:06:57Z (sum equals en.wiki 'Invalid/blank votes' 11099081); pt.wiki oldid 73048880 lists R1 blank 4420488/null 6678580 and R1 valid 104023543 (inconsistent with its own candidate rows)
2014,1,2014-10-05,Mauro Iasi,47845,0.05,104023802,4420489,6678592,https://en.wikipedia.org/w/index.php?title=2014_Brazilian_general_election&oldid=1369923991,1369923991,2026-09-29T15:04:53Z,en.wiki table 'Source: Election Resources'; candidate votes sum=104023802 equals total_valid_votes; published shares sum=100.01; blank/null from Election Resources http://www.electionresources.org/br/president.php?election=2014 retrieved 2026-09-29T15:06:57Z (sum equals en.wiki 'Invalid/blank votes' 11099081); pt.wiki oldid 73048880 lists R1 blank 4420488/null 6678580 and R1 valid 104023543 (inconsistent with its own candidate rows)
2014,1,2014-10-05,Rui Costa Pimenta,12324,0.01,104023802,4420489,6678592,https://en.wikipedia.org/w/index.php?title=2014_Brazilian_general_election&oldid=1369923991,1369923991,2026-09-29T15:04:53Z,en.wiki table 'Source: Election Resources'; candidate votes sum=104023802 equals total_valid_votes; published shares sum=100.01; blank/null from Election Resources http://www.electionresources.org/br/president.php?election=2014 retrieved 2026-09-29T15:06:57Z (sum equals en.wiki 'Invalid/blank votes' 11099081); pt.wiki oldid 73048880 lists R1 blank 4420488/null 6678580 and R1 valid 104023543 (inconsistent with its own candidate rows)
2014,2,2014-10-26,Dilma Rousseff,54501118,51.64,105542273,1921819,5219787,https://en.wikipedia.org/w/index.php?title=2014_Brazilian_general_election&oldid=1369923991,1369923991,2026-09-29T15:04:53Z,en.wiki table 'Source: Election Resources'; candidate votes sum=105542273 equals total_valid_votes; published shares sum=100.00; blank/null from Election Resources http://www.electionresources.org/br/president.php?election=2014 retrieved 2026-09-29T15:06:57Z (sum equals en.wiki 'Invalid/blank votes' 7141606); pt.wiki oldid 73048880 agrees
2014,2,2014-10-26,Aécio Neves,51041155,48.36,105542273,1921819,5219787,https://en.wikipedia.org/w/index.php?title=2014_Brazilian_general_election&oldid=1369923991,1369923991,2026-09-29T15:04:53Z,en.wiki table 'Source: Election Resources'; candidate votes sum=105542273 equals total_valid_votes; published shares sum=100.00; blank/null from Election Resources http://www.electionresources.org/br/president.php?election=2014 retrieved 2026-09-29T15:06:57Z (sum equals en.wiki 'Invalid/blank votes' 7141606); pt.wiki oldid 73048880 agrees
2018,1,2018-10-07,Jair Bolsonaro,49277010,46.03,107050749,3106937,7206222,https://en.wikipedia.org/w/index.php?title=2018_Brazilian_general_election&oldid=1361748195,1361748195,2026-09-29T15:04:55Z,en.wiki table 'Source: TSE'; candidate votes sum=107050749 equals total_valid_votes; published shares sum=100.00; blank/null from pt.wiki https://pt.wikipedia.org/w/index.php?title=Elei%C3%A7%C3%A3o_presidencial_no_Brasil_em_2018&oldid=73064323 retrieved 2026-09-29T15:05:47Z (sum equals en.wiki 'Invalid/blank votes' 10313159; Election Resources agrees); pt.wiki lists Bolsonaro R1 as 49276990 (inconsistent with its own valid total) and 746 pending votes
2018,1,2018-10-07,Fernando Haddad,31342051,29.28,107050749,3106937,7206222,https://en.wikipedia.org/w/index.php?title=2018_Brazilian_general_election&oldid=1361748195,1361748195,2026-09-29T15:04:55Z,en.wiki table 'Source: TSE'; candidate votes sum=107050749 equals total_valid_votes; published shares sum=100.00; blank/null from pt.wiki https://pt.wikipedia.org/w/index.php?title=Elei%C3%A7%C3%A3o_presidencial_no_Brasil_em_2018&oldid=73064323 retrieved 2026-09-29T15:05:47Z (sum equals en.wiki 'Invalid/blank votes' 10313159; Election Resources agrees); pt.wiki lists Bolsonaro R1 as 49276990 (inconsistent with its own valid total) and 746 pending votes
2018,1,2018-10-07,Ciro Gomes,13344371,12.47,107050749,3106937,7206222,https://en.wikipedia.org/w/index.php?title=2018_Brazilian_general_election&oldid=1361748195,1361748195,2026-09-29T15:04:55Z,en.wiki table 'Source: TSE'; candidate votes sum=107050749 equals total_valid_votes; published shares sum=100.00; blank/null from pt.wiki https://pt.wikipedia.org/w/index.php?title=Elei%C3%A7%C3%A3o_presidencial_no_Brasil_em_2018&oldid=73064323 retrieved 2026-09-29T15:05:47Z (sum equals en.wiki 'Invalid/blank votes' 10313159; Election Resources agrees); pt.wiki lists Bolsonaro R1 as 49276990 (inconsistent with its own valid total) and 746 pending votes
2018,1,2018-10-07,Geraldo Alckmin,5096350,4.76,107050749,3106937,7206222,https://en.wikipedia.org/w/index.php?title=2018_Brazilian_general_election&oldid=1361748195,1361748195,2026-09-29T15:04:55Z,en.wiki table 'Source: TSE'; candidate votes sum=107050749 equals total_valid_votes; published shares sum=100.00; blank/null from pt.wiki https://pt.wikipedia.org/w/index.php?title=Elei%C3%A7%C3%A3o_presidencial_no_Brasil_em_2018&oldid=73064323 retrieved 2026-09-29T15:05:47Z (sum equals en.wiki 'Invalid/blank votes' 10313159; Election Resources agrees); pt.wiki lists Bolsonaro R1 as 49276990 (inconsistent with its own valid total) and 746 pending votes
2018,1,2018-10-07,João Amoêdo,2679745,2.50,107050749,3106937,7206222,https://en.wikipedia.org/w/index.php?title=2018_Brazilian_general_election&oldid=1361748195,1361748195,2026-09-29T15:04:55Z,en.wiki table 'Source: TSE'; candidate votes sum=107050749 equals total_valid_votes; published shares sum=100.00; blank/null from pt.wiki https://pt.wikipedia.org/w/index.php?title=Elei%C3%A7%C3%A3o_presidencial_no_Brasil_em_2018&oldid=73064323 retrieved 2026-09-29T15:05:47Z (sum equals en.wiki 'Invalid/blank votes' 10313159; Election Resources agrees); pt.wiki lists Bolsonaro R1 as 49276990 (inconsistent with its own valid total) and 746 pending votes
2018,1,2018-10-07,Cabo Daciolo,1348323,1.26,107050749,3106937,7206222,https://en.wikipedia.org/w/index.php?title=2018_Brazilian_general_election&oldid=1361748195,1361748195,2026-09-29T15:04:55Z,en.wiki table 'Source: TSE'; candidate votes sum=107050749 equals total_valid_votes; published shares sum=100.00; blank/null from pt.wiki https://pt.wikipedia.org/w/index.php?title=Elei%C3%A7%C3%A3o_presidencial_no_Brasil_em_2018&oldid=73064323 retrieved 2026-09-29T15:05:47Z (sum equals en.wiki 'Invalid/blank votes' 10313159; Election Resources agrees); pt.wiki lists Bolsonaro R1 as 49276990 (inconsistent with its own valid total) and 746 pending votes
2018,1,2018-10-07,Henrique Meirelles,1288950,1.20,107050749,3106937,7206222,https://en.wikipedia.org/w/index.php?title=2018_Brazilian_general_election&oldid=1361748195,1361748195,2026-09-29T15:04:55Z,en.wiki table 'Source: TSE'; candidate votes sum=107050749 equals total_valid_votes; published shares sum=100.00; blank/null from pt.wiki https://pt.wikipedia.org/w/index.php?title=Elei%C3%A7%C3%A3o_presidencial_no_Brasil_em_2018&oldid=73064323 retrieved 2026-09-29T15:05:47Z (sum equals en.wiki 'Invalid/blank votes' 10313159; Election Resources agrees); pt.wiki lists Bolsonaro R1 as 49276990 (inconsistent with its own valid total) and 746 pending votes
2018,1,2018-10-07,Marina Silva,1069578,1.00,107050749,3106937,7206222,https://en.wikipedia.org/w/index.php?title=2018_Brazilian_general_election&oldid=1361748195,1361748195,2026-09-29T15:04:55Z,en.wiki table 'Source: TSE'; candidate votes sum=107050749 equals total_valid_votes; published shares sum=100.00; blank/null from pt.wiki https://pt.wikipedia.org/w/index.php?title=Elei%C3%A7%C3%A3o_presidencial_no_Brasil_em_2018&oldid=73064323 retrieved 2026-09-29T15:05:47Z (sum equals en.wiki 'Invalid/blank votes' 10313159; Election Resources agrees); pt.wiki lists Bolsonaro R1 as 49276990 (inconsistent with its own valid total) and 746 pending votes
2018,1,2018-10-07,Alvaro Dias,859601,0.80,107050749,3106937,7206222,https://en.wikipedia.org/w/index.php?title=2018_Brazilian_general_election&oldid=1361748195,1361748195,2026-09-29T15:04:55Z,en.wiki table 'Source: TSE'; candidate votes sum=107050749 equals total_valid_votes; published shares sum=100.00; blank/null from pt.wiki https://pt.wikipedia.org/w/index.php?title=Elei%C3%A7%C3%A3o_presidencial_no_Brasil_em_2018&oldid=73064323 retrieved 2026-09-29T15:05:47Z (sum equals en.wiki 'Invalid/blank votes' 10313159; Election Resources agrees); pt.wiki lists Bolsonaro R1 as 49276990 (inconsistent with its own valid total) and 746 pending votes
2018,1,2018-10-07,Guilherme Boulos,617122,0.58,107050749,3106937,7206222,https://en.wikipedia.org/w/index.php?title=2018_Brazilian_general_election&oldid=1361748195,1361748195,2026-09-29T15:04:55Z,en.wiki table 'Source: TSE'; candidate votes sum=107050749 equals total_valid_votes; published shares sum=100.00; blank/null from pt.wiki https://pt.wikipedia.org/w/index.php?title=Elei%C3%A7%C3%A3o_presidencial_no_Brasil_em_2018&oldid=73064323 retrieved 2026-09-29T15:05:47Z (sum equals en.wiki 'Invalid/blank votes' 10313159; Election Resources agrees); pt.wiki lists Bolsonaro R1 as 49276990 (inconsistent with its own valid total) and 746 pending votes
2018,1,2018-10-07,Vera Lúcia,55762,0.05,107050749,3106937,7206222,https://en.wikipedia.org/w/index.php?title=2018_Brazilian_general_election&oldid=1361748195,1361748195,2026-09-29T15:04:55Z,en.wiki table 'Source: TSE'; candidate votes sum=107050749 equals total_valid_votes; published shares sum=100.00; blank/null from pt.wiki https://pt.wikipedia.org/w/index.php?title=Elei%C3%A7%C3%A3o_presidencial_no_Brasil_em_2018&oldid=73064323 retrieved 2026-09-29T15:05:47Z (sum equals en.wiki 'Invalid/blank votes' 10313159; Election Resources agrees); pt.wiki lists Bolsonaro R1 as 49276990 (inconsistent with its own valid total) and 746 pending votes
2018,1,2018-10-07,José Maria Eymael,41710,0.04,107050749,3106937,7206222,https://en.wikipedia.org/w/index.php?title=2018_Brazilian_general_election&oldid=1361748195,1361748195,2026-09-29T15:04:55Z,en.wiki table 'Source: TSE'; candidate votes sum=107050749 equals total_valid_votes; published shares sum=100.00; blank/null from pt.wiki https://pt.wikipedia.org/w/index.php?title=Elei%C3%A7%C3%A3o_presidencial_no_Brasil_em_2018&oldid=73064323 retrieved 2026-09-29T15:05:47Z (sum equals en.wiki 'Invalid/blank votes' 10313159; Election Resources agrees); pt.wiki lists Bolsonaro R1 as 49276990 (inconsistent with its own valid total) and 746 pending votes
2018,1,2018-10-07,João Goulart Filho,30176,0.03,107050749,3106937,7206222,https://en.wikipedia.org/w/index.php?title=2018_Brazilian_general_election&oldid=1361748195,1361748195,2026-09-29T15:04:55Z,en.wiki table 'Source: TSE'; candidate votes sum=107050749 equals total_valid_votes; published shares sum=100.00; listed on source as 'João Vicente Goulart'; blank/null from pt.wiki https://pt.wikipedia.org/w/index.php?title=Elei%C3%A7%C3%A3o_presidencial_no_Brasil_em_2018&oldid=73064323 retrieved 2026-09-29T15:05:47Z (sum equals en.wiki 'Invalid/blank votes' 10313159; Election Resources agrees); pt.wiki lists Bolsonaro R1 as 49276990 (inconsistent with its own valid total) and 746 pending votes
2018,2,2018-10-28,Jair Bolsonaro,57797847,55.13,104838753,2486593,8608105,https://en.wikipedia.org/w/index.php?title=2018_Brazilian_general_election&oldid=1361748195,1361748195,2026-09-29T15:04:55Z,en.wiki table 'Source: TSE'; candidate votes sum=104838753 equals total_valid_votes; published shares sum=100.00; blank/null from pt.wiki https://pt.wikipedia.org/w/index.php?title=Elei%C3%A7%C3%A3o_presidencial_no_Brasil_em_2018&oldid=73064323 retrieved 2026-09-29T15:05:47Z (sum equals en.wiki 'Invalid/blank votes' 11094698; Election Resources agrees)
2018,2,2018-10-28,Fernando Haddad,47040906,44.87,104838753,2486593,8608105,https://en.wikipedia.org/w/index.php?title=2018_Brazilian_general_election&oldid=1361748195,1361748195,2026-09-29T15:04:55Z,en.wiki table 'Source: TSE'; candidate votes sum=104838753 equals total_valid_votes; published shares sum=100.00; blank/null from pt.wiki https://pt.wikipedia.org/w/index.php?title=Elei%C3%A7%C3%A3o_presidencial_no_Brasil_em_2018&oldid=73064323 retrieved 2026-09-29T15:05:47Z (sum equals en.wiki 'Invalid/blank votes' 11094698; Election Resources agrees)
2022,1,2022-10-02,Lula,57259504,48.43,118229719,1964779,3487874,https://en.wikipedia.org/w/index.php?title=2022_Brazilian_general_election&oldid=1376389749,1376389749,2026-09-29T15:04:56Z,en.wiki table 'Source: Superior Electoral Court'; candidate votes sum=118229719 equals total_valid_votes; published shares sum=100.00; listed on source as 'Luiz Inácio Lula da Silva'; blank/null from same en.wiki table (Blank votes / Invalid votes rows)
2022,1,2022-10-02,Jair Bolsonaro,51072345,43.20,118229719,1964779,3487874,https://en.wikipedia.org/w/index.php?title=2022_Brazilian_general_election&oldid=1376389749,1376389749,2026-09-29T15:04:56Z,en.wiki table 'Source: Superior Electoral Court'; candidate votes sum=118229719 equals total_valid_votes; published shares sum=100.00; blank/null from same en.wiki table (Blank votes / Invalid votes rows)
2022,1,2022-10-02,Simone Tebet,4915423,4.16,118229719,1964779,3487874,https://en.wikipedia.org/w/index.php?title=2022_Brazilian_general_election&oldid=1376389749,1376389749,2026-09-29T15:04:56Z,en.wiki table 'Source: Superior Electoral Court'; candidate votes sum=118229719 equals total_valid_votes; published shares sum=100.00; blank/null from same en.wiki table (Blank votes / Invalid votes rows)
2022,1,2022-10-02,Ciro Gomes,3599287,3.04,118229719,1964779,3487874,https://en.wikipedia.org/w/index.php?title=2022_Brazilian_general_election&oldid=1376389749,1376389749,2026-09-29T15:04:56Z,en.wiki table 'Source: Superior Electoral Court'; candidate votes sum=118229719 equals total_valid_votes; published shares sum=100.00; blank/null from same en.wiki table (Blank votes / Invalid votes rows)
2022,1,2022-10-02,Soraya Thronicke,600955,0.51,118229719,1964779,3487874,https://en.wikipedia.org/w/index.php?title=2022_Brazilian_general_election&oldid=1376389749,1376389749,2026-09-29T15:04:56Z,en.wiki table 'Source: Superior Electoral Court'; candidate votes sum=118229719 equals total_valid_votes; published shares sum=100.00; blank/null from same en.wiki table (Blank votes / Invalid votes rows)
2022,1,2022-10-02,Felipe d'Avila,559708,0.47,118229719,1964779,3487874,https://en.wikipedia.org/w/index.php?title=2022_Brazilian_general_election&oldid=1376389749,1376389749,2026-09-29T15:04:56Z,en.wiki table 'Source: Superior Electoral Court'; candidate votes sum=118229719 equals total_valid_votes; published shares sum=100.00; listed on source as 'Luiz Felipe d'Avila'; blank/null from same en.wiki table (Blank votes / Invalid votes rows)
2022,1,2022-10-02,Padre Kelmon,81129,0.07,118229719,1964779,3487874,https://en.wikipedia.org/w/index.php?title=2022_Brazilian_general_election&oldid=1376389749,1376389749,2026-09-29T15:04:56Z,en.wiki table 'Source: Superior Electoral Court'; candidate votes sum=118229719 equals total_valid_votes; published shares sum=100.00; listed on source as 'Kelmon Souza'; blank/null from same en.wiki table (Blank votes / Invalid votes rows)
2022,1,2022-10-02,Léo Péricles,53519,0.05,118229719,1964779,3487874,https://en.wikipedia.org/w/index.php?title=2022_Brazilian_general_election&oldid=1376389749,1376389749,2026-09-29T15:04:56Z,en.wiki table 'Source: Superior Electoral Court'; candidate votes sum=118229719 equals total_valid_votes; published shares sum=100.00; listed on source as 'Leonardo Péricles'; blank/null from same en.wiki table (Blank votes / Invalid votes rows)
2022,1,2022-10-02,Sofia Manzano,45620,0.04,118229719,1964779,3487874,https://en.wikipedia.org/w/index.php?title=2022_Brazilian_general_election&oldid=1376389749,1376389749,2026-09-29T15:04:56Z,en.wiki table 'Source: Superior Electoral Court'; candidate votes sum=118229719 equals total_valid_votes; published shares sum=100.00; blank/null from same en.wiki table (Blank votes / Invalid votes rows)
2022,1,2022-10-02,Vera Lúcia,25625,0.02,118229719,1964779,3487874,https://en.wikipedia.org/w/index.php?title=2022_Brazilian_general_election&oldid=1376389749,1376389749,2026-09-29T15:04:56Z,en.wiki table 'Source: Superior Electoral Court'; candidate votes sum=118229719 equals total_valid_votes; published shares sum=100.00; listed on source as 'Vera Lúcia Salgado'; blank/null from same en.wiki table (Blank votes / Invalid votes rows)
2022,1,2022-10-02,José Maria Eymael,16604,0.01,118229719,1964779,3487874,https://en.wikipedia.org/w/index.php?title=2022_Brazilian_general_election&oldid=1376389749,1376389749,2026-09-29T15:04:56Z,en.wiki table 'Source: Superior Electoral Court'; candidate votes sum=118229719 equals total_valid_votes; published shares sum=100.00; blank/null from same en.wiki table (Blank votes / Invalid votes rows)
2022,2,2022-10-30,Lula,60345999,50.90,118552353,1769678,3930765,https://en.wikipedia.org/w/index.php?title=2022_Brazilian_general_election&oldid=1376389749,1376389749,2026-09-29T15:04:56Z,en.wiki table 'Source: Superior Electoral Court'; candidate votes sum=118552353 equals total_valid_votes; published shares sum=100.00; listed on source as 'Luiz Inácio Lula da Silva'; blank/null from same en.wiki table (Blank votes / Invalid votes rows)
2022,2,2022-10-30,Jair Bolsonaro,58206354,49.10,118552353,1769678,3930765,https://en.wikipedia.org/w/index.php?title=2022_Brazilian_general_election&oldid=1376389749,1376389749,2026-09-29T15:04:56Z,en.wiki table 'Source: Superior Electoral Court'; candidate votes sum=118552353 equals total_valid_votes; published shares sum=100.00; blank/null from same en.wiki table (Blank votes / Invalid votes rows)
