poll_id,election,round,pollster,field,parsed_value,source_value,match,source_url,source_type,retrieved_utc,notes
2014-1-d0f3f6f476,2014,1,Ibope,field_start,2014-08-23,2014-08-23,match,https://jornaldanova.com.br/noticia/37707/dilma-tem-34-marina-29-e-aecio-19-aponta-pesquisa-ibope,media_report,2026-09-29T15:54Z,regional outlet reproducing Ibope release contracted by TV Globo/Estadão; integer-rounded source
2014-1-d0f3f6f476,2014,1,Ibope,field_end,2014-08-25,2014-08-25,match,https://jornaldanova.com.br/noticia/37707/dilma-tem-34-marina-29-e-aecio-19-aponta-pesquisa-ibope,media_report,2026-09-29T15:54Z,
2014-1-d0f3f6f476,2014,1,Ibope,sample_size,2506,2506,match,https://jornaldanova.com.br/noticia/37707/dilma-tem-34-marina-29-e-aecio-19-aponta-pesquisa-ibope,media_report,2026-09-29T15:54Z,
2014-1-d0f3f6f476,2014,1,Ibope,share:Dilma Rousseff,34.0,34,match,https://jornaldanova.com.br/noticia/37707/dilma-tem-34-marina-29-e-aecio-19-aponta-pesquisa-ibope,media_report,2026-09-29T15:54Z,
2014-1-d0f3f6f476,2014,1,Ibope,share:Marina Silva,29.0,29,match,https://jornaldanova.com.br/noticia/37707/dilma-tem-34-marina-29-e-aecio-19-aponta-pesquisa-ibope,media_report,2026-09-29T15:54Z,
2014-1-d0f3f6f476,2014,1,Ibope,share:Aécio Neves,19.0,19,match,https://jornaldanova.com.br/noticia/37707/dilma-tem-34-marina-29-e-aecio-19-aponta-pesquisa-ibope,media_report,2026-09-29T15:54Z,
2014-1-d0f3f6f476,2014,1,Ibope,share:Luciana Genro,1.0,1,match,https://jornaldanova.com.br/noticia/37707/dilma-tem-34-marina-29-e-aecio-19-aponta-pesquisa-ibope,media_report,2026-09-29T15:54Z,
2014-1-d0f3f6f476,2014,1,Ibope,share:Pastor Everaldo,1.0,1,match,https://jornaldanova.com.br/noticia/37707/dilma-tem-34-marina-29-e-aecio-19-aponta-pesquisa-ibope,media_report,2026-09-29T15:54Z,
2014-1-d0f3f6f476,2014,1,Ibope,blank_null,15.0,15,match,https://jornaldanova.com.br/noticia/37707/dilma-tem-34-marina-29-e-aecio-19-aponta-pesquisa-ibope,media_report,2026-09-29T15:54Z,source: brancos/nulos 7 + indecisos 8 = 15 (2014 parsed blank_null also includes undecided)
2014-1-b45eee4d99,2014,1,Datafolha,field_start,2014-08-28,2014-08-28,match,https://agenciabrasil.ebc.com.br/politica/noticia/2014-08/datafolha-dilma-e-marina-estao-empatadas-com-34-aecio-tem-15,media_report,2026-09-29T15:54Z,Agência Brasil report of Datafolha (Folha/Globo); integer-rounded source
2014-1-b45eee4d99,2014,1,Datafolha,field_end,2014-08-29,2014-08-29,match,https://agenciabrasil.ebc.com.br/politica/noticia/2014-08/datafolha-dilma-e-marina-estao-empatadas-com-34-aecio-tem-15,media_report,2026-09-29T15:54Z,
2014-1-b45eee4d99,2014,1,Datafolha,sample_size,2874,2874,match,https://agenciabrasil.ebc.com.br/politica/noticia/2014-08/datafolha-dilma-e-marina-estao-empatadas-com-34-aecio-tem-15,media_report,2026-09-29T15:54Z,
2014-1-b45eee4d99,2014,1,Datafolha,share:Dilma Rousseff,34.0,34,match,https://agenciabrasil.ebc.com.br/politica/noticia/2014-08/datafolha-dilma-e-marina-estao-empatadas-com-34-aecio-tem-15,media_report,2026-09-29T15:54Z,
2014-1-b45eee4d99,2014,1,Datafolha,share:Marina Silva,34.0,34,match,https://agenciabrasil.ebc.com.br/politica/noticia/2014-08/datafolha-dilma-e-marina-estao-empatadas-com-34-aecio-tem-15,media_report,2026-09-29T15:54Z,
2014-1-b45eee4d99,2014,1,Datafolha,share:Aécio Neves,15.0,15,match,https://agenciabrasil.ebc.com.br/politica/noticia/2014-08/datafolha-dilma-e-marina-estao-empatadas-com-34-aecio-tem-15,media_report,2026-09-29T15:54Z,
2014-1-b45eee4d99,2014,1,Datafolha,share:Pastor Everaldo,2.0,2,match,https://agenciabrasil.ebc.com.br/politica/noticia/2014-08/datafolha-dilma-e-marina-estao-empatadas-com-34-aecio-tem-15,media_report,2026-09-29T15:54Z,
2014-1-b45eee4d99,2014,1,Datafolha,blank_null,14.0,14,match,https://agenciabrasil.ebc.com.br/politica/noticia/2014-08/datafolha-dilma-e-marina-estao-empatadas-com-34-aecio-tem-15,media_report,2026-09-29T15:54Z,source: brancos/nulos 7 + indecisos 7 = 14
2014-1-cd84978c85,2014,1,Ibope,field_start,2014-09-05,2014-09-05,match,https://www.meon.com.br/noticias/ibope-cni-dilma-tem-39-marina-31-e-aecio-15,media_report,2026-09-29T15:54Z,Ibope contracted by CNI; regional outlet report; integer-rounded source
2014-1-cd84978c85,2014,1,Ibope,field_end,2014-09-08,2014-09-08,match,https://www.meon.com.br/noticias/ibope-cni-dilma-tem-39-marina-31-e-aecio-15,media_report,2026-09-29T15:54Z,
2014-1-cd84978c85,2014,1,Ibope,sample_size,2002,2002,match,https://www.meon.com.br/noticias/ibope-cni-dilma-tem-39-marina-31-e-aecio-15,media_report,2026-09-29T15:54Z,
2014-1-cd84978c85,2014,1,Ibope,share:Dilma Rousseff,39.0,39,match,https://www.meon.com.br/noticias/ibope-cni-dilma-tem-39-marina-31-e-aecio-15,media_report,2026-09-29T15:54Z,
2014-1-cd84978c85,2014,1,Ibope,share:Marina Silva,31.0,31,match,https://www.meon.com.br/noticias/ibope-cni-dilma-tem-39-marina-31-e-aecio-15,media_report,2026-09-29T15:54Z,
2014-1-cd84978c85,2014,1,Ibope,share:Aécio Neves,15.0,15,match,https://www.meon.com.br/noticias/ibope-cni-dilma-tem-39-marina-31-e-aecio-15,media_report,2026-09-29T15:54Z,
2014-1-cd84978c85,2014,1,Ibope,share:Pastor Everaldo,1.0,1,match,https://www.meon.com.br/noticias/ibope-cni-dilma-tem-39-marina-31-e-aecio-15,media_report,2026-09-29T15:54Z,
2014-1-cd84978c85,2014,1,Ibope,blank_null,13.0,13,match,https://www.meon.com.br/noticias/ibope-cni-dilma-tem-39-marina-31-e-aecio-15,media_report,2026-09-29T15:54Z,source: brancos/nulos 8 + indecisos 5 = 13
2014-1-3d4612918e,2014,1,Ibope,field_start,2014-09-20,2014-09-20,match,https://www.meon.com.br/noticias/ibope-dilma-oscila-de-36-a-38-marina-de-30-a-29,media_report,2026-09-29T15:54Z,Ibope/Estadão/TV Globo; TSE BR-00755/2014; integer-rounded source
2014-1-3d4612918e,2014,1,Ibope,field_end,2014-09-22,2014-09-22,match,https://www.meon.com.br/noticias/ibope-dilma-oscila-de-36-a-38-marina-de-30-a-29,media_report,2026-09-29T15:54Z,
2014-1-3d4612918e,2014,1,Ibope,sample_size,3010,3010,match,https://www.meon.com.br/noticias/ibope-dilma-oscila-de-36-a-38-marina-de-30-a-29,media_report,2026-09-29T15:54Z,
2014-1-3d4612918e,2014,1,Ibope,share:Dilma Rousseff,38.0,38,match,https://www.meon.com.br/noticias/ibope-dilma-oscila-de-36-a-38-marina-de-30-a-29,media_report,2026-09-29T15:54Z,
2014-1-3d4612918e,2014,1,Ibope,share:Marina Silva,29.0,29,match,https://www.meon.com.br/noticias/ibope-dilma-oscila-de-36-a-38-marina-de-30-a-29,media_report,2026-09-29T15:54Z,
2014-1-3d4612918e,2014,1,Ibope,share:Aécio Neves,19.0,19,match,https://www.meon.com.br/noticias/ibope-dilma-oscila-de-36-a-38-marina-de-30-a-29,media_report,2026-09-29T15:54Z,
2014-1-3d4612918e,2014,1,Ibope,share:Pastor Everaldo,1.0,1,match,https://www.meon.com.br/noticias/ibope-dilma-oscila-de-36-a-38-marina-de-30-a-29,media_report,2026-09-29T15:54Z,
2014-1-3d4612918e,2014,1,Ibope,blank_null,12.0,12,match,https://www.meon.com.br/noticias/ibope-dilma-oscila-de-36-a-38-marina-de-30-a-29,media_report,2026-09-29T15:54Z,source: brancos/nulos 7 + indecisos 5 = 12
2014-2-1475c049f4,2014,2,Datafolha,field_start,2014-10-20,2014-10-20,match,https://www.congressoemfoco.com.br/noticia/49410/datafolha-dilma-tem-52-e-passa-aecio-com-48,media_report,2026-09-29T15:54Z,total-vote basis (valid: Dilma 52 / Aécio 48); integer-rounded source
2014-2-1475c049f4,2014,2,Datafolha,field_end,2014-10-20,2014-10-20,match,https://www.congressoemfoco.com.br/noticia/49410/datafolha-dilma-tem-52-e-passa-aecio-com-48,media_report,2026-09-29T15:54Z,
2014-2-1475c049f4,2014,2,Datafolha,sample_size,4389,4389,match,https://www.congressoemfoco.com.br/noticia/49410/datafolha-dilma-tem-52-e-passa-aecio-com-48,media_report,2026-09-29T15:54Z,
2014-2-1475c049f4,2014,2,Datafolha,share:Dilma Rousseff,46.0,46,match,https://www.congressoemfoco.com.br/noticia/49410/datafolha-dilma-tem-52-e-passa-aecio-com-48,media_report,2026-09-29T15:54Z,
2014-2-1475c049f4,2014,2,Datafolha,share:Aécio Neves,43.0,43,match,https://www.congressoemfoco.com.br/noticia/49410/datafolha-dilma-tem-52-e-passa-aecio-com-48,media_report,2026-09-29T15:54Z,
2014-2-1475c049f4,2014,2,Datafolha,blank_null,11.0,11,match,https://www.congressoemfoco.com.br/noticia/49410/datafolha-dilma-tem-52-e-passa-aecio-com-48,media_report,2026-09-29T15:54Z,source: brancos/nulos 5 + indecisos 6 = 11
2014-2-74a4e84908,2014,2,Datafolha,field_start,2014-10-21,2014-10-21,match,https://agenciabrasil.ebc.com.br/politica/noticia/2014-10/datafolha-dilma-tem-46-e-aecio-43-empate-se-mantem,media_report,2026-09-29T15:54Z,page body describes the Tue 21 Oct poll (URL slug says 46/43 but text reports 47/43); valid 52/48; integer-rounded source
2014-2-74a4e84908,2014,2,Datafolha,field_end,2014-10-21,2014-10-21,match,https://agenciabrasil.ebc.com.br/politica/noticia/2014-10/datafolha-dilma-tem-46-e-aecio-43-empate-se-mantem,media_report,2026-09-29T15:54Z,
2014-2-74a4e84908,2014,2,Datafolha,sample_size,4355,4355,match,https://agenciabrasil.ebc.com.br/politica/noticia/2014-10/datafolha-dilma-tem-46-e-aecio-43-empate-se-mantem,media_report,2026-09-29T15:54Z,
2014-2-74a4e84908,2014,2,Datafolha,share:Dilma Rousseff,47.0,47,match,https://agenciabrasil.ebc.com.br/politica/noticia/2014-10/datafolha-dilma-tem-46-e-aecio-43-empate-se-mantem,media_report,2026-09-29T15:54Z,
2014-2-74a4e84908,2014,2,Datafolha,share:Aécio Neves,43.0,43,match,https://agenciabrasil.ebc.com.br/politica/noticia/2014-10/datafolha-dilma-tem-46-e-aecio-43-empate-se-mantem,media_report,2026-09-29T15:54Z,
2014-2-74a4e84908,2014,2,Datafolha,blank_null,10.0,10,match,https://agenciabrasil.ebc.com.br/politica/noticia/2014-10/datafolha-dilma-tem-46-e-aecio-43-empate-se-mantem,media_report,2026-09-29T15:54Z,source: brancos/nulos 6 + indecisos 4 = 10
2018-1-9b9dddb2f8,2018,1,Ibope,field_start,2018-09-22,2018-09-22,match,https://agenciabrasil.ebc.com.br/politica/noticia/2018-09/ibope-bolsonaro-tem-28-haddad-22-ciro-11-e-alckmin-8,media_report,2026-09-29T15:54Z,Ibope for Estadão/Globo; TSE BR-06630/2018; integer-rounded source
2018-1-9b9dddb2f8,2018,1,Ibope,field_end,2018-09-23,2018-09-23,match,https://agenciabrasil.ebc.com.br/politica/noticia/2018-09/ibope-bolsonaro-tem-28-haddad-22-ciro-11-e-alckmin-8,media_report,2026-09-29T15:54Z,
2018-1-9b9dddb2f8,2018,1,Ibope,sample_size,2506,2506,match,https://agenciabrasil.ebc.com.br/politica/noticia/2018-09/ibope-bolsonaro-tem-28-haddad-22-ciro-11-e-alckmin-8,media_report,2026-09-29T15:54Z,
2018-1-9b9dddb2f8,2018,1,Ibope,share:Jair Bolsonaro,28.0,28,match,https://agenciabrasil.ebc.com.br/politica/noticia/2018-09/ibope-bolsonaro-tem-28-haddad-22-ciro-11-e-alckmin-8,media_report,2026-09-29T15:54Z,
2018-1-9b9dddb2f8,2018,1,Ibope,share:Fernando Haddad,22.0,22,match,https://agenciabrasil.ebc.com.br/politica/noticia/2018-09/ibope-bolsonaro-tem-28-haddad-22-ciro-11-e-alckmin-8,media_report,2026-09-29T15:54Z,
2018-1-9b9dddb2f8,2018,1,Ibope,share:Ciro Gomes,11.0,11,match,https://agenciabrasil.ebc.com.br/politica/noticia/2018-09/ibope-bolsonaro-tem-28-haddad-22-ciro-11-e-alckmin-8,media_report,2026-09-29T15:54Z,
2018-1-9b9dddb2f8,2018,1,Ibope,share:Geraldo Alckmin,8.0,8,match,https://agenciabrasil.ebc.com.br/politica/noticia/2018-09/ibope-bolsonaro-tem-28-haddad-22-ciro-11-e-alckmin-8,media_report,2026-09-29T15:54Z,
2018-1-9b9dddb2f8,2018,1,Ibope,share:Marina Silva,5.0,5,match,https://agenciabrasil.ebc.com.br/politica/noticia/2018-09/ibope-bolsonaro-tem-28-haddad-22-ciro-11-e-alckmin-8,media_report,2026-09-29T15:54Z,
2018-1-9b9dddb2f8,2018,1,Ibope,share:João Amoêdo,3.0,3,match,https://agenciabrasil.ebc.com.br/politica/noticia/2018-09/ibope-bolsonaro-tem-28-haddad-22-ciro-11-e-alckmin-8,media_report,2026-09-29T15:54Z,
2018-1-9b9dddb2f8,2018,1,Ibope,share:Alvaro Dias,2.0,2,match,https://agenciabrasil.ebc.com.br/politica/noticia/2018-09/ibope-bolsonaro-tem-28-haddad-22-ciro-11-e-alckmin-8,media_report,2026-09-29T15:54Z,
2018-1-9b9dddb2f8,2018,1,Ibope,share:Henrique Meirelles,2.0,2,match,https://agenciabrasil.ebc.com.br/politica/noticia/2018-09/ibope-bolsonaro-tem-28-haddad-22-ciro-11-e-alckmin-8,media_report,2026-09-29T15:54Z,
2018-1-9b9dddb2f8,2018,1,Ibope,share:__others__,1.0,1,match,https://agenciabrasil.ebc.com.br/politica/noticia/2018-09/ibope-bolsonaro-tem-28-haddad-22-ciro-11-e-alckmin-8,media_report,2026-09-29T15:54Z,source: Boulos 1; Daciolo/Vera/Goulart Filho/Eymael 0
2018-1-9b9dddb2f8,2018,1,Ibope,blank_null,18.0,18,match,https://agenciabrasil.ebc.com.br/politica/noticia/2018-09/ibope-bolsonaro-tem-28-haddad-22-ciro-11-e-alckmin-8,media_report,2026-09-29T15:54Z,source: brancos/nulos 12 + não sabe/não respondeu 6 = 18
2018-1-2be066d000,2018,1,Real Time Big Data,field_start,2018-09-28,2018-09-28,match,https://especiais.gazetadopovo.com.br/eleicoes/2018/pesquisas-eleitorais/realtime-bigdata-recordtv/realtime-recordtv-bolsonaro-lidera-com-29-haddad-tem-24/,media_report,2026-09-29T15:54Z,RealTime Big Data/Record TV; TSE BR-06928/2018; integer-rounded source
2018-1-2be066d000,2018,1,Real Time Big Data,field_end,2018-09-29,2018-09-29,match,https://especiais.gazetadopovo.com.br/eleicoes/2018/pesquisas-eleitorais/realtime-bigdata-recordtv/realtime-recordtv-bolsonaro-lidera-com-29-haddad-tem-24/,media_report,2026-09-29T15:54Z,
2018-1-2be066d000,2018,1,Real Time Big Data,sample_size,3200,3200,match,https://especiais.gazetadopovo.com.br/eleicoes/2018/pesquisas-eleitorais/realtime-bigdata-recordtv/realtime-recordtv-bolsonaro-lidera-com-29-haddad-tem-24/,media_report,2026-09-29T15:54Z,
2018-1-2be066d000,2018,1,Real Time Big Data,share:Jair Bolsonaro,29.0,29,match,https://especiais.gazetadopovo.com.br/eleicoes/2018/pesquisas-eleitorais/realtime-bigdata-recordtv/realtime-recordtv-bolsonaro-lidera-com-29-haddad-tem-24/,media_report,2026-09-29T15:54Z,
2018-1-2be066d000,2018,1,Real Time Big Data,share:Fernando Haddad,24.0,24,match,https://especiais.gazetadopovo.com.br/eleicoes/2018/pesquisas-eleitorais/realtime-bigdata-recordtv/realtime-recordtv-bolsonaro-lidera-com-29-haddad-tem-24/,media_report,2026-09-29T15:54Z,
2018-1-2be066d000,2018,1,Real Time Big Data,share:Ciro Gomes,11.0,,not_found,https://especiais.gazetadopovo.com.br/eleicoes/2018/pesquisas-eleitorais/realtime-bigdata-recordtv/realtime-recordtv-bolsonaro-lidera-com-29-haddad-tem-24/,media_report,2026-09-29T15:54Z,page shows remaining candidates only as image tables; DCM (403) and Blog da Cidadania (TLS error) not readable; search snippets say 11 but not read on a page
2018-1-2be066d000,2018,1,Real Time Big Data,share:Geraldo Alckmin,7.0,,not_found,https://especiais.gazetadopovo.com.br/eleicoes/2018/pesquisas-eleitorais/realtime-bigdata-recordtv/realtime-recordtv-bolsonaro-lidera-com-29-haddad-tem-24/,media_report,2026-09-29T15:54Z,not readable on page (image table); search snippets say 7 but not read on a page
2018-1-2be066d000,2018,1,Real Time Big Data,blank_null,15.0,,not_found,https://especiais.gazetadopovo.com.br/eleicoes/2018/pesquisas-eleitorais/realtime-bigdata-recordtv/realtime-recordtv-bolsonaro-lidera-com-29-haddad-tem-24/,media_report,2026-09-29T15:54Z,not readable on page; search snippets say brancos/nulos 8 + indecisos 7 = 15 (unverified)
2018-1-bc22fac03b,2018,1,Datafolha,field_start,2018-10-02,2018-10-02,match,https://agenciabrasil.ebc.com.br/politica/noticia/2018-10/datafolha-bolsonaro-tem-32-das-intencoes-de-voto-haddad-tem-21,media_report,2026-09-29T15:54Z,Datafolha for Folha; page states TSE BR-03147/2018; corroborated by vice.com/pt; integer-rounded source
2018-1-bc22fac03b,2018,1,Datafolha,field_end,2018-10-02,2018-10-02,match,https://agenciabrasil.ebc.com.br/politica/noticia/2018-10/datafolha-bolsonaro-tem-32-das-intencoes-de-voto-haddad-tem-21,media_report,2026-09-29T15:54Z,
2018-1-bc22fac03b,2018,1,Datafolha,sample_size,3240,3240,match,https://agenciabrasil.ebc.com.br/politica/noticia/2018-10/datafolha-bolsonaro-tem-32-das-intencoes-de-voto-haddad-tem-21,media_report,2026-09-29T15:54Z,
2018-1-bc22fac03b,2018,1,Datafolha,share:Jair Bolsonaro,32.0,32,match,https://agenciabrasil.ebc.com.br/politica/noticia/2018-10/datafolha-bolsonaro-tem-32-das-intencoes-de-voto-haddad-tem-21,media_report,2026-09-29T15:54Z,
2018-1-bc22fac03b,2018,1,Datafolha,share:Fernando Haddad,21.0,21,match,https://agenciabrasil.ebc.com.br/politica/noticia/2018-10/datafolha-bolsonaro-tem-32-das-intencoes-de-voto-haddad-tem-21,media_report,2026-09-29T15:54Z,
2018-1-bc22fac03b,2018,1,Datafolha,share:Ciro Gomes,11.0,11,match,https://agenciabrasil.ebc.com.br/politica/noticia/2018-10/datafolha-bolsonaro-tem-32-das-intencoes-de-voto-haddad-tem-21,media_report,2026-09-29T15:54Z,
2018-1-bc22fac03b,2018,1,Datafolha,share:Geraldo Alckmin,9.0,9,match,https://agenciabrasil.ebc.com.br/politica/noticia/2018-10/datafolha-bolsonaro-tem-32-das-intencoes-de-voto-haddad-tem-21,media_report,2026-09-29T15:54Z,
2018-1-bc22fac03b,2018,1,Datafolha,share:Marina Silva,4.0,4,match,https://agenciabrasil.ebc.com.br/politica/noticia/2018-10/datafolha-bolsonaro-tem-32-das-intencoes-de-voto-haddad-tem-21,media_report,2026-09-29T15:54Z,
2018-1-bc22fac03b,2018,1,Datafolha,share:João Amoêdo,3.0,3,match,https://agenciabrasil.ebc.com.br/politica/noticia/2018-10/datafolha-bolsonaro-tem-32-das-intencoes-de-voto-haddad-tem-21,media_report,2026-09-29T15:54Z,
2018-1-bc22fac03b,2018,1,Datafolha,share:Henrique Meirelles,2.0,2,match,https://agenciabrasil.ebc.com.br/politica/noticia/2018-10/datafolha-bolsonaro-tem-32-das-intencoes-de-voto-haddad-tem-21,media_report,2026-09-29T15:54Z,
2018-1-bc22fac03b,2018,1,Datafolha,share:Alvaro Dias,2.0,2,match,https://agenciabrasil.ebc.com.br/politica/noticia/2018-10/datafolha-bolsonaro-tem-32-das-intencoes-de-voto-haddad-tem-21,media_report,2026-09-29T15:54Z,
2018-1-bc22fac03b,2018,1,Datafolha,share:__others__,2.0,2,match,https://agenciabrasil.ebc.com.br/politica/noticia/2018-10/datafolha-bolsonaro-tem-32-das-intencoes-de-voto-haddad-tem-21,media_report,2026-09-29T15:54Z,source: Cabo Daciolo 2; Boulos/Goulart/Eymael/Vera 0
2018-1-bc22fac03b,2018,1,Datafolha,blank_null,13.0,13,match,https://agenciabrasil.ebc.com.br/politica/noticia/2018-10/datafolha-bolsonaro-tem-32-das-intencoes-de-voto-haddad-tem-21,media_report,2026-09-29T15:54Z,source: brancos/nulos 8 + indecisos 5 = 13
2022-1-b0e4d26a69,2022,1,Datafolha,field_start,2022-09-30,2022-09-30,match,https://www.infomoney.com.br/politica/datafolha-lula-tem-50-dos-votos-validos-e-bolsonaro-36/,media_report,2026-09-29T15:54Z,"n reported as '12,8 mil'; TSE BR-00245/2022; valid: Lula 50 / Bolsonaro 36; integer-rounded source"
2022-1-b0e4d26a69,2022,1,Datafolha,field_end,2022-10-01,2022-10-01,match,https://www.infomoney.com.br/politica/datafolha-lula-tem-50-dos-votos-validos-e-bolsonaro-36/,media_report,2026-09-29T15:54Z,
2022-1-b0e4d26a69,2022,1,Datafolha,sample_size,12800,12800,match,https://www.infomoney.com.br/politica/datafolha-lula-tem-50-dos-votos-validos-e-bolsonaro-36/,media_report,2026-09-29T15:54Z,
2022-1-b0e4d26a69,2022,1,Datafolha,share:Lula,48.0,48,match,https://www.infomoney.com.br/politica/datafolha-lula-tem-50-dos-votos-validos-e-bolsonaro-36/,media_report,2026-09-29T15:54Z,
2022-1-b0e4d26a69,2022,1,Datafolha,share:Jair Bolsonaro,34.0,34,match,https://www.infomoney.com.br/politica/datafolha-lula-tem-50-dos-votos-validos-e-bolsonaro-36/,media_report,2026-09-29T15:54Z,
2022-1-b0e4d26a69,2022,1,Datafolha,share:Simone Tebet,6.0,6,match,https://www.infomoney.com.br/politica/datafolha-lula-tem-50-dos-votos-validos-e-bolsonaro-36/,media_report,2026-09-29T15:54Z,
2022-1-b0e4d26a69,2022,1,Datafolha,share:Ciro Gomes,5.0,5,match,https://www.infomoney.com.br/politica/datafolha-lula-tem-50-dos-votos-validos-e-bolsonaro-36/,media_report,2026-09-29T15:54Z,
2022-1-b0e4d26a69,2022,1,Datafolha,share:Soraya Thronicke,1.0,1,match,https://www.infomoney.com.br/politica/datafolha-lula-tem-50-dos-votos-validos-e-bolsonaro-36/,media_report,2026-09-29T15:54Z,
2022-1-b0e4d26a69,2022,1,Datafolha,share:Felipe d'Avila,1.0,1,match,https://www.infomoney.com.br/politica/datafolha-lula-tem-50-dos-votos-validos-e-bolsonaro-36/,media_report,2026-09-29T15:54Z,
2022-1-b0e4d26a69,2022,1,Datafolha,blank_null,5.0,5,match,https://www.infomoney.com.br/politica/datafolha-lula-tem-50-dos-votos-validos-e-bolsonaro-36/,media_report,2026-09-29T15:54Z,source: brancos/nulos 3 + indecisos 2 = 5
2022-1-1b8b76875a,2022,1,AtlasIntel,field_start,2022-09-28,2022-09-28,match,https://www.cnnbrasil.com.br/politica/pesquisa-atlas-presidencial-lula-tem-503-dos-votos-validos-bolsonaro-411/,media_report,2026-09-29T15:54Z,AtlasIntel; TSE BR-07338/2022; valid: Lula 50.3 / Bolsonaro 41.1; 1-dp source
2022-1-1b8b76875a,2022,1,AtlasIntel,field_end,2022-09-30,2022-09-30,match,https://www.cnnbrasil.com.br/politica/pesquisa-atlas-presidencial-lula-tem-503-dos-votos-validos-bolsonaro-411/,media_report,2026-09-29T15:54Z,
2022-1-1b8b76875a,2022,1,AtlasIntel,sample_size,4500,4500,match,https://www.cnnbrasil.com.br/politica/pesquisa-atlas-presidencial-lula-tem-503-dos-votos-validos-bolsonaro-411/,media_report,2026-09-29T15:54Z,
2022-1-1b8b76875a,2022,1,AtlasIntel,share:Lula,49.8,49.8,match,https://www.cnnbrasil.com.br/politica/pesquisa-atlas-presidencial-lula-tem-503-dos-votos-validos-bolsonaro-411/,media_report,2026-09-29T15:54Z,
2022-1-1b8b76875a,2022,1,AtlasIntel,share:Jair Bolsonaro,40.7,40.7,match,https://www.cnnbrasil.com.br/politica/pesquisa-atlas-presidencial-lula-tem-503-dos-votos-validos-bolsonaro-411/,media_report,2026-09-29T15:54Z,
2022-1-1b8b76875a,2022,1,AtlasIntel,share:Ciro Gomes,3.9,3.9,match,https://www.cnnbrasil.com.br/politica/pesquisa-atlas-presidencial-lula-tem-503-dos-votos-validos-bolsonaro-411/,media_report,2026-09-29T15:54Z,
2022-1-1b8b76875a,2022,1,AtlasIntel,share:Simone Tebet,2.6,2.6,match,https://www.cnnbrasil.com.br/politica/pesquisa-atlas-presidencial-lula-tem-503-dos-votos-validos-bolsonaro-411/,media_report,2026-09-29T15:54Z,
2022-1-1b8b76875a,2022,1,AtlasIntel,share:Felipe d'Avila,0.8,0.8,match,https://www.cnnbrasil.com.br/politica/pesquisa-atlas-presidencial-lula-tem-503-dos-votos-validos-bolsonaro-411/,media_report,2026-09-29T15:54Z,
2022-1-1b8b76875a,2022,1,AtlasIntel,share:Soraya Thronicke,0.7,0.7,match,https://www.cnnbrasil.com.br/politica/pesquisa-atlas-presidencial-lula-tem-503-dos-votos-validos-bolsonaro-411/,media_report,2026-09-29T15:54Z,
2022-1-1b8b76875a,2022,1,AtlasIntel,share:Padre Kelmon,0.3,0.3,match,https://www.cnnbrasil.com.br/politica/pesquisa-atlas-presidencial-lula-tem-503-dos-votos-validos-bolsonaro-411/,media_report,2026-09-29T15:54Z,
2022-1-1b8b76875a,2022,1,AtlasIntel,share:José Maria Eymael,0.0,0.0,match,https://www.cnnbrasil.com.br/politica/pesquisa-atlas-presidencial-lula-tem-503-dos-votos-validos-bolsonaro-411/,media_report,2026-09-29T15:54Z,
2022-1-1b8b76875a,2022,1,AtlasIntel,share:Léo Péricles,0.0,0.0,match,https://www.cnnbrasil.com.br/politica/pesquisa-atlas-presidencial-lula-tem-503-dos-votos-validos-bolsonaro-411/,media_report,2026-09-29T15:54Z,
2022-1-1b8b76875a,2022,1,AtlasIntel,share:Sofia Manzano,0.0,0.0,match,https://www.cnnbrasil.com.br/politica/pesquisa-atlas-presidencial-lula-tem-503-dos-votos-validos-bolsonaro-411/,media_report,2026-09-29T15:54Z,
2022-1-1b8b76875a,2022,1,AtlasIntel,share:Vera Lúcia,0.0,0.0,match,https://www.cnnbrasil.com.br/politica/pesquisa-atlas-presidencial-lula-tem-503-dos-votos-validos-bolsonaro-411/,media_report,2026-09-29T15:54Z,
2022-1-1b8b76875a,2022,1,AtlasIntel,blank_null,1.0,1.0,match,https://www.cnnbrasil.com.br/politica/pesquisa-atlas-presidencial-lula-tem-503-dos-votos-validos-bolsonaro-411/,media_report,2026-09-29T15:54Z,source: brancos/nulos/indecisos 1%
2022-1-635b1dc0e4,2022,1,Veritá,field_start,2022-09-24,,not_found,,,2026-09-29T15:54Z,"no pollster release or media report found for a Veritá national 1st-round poll fielded 24-29 Sep 2022 (n=51,169); searches only surfaced Veritá 19-23 Sep 2022 (n=11,000; Bolsonaro 43.2/Lula 42.1, per snippet) and 2nd-round polls"
2022-1-635b1dc0e4,2022,1,Veritá,field_end,2022-09-29,,not_found,,,2026-09-29T15:54Z,
2022-1-635b1dc0e4,2022,1,Veritá,sample_size,51169,,not_found,,,2026-09-29T15:54Z,
2022-1-635b1dc0e4,2022,1,Veritá,share:Jair Bolsonaro,44.6,,not_found,,,2026-09-29T15:54Z,
2022-1-635b1dc0e4,2022,1,Veritá,share:Lula,41.6,,not_found,,,2026-09-29T15:54Z,
2022-1-635b1dc0e4,2022,1,Veritá,share:Simone Tebet,4.2,,not_found,,,2026-09-29T15:54Z,
2022-1-635b1dc0e4,2022,1,Veritá,share:Ciro Gomes,4.1,,not_found,,,2026-09-29T15:54Z,
2022-1-635b1dc0e4,2022,1,Veritá,blank_null,2.4,,not_found,,,2026-09-29T15:54Z,
2022-1-aac99ab2b0,2022,1,Ipespe,field_start,2022-09-19,2022-09-19,match,https://www.cnnbrasil.com.br/politica/pesquisa-ipespe-para-presidente-lula-tem-46-bolsonaro-35/,media_report,2026-09-29T15:54Z,XP/Ipespe telephone; TSE BR-08425/2022; integer-rounded source
2022-1-aac99ab2b0,2022,1,Ipespe,field_end,2022-09-21,2022-09-21,match,https://www.cnnbrasil.com.br/politica/pesquisa-ipespe-para-presidente-lula-tem-46-bolsonaro-35/,media_report,2026-09-29T15:54Z,
2022-1-aac99ab2b0,2022,1,Ipespe,sample_size,2000,2000,match,https://www.cnnbrasil.com.br/politica/pesquisa-ipespe-para-presidente-lula-tem-46-bolsonaro-35/,media_report,2026-09-29T15:54Z,
2022-1-aac99ab2b0,2022,1,Ipespe,share:Lula,46.0,46,match,https://www.cnnbrasil.com.br/politica/pesquisa-ipespe-para-presidente-lula-tem-46-bolsonaro-35/,media_report,2026-09-29T15:54Z,
2022-1-aac99ab2b0,2022,1,Ipespe,share:Jair Bolsonaro,35.0,35,match,https://www.cnnbrasil.com.br/politica/pesquisa-ipespe-para-presidente-lula-tem-46-bolsonaro-35/,media_report,2026-09-29T15:54Z,
2022-1-aac99ab2b0,2022,1,Ipespe,share:Ciro Gomes,7.0,7,match,https://www.cnnbrasil.com.br/politica/pesquisa-ipespe-para-presidente-lula-tem-46-bolsonaro-35/,media_report,2026-09-29T15:54Z,
2022-1-aac99ab2b0,2022,1,Ipespe,share:Simone Tebet,4.0,4,match,https://www.cnnbrasil.com.br/politica/pesquisa-ipespe-para-presidente-lula-tem-46-bolsonaro-35/,media_report,2026-09-29T15:54Z,
2022-1-aac99ab2b0,2022,1,Ipespe,share:Soraya Thronicke,1.0,1,match,https://www.cnnbrasil.com.br/politica/pesquisa-ipespe-para-presidente-lula-tem-46-bolsonaro-35/,media_report,2026-09-29T15:54Z,
2022-1-aac99ab2b0,2022,1,Ipespe,share:Felipe d'Avila,0.0,0,match,https://www.cnnbrasil.com.br/politica/pesquisa-ipespe-para-presidente-lula-tem-46-bolsonaro-35/,media_report,2026-09-29T15:54Z,
2022-1-aac99ab2b0,2022,1,Ipespe,blank_null,7.0,7,match,https://www.cnnbrasil.com.br/politica/pesquisa-ipespe-para-presidente-lula-tem-46-bolsonaro-35/,media_report,2026-09-29T15:54Z,source: branco/nulo/não vai votar 5 + não sabe/não respondeu 2 = 7
2022-1-260f2716be,2022,1,Ipespe,field_start,2022-08-31,2022-08-31,match,https://www.cnnbrasil.com.br/politica/pesquisa-ipespe-para-presidente-lula-tem-44-bolsonaro-35-2/,media_report,2026-09-29T15:54Z,Ipespe/Abrapel telephone; text: 'entre os dias 31 de agosto e 1º de setembro'; TSE BR-09344/2022; integer-rounded source
2022-1-260f2716be,2022,1,Ipespe,field_end,2022-09-01,2022-09-01,match,https://www.cnnbrasil.com.br/politica/pesquisa-ipespe-para-presidente-lula-tem-44-bolsonaro-35-2/,media_report,2026-09-29T15:54Z,
2022-1-260f2716be,2022,1,Ipespe,sample_size,1100,1100,match,https://www.cnnbrasil.com.br/politica/pesquisa-ipespe-para-presidente-lula-tem-44-bolsonaro-35-2/,media_report,2026-09-29T15:54Z,
2022-1-260f2716be,2022,1,Ipespe,share:Lula,44.0,44,match,https://www.cnnbrasil.com.br/politica/pesquisa-ipespe-para-presidente-lula-tem-44-bolsonaro-35-2/,media_report,2026-09-29T15:54Z,
2022-1-260f2716be,2022,1,Ipespe,share:Jair Bolsonaro,35.0,35,match,https://www.cnnbrasil.com.br/politica/pesquisa-ipespe-para-presidente-lula-tem-44-bolsonaro-35-2/,media_report,2026-09-29T15:54Z,
2022-1-260f2716be,2022,1,Ipespe,share:Ciro Gomes,9.0,9,match,https://www.cnnbrasil.com.br/politica/pesquisa-ipespe-para-presidente-lula-tem-44-bolsonaro-35-2/,media_report,2026-09-29T15:54Z,
2022-1-260f2716be,2022,1,Ipespe,share:Simone Tebet,5.0,5,match,https://www.cnnbrasil.com.br/politica/pesquisa-ipespe-para-presidente-lula-tem-44-bolsonaro-35-2/,media_report,2026-09-29T15:54Z,
2022-1-260f2716be,2022,1,Ipespe,share:Felipe d'Avila,1.0,1,match,https://www.cnnbrasil.com.br/politica/pesquisa-ipespe-para-presidente-lula-tem-44-bolsonaro-35-2/,media_report,2026-09-29T15:54Z,
2022-1-260f2716be,2022,1,Ipespe,share:Soraya Thronicke,1.0,1,match,https://www.cnnbrasil.com.br/politica/pesquisa-ipespe-para-presidente-lula-tem-44-bolsonaro-35-2/,media_report,2026-09-29T15:54Z,
2022-1-260f2716be,2022,1,Ipespe,share:Pablo Marçal,0.0,0,match,https://www.cnnbrasil.com.br/politica/pesquisa-ipespe-para-presidente-lula-tem-44-bolsonaro-35-2/,media_report,2026-09-29T15:54Z,
2022-1-260f2716be,2022,1,Ipespe,share:Roberto Jefferson,0.0,0,match,https://www.cnnbrasil.com.br/politica/pesquisa-ipespe-para-presidente-lula-tem-44-bolsonaro-35-2/,media_report,2026-09-29T15:54Z,
2022-1-260f2716be,2022,1,Ipespe,share:Sofia Manzano,0.0,0,match,https://www.cnnbrasil.com.br/politica/pesquisa-ipespe-para-presidente-lula-tem-44-bolsonaro-35-2/,media_report,2026-09-29T15:54Z,
2022-1-260f2716be,2022,1,Ipespe,share:Vera Lúcia,0.0,0,match,https://www.cnnbrasil.com.br/politica/pesquisa-ipespe-para-presidente-lula-tem-44-bolsonaro-35-2/,media_report,2026-09-29T15:54Z,
2022-1-260f2716be,2022,1,Ipespe,blank_null,5.0,5,match,https://www.cnnbrasil.com.br/politica/pesquisa-ipespe-para-presidente-lula-tem-44-bolsonaro-35-2/,media_report,2026-09-29T15:54Z,source: branco/nulo/não vai votar 3 + não sabe/não respondeu 2 = 5
2022-1-be5b3a9427,2022,1,MDA,field_start,2022-08-25,2022-08-25,match,https://www.cnnbrasil.com.br/politica/pesquisa-mda-para-presidente-lula-tem-423-bolsonaro-341/,media_report,2026-09-29T15:54Z,CNT/MDA face-to-face; TSE BR-00950/2022; 1-dp source
2022-1-be5b3a9427,2022,1,MDA,field_end,2022-08-28,2022-08-28,match,https://www.cnnbrasil.com.br/politica/pesquisa-mda-para-presidente-lula-tem-423-bolsonaro-341/,media_report,2026-09-29T15:54Z,
2022-1-be5b3a9427,2022,1,MDA,sample_size,2002,2002,match,https://www.cnnbrasil.com.br/politica/pesquisa-mda-para-presidente-lula-tem-423-bolsonaro-341/,media_report,2026-09-29T15:54Z,
2022-1-be5b3a9427,2022,1,MDA,share:Lula,42.3,42.3,match,https://www.cnnbrasil.com.br/politica/pesquisa-mda-para-presidente-lula-tem-423-bolsonaro-341/,media_report,2026-09-29T15:54Z,
2022-1-be5b3a9427,2022,1,MDA,share:Jair Bolsonaro,34.1,34.1,match,https://www.cnnbrasil.com.br/politica/pesquisa-mda-para-presidente-lula-tem-423-bolsonaro-341/,media_report,2026-09-29T15:54Z,
2022-1-be5b3a9427,2022,1,MDA,share:Ciro Gomes,7.3,7.3,match,https://www.cnnbrasil.com.br/politica/pesquisa-mda-para-presidente-lula-tem-423-bolsonaro-341/,media_report,2026-09-29T15:54Z,
2022-1-be5b3a9427,2022,1,MDA,share:Simone Tebet,2.1,2.1,match,https://www.cnnbrasil.com.br/politica/pesquisa-mda-para-presidente-lula-tem-423-bolsonaro-341/,media_report,2026-09-29T15:54Z,
2022-1-be5b3a9427,2022,1,MDA,share:Pablo Marçal,0.4,0.4,match,https://www.cnnbrasil.com.br/politica/pesquisa-mda-para-presidente-lula-tem-423-bolsonaro-341/,media_report,2026-09-29T15:54Z,
2022-1-be5b3a9427,2022,1,MDA,share:Felipe d'Avila,0.3,0.3,match,https://www.cnnbrasil.com.br/politica/pesquisa-mda-para-presidente-lula-tem-423-bolsonaro-341/,media_report,2026-09-29T15:54Z,
2022-1-be5b3a9427,2022,1,MDA,share:Roberto Jefferson,0.2,0.2,match,https://www.cnnbrasil.com.br/politica/pesquisa-mda-para-presidente-lula-tem-423-bolsonaro-341/,media_report,2026-09-29T15:54Z,
2022-1-be5b3a9427,2022,1,MDA,share:Léo Péricles,0.1,0.1,match,https://www.cnnbrasil.com.br/politica/pesquisa-mda-para-presidente-lula-tem-423-bolsonaro-341/,media_report,2026-09-29T15:54Z,
2022-1-be5b3a9427,2022,1,MDA,share:Vera Lúcia,0.1,0.1,match,https://www.cnnbrasil.com.br/politica/pesquisa-mda-para-presidente-lula-tem-423-bolsonaro-341/,media_report,2026-09-29T15:54Z,
2022-1-be5b3a9427,2022,1,MDA,share:Soraya Thronicke,0.0,0.0,match,https://www.cnnbrasil.com.br/politica/pesquisa-mda-para-presidente-lula-tem-423-bolsonaro-341/,media_report,2026-09-29T15:54Z,
2022-1-be5b3a9427,2022,1,MDA,share:José Maria Eymael,0.0,0.0,match,https://www.cnnbrasil.com.br/politica/pesquisa-mda-para-presidente-lula-tem-423-bolsonaro-341/,media_report,2026-09-29T15:54Z,
2022-1-be5b3a9427,2022,1,MDA,share:Sofia Manzano,0.0,0.0,match,https://www.cnnbrasil.com.br/politica/pesquisa-mda-para-presidente-lula-tem-423-bolsonaro-341/,media_report,2026-09-29T15:54Z,
2022-1-be5b3a9427,2022,1,MDA,blank_null,12.8,12.8,match,https://www.cnnbrasil.com.br/politica/pesquisa-mda-para-presidente-lula-tem-423-bolsonaro-341/,media_report,2026-09-29T15:54Z,source: brancos/nulos 5.0 + indecisos 7.8 = 12.8
2022-1-4f7f9f09cd,2022,1,Ideia,field_start,2022-08-19,2022-08-19,match,https://www.cnnbrasil.com.br/politica/pesquisa-ideia-para-presidente-lula-tem-44-bolsonaro-36/,media_report,2026-09-29T15:54Z,Exame/Ideia telephone; TSE BR-02405/2022; integer-rounded for major candidates
2022-1-4f7f9f09cd,2022,1,Ideia,field_end,2022-08-24,2022-08-24,match,https://www.cnnbrasil.com.br/politica/pesquisa-ideia-para-presidente-lula-tem-44-bolsonaro-36/,media_report,2026-09-29T15:54Z,
2022-1-4f7f9f09cd,2022,1,Ideia,sample_size,1500,1500,match,https://www.cnnbrasil.com.br/politica/pesquisa-ideia-para-presidente-lula-tem-44-bolsonaro-36/,media_report,2026-09-29T15:54Z,
2022-1-4f7f9f09cd,2022,1,Ideia,share:Lula,44.0,44,match,https://www.cnnbrasil.com.br/politica/pesquisa-ideia-para-presidente-lula-tem-44-bolsonaro-36/,media_report,2026-09-29T15:54Z,
2022-1-4f7f9f09cd,2022,1,Ideia,share:Jair Bolsonaro,36.0,36,match,https://www.cnnbrasil.com.br/politica/pesquisa-ideia-para-presidente-lula-tem-44-bolsonaro-36/,media_report,2026-09-29T15:54Z,
2022-1-4f7f9f09cd,2022,1,Ideia,share:Ciro Gomes,9.0,9,match,https://www.cnnbrasil.com.br/politica/pesquisa-ideia-para-presidente-lula-tem-44-bolsonaro-36/,media_report,2026-09-29T15:54Z,
2022-1-4f7f9f09cd,2022,1,Ideia,share:Simone Tebet,4.0,4,match,https://www.cnnbrasil.com.br/politica/pesquisa-ideia-para-presidente-lula-tem-44-bolsonaro-36/,media_report,2026-09-29T15:54Z,
2022-1-4f7f9f09cd,2022,1,Ideia,share:Vera Lúcia,1.0,1,match,https://www.cnnbrasil.com.br/politica/pesquisa-ideia-para-presidente-lula-tem-44-bolsonaro-36/,media_report,2026-09-29T15:54Z,
2022-1-4f7f9f09cd,2022,1,Ideia,share:Pablo Marçal,1.0,1,match,https://www.cnnbrasil.com.br/politica/pesquisa-ideia-para-presidente-lula-tem-44-bolsonaro-36/,media_report,2026-09-29T15:54Z,
2022-1-4f7f9f09cd,2022,1,Ideia,share:Felipe d'Avila,1.0,1,match,https://www.cnnbrasil.com.br/politica/pesquisa-ideia-para-presidente-lula-tem-44-bolsonaro-36/,media_report,2026-09-29T15:54Z,
2022-1-4f7f9f09cd,2022,1,Ideia,share:Léo Péricles,0.2,0.2,match,https://www.cnnbrasil.com.br/politica/pesquisa-ideia-para-presidente-lula-tem-44-bolsonaro-36/,media_report,2026-09-29T15:54Z,
2022-1-4f7f9f09cd,2022,1,Ideia,share:Sofia Manzano,0.1,0.1,match,https://www.cnnbrasil.com.br/politica/pesquisa-ideia-para-presidente-lula-tem-44-bolsonaro-36/,media_report,2026-09-29T15:54Z,
2022-1-4f7f9f09cd,2022,1,Ideia,share:José Maria Eymael,0.1,0.1,match,https://www.cnnbrasil.com.br/politica/pesquisa-ideia-para-presidente-lula-tem-44-bolsonaro-36/,media_report,2026-09-29T15:54Z,
2022-1-4f7f9f09cd,2022,1,Ideia,share:Roberto Jefferson,0.1,0.1,match,https://www.cnnbrasil.com.br/politica/pesquisa-ideia-para-presidente-lula-tem-44-bolsonaro-36/,media_report,2026-09-29T15:54Z,
2022-1-4f7f9f09cd,2022,1,Ideia,share:Soraya Thronicke,0.1,0.1,match,https://www.cnnbrasil.com.br/politica/pesquisa-ideia-para-presidente-lula-tem-44-bolsonaro-36/,media_report,2026-09-29T15:54Z,
2022-1-4f7f9f09cd,2022,1,Ideia,blank_null,5.0,5,match,https://www.cnnbrasil.com.br/politica/pesquisa-ideia-para-presidente-lula-tem-44-bolsonaro-36/,media_report,2026-09-29T15:54Z,source: brancos/nulos 2 + não sabe/não respondeu 3 = 5
2022-1-4322ca8a47,2022,1,PoderData,field_start,2022-08-14,2022-08-14,match,https://www.opovo.com.br/eleicoes-2022/2022/08/17/pesquisa-poderdata-lula-lidera-com-44-bolsonaro-tem-37-e-ciro-6.html,media_report,2026-09-29T15:54Z,PoderData; TSE BR-02548/2022; poder360.com.br returned 403 so O Povo report used; integer-rounded source
2022-1-4322ca8a47,2022,1,PoderData,field_end,2022-08-16,2022-08-16,match,https://www.opovo.com.br/eleicoes-2022/2022/08/17/pesquisa-poderdata-lula-lidera-com-44-bolsonaro-tem-37-e-ciro-6.html,media_report,2026-09-29T15:54Z,
2022-1-4322ca8a47,2022,1,PoderData,sample_size,3500,3500,match,https://www.opovo.com.br/eleicoes-2022/2022/08/17/pesquisa-poderdata-lula-lidera-com-44-bolsonaro-tem-37-e-ciro-6.html,media_report,2026-09-29T15:54Z,
2022-1-4322ca8a47,2022,1,PoderData,share:Lula,44.0,44,match,https://www.opovo.com.br/eleicoes-2022/2022/08/17/pesquisa-poderdata-lula-lidera-com-44-bolsonaro-tem-37-e-ciro-6.html,media_report,2026-09-29T15:54Z,
2022-1-4322ca8a47,2022,1,PoderData,share:Jair Bolsonaro,37.0,37,match,https://www.opovo.com.br/eleicoes-2022/2022/08/17/pesquisa-poderdata-lula-lidera-com-44-bolsonaro-tem-37-e-ciro-6.html,media_report,2026-09-29T15:54Z,
2022-1-4322ca8a47,2022,1,PoderData,share:Ciro Gomes,6.0,6,match,https://www.opovo.com.br/eleicoes-2022/2022/08/17/pesquisa-poderdata-lula-lidera-com-44-bolsonaro-tem-37-e-ciro-6.html,media_report,2026-09-29T15:54Z,
2022-1-4322ca8a47,2022,1,PoderData,share:Simone Tebet,4.0,4,match,https://www.opovo.com.br/eleicoes-2022/2022/08/17/pesquisa-poderdata-lula-lidera-com-44-bolsonaro-tem-37-e-ciro-6.html,media_report,2026-09-29T15:54Z,
2022-1-4322ca8a47,2022,1,PoderData,share:Sofia Manzano,1.0,1,match,https://www.opovo.com.br/eleicoes-2022/2022/08/17/pesquisa-poderdata-lula-lidera-com-44-bolsonaro-tem-37-e-ciro-6.html,media_report,2026-09-29T15:54Z,
2022-1-4322ca8a47,2022,1,PoderData,share:Felipe d'Avila,0.0,0,match,https://www.opovo.com.br/eleicoes-2022/2022/08/17/pesquisa-poderdata-lula-lidera-com-44-bolsonaro-tem-37-e-ciro-6.html,media_report,2026-09-29T15:54Z,
2022-1-4322ca8a47,2022,1,PoderData,share:Soraya Thronicke,0.0,0,match,https://www.opovo.com.br/eleicoes-2022/2022/08/17/pesquisa-poderdata-lula-lidera-com-44-bolsonaro-tem-37-e-ciro-6.html,media_report,2026-09-29T15:54Z,
2022-1-4322ca8a47,2022,1,PoderData,share:Pablo Marçal,0.0,0,match,https://www.opovo.com.br/eleicoes-2022/2022/08/17/pesquisa-poderdata-lula-lidera-com-44-bolsonaro-tem-37-e-ciro-6.html,media_report,2026-09-29T15:54Z,
2022-1-4322ca8a47,2022,1,PoderData,share:Roberto Jefferson,0.0,0,match,https://www.opovo.com.br/eleicoes-2022/2022/08/17/pesquisa-poderdata-lula-lidera-com-44-bolsonaro-tem-37-e-ciro-6.html,media_report,2026-09-29T15:54Z,
2022-1-4322ca8a47,2022,1,PoderData,share:Vera Lúcia,0.0,0,match,https://www.opovo.com.br/eleicoes-2022/2022/08/17/pesquisa-poderdata-lula-lidera-com-44-bolsonaro-tem-37-e-ciro-6.html,media_report,2026-09-29T15:54Z,
2022-1-4322ca8a47,2022,1,PoderData,share:Léo Péricles,0.0,0,match,https://www.opovo.com.br/eleicoes-2022/2022/08/17/pesquisa-poderdata-lula-lidera-com-44-bolsonaro-tem-37-e-ciro-6.html,media_report,2026-09-29T15:54Z,
2022-1-4322ca8a47,2022,1,PoderData,share:José Maria Eymael,0.0,0,match,https://www.opovo.com.br/eleicoes-2022/2022/08/17/pesquisa-poderdata-lula-lidera-com-44-bolsonaro-tem-37-e-ciro-6.html,media_report,2026-09-29T15:54Z,
2022-1-4322ca8a47,2022,1,PoderData,blank_null,7.0,7,match,https://www.opovo.com.br/eleicoes-2022/2022/08/17/pesquisa-poderdata-lula-lidera-com-44-bolsonaro-tem-37-e-ciro-6.html,media_report,2026-09-29T15:54Z,source: brancos e nulos 4 + não sabem/não responderam 3 = 7
2022-1-70c5bcdcd9,2022,1,FSB,field_start,2022-08-12,2022-08-12,match,https://www.metropoles.com/brasil/eleicoes-2022/fsb-btg-lula-tem-45-das-intencoes-de-voto-bolsonaro-34,media_report,2026-09-29T15:54Z,BTG/FSB telephone; n reported as '2 mil'; TSE BR-00603/2022; dates/n/top-4 corroborated by Correio Braziliense; integer-rounded source
2022-1-70c5bcdcd9,2022,1,FSB,field_end,2022-08-14,2022-08-14,match,https://www.metropoles.com/brasil/eleicoes-2022/fsb-btg-lula-tem-45-das-intencoes-de-voto-bolsonaro-34,media_report,2026-09-29T15:54Z,
2022-1-70c5bcdcd9,2022,1,FSB,sample_size,2000,2000,match,https://www.metropoles.com/brasil/eleicoes-2022/fsb-btg-lula-tem-45-das-intencoes-de-voto-bolsonaro-34,media_report,2026-09-29T15:54Z,
2022-1-70c5bcdcd9,2022,1,FSB,share:Lula,45.0,45,match,https://www.metropoles.com/brasil/eleicoes-2022/fsb-btg-lula-tem-45-das-intencoes-de-voto-bolsonaro-34,media_report,2026-09-29T15:54Z,
2022-1-70c5bcdcd9,2022,1,FSB,share:Jair Bolsonaro,34.0,34,match,https://www.metropoles.com/brasil/eleicoes-2022/fsb-btg-lula-tem-45-das-intencoes-de-voto-bolsonaro-34,media_report,2026-09-29T15:54Z,
2022-1-70c5bcdcd9,2022,1,FSB,share:Ciro Gomes,8.0,8,match,https://www.metropoles.com/brasil/eleicoes-2022/fsb-btg-lula-tem-45-das-intencoes-de-voto-bolsonaro-34,media_report,2026-09-29T15:54Z,
2022-1-70c5bcdcd9,2022,1,FSB,share:Simone Tebet,2.0,2,match,https://www.metropoles.com/brasil/eleicoes-2022/fsb-btg-lula-tem-45-das-intencoes-de-voto-bolsonaro-34,media_report,2026-09-29T15:54Z,
2022-1-70c5bcdcd9,2022,1,FSB,share:Felipe d'Avila,0.0,0,match,https://www.metropoles.com/brasil/eleicoes-2022/fsb-btg-lula-tem-45-das-intencoes-de-voto-bolsonaro-34,media_report,2026-09-29T15:54Z,source: 'não pontuaram'
2022-1-70c5bcdcd9,2022,1,FSB,share:Soraya Thronicke,0.0,0,match,https://www.metropoles.com/brasil/eleicoes-2022/fsb-btg-lula-tem-45-das-intencoes-de-voto-bolsonaro-34,media_report,2026-09-29T15:54Z,source: 'não pontuaram'
2022-1-70c5bcdcd9,2022,1,FSB,blank_null,8.0,8,match,https://www.metropoles.com/brasil/eleicoes-2022/fsb-btg-lula-tem-45-das-intencoes-de-voto-bolsonaro-34,media_report,2026-09-29T15:54Z,source: branco/nulo 1 + não sabem/não responderam 2 + não votariam em nenhum 5 = 8
2022-2-8d7b718e89,2022,2,AtlasIntel,field_start,2022-10-26,2022-10-26,match,https://exame.com/brasil/pesquisa-eleitoral-atlas-intel-29-outubro/,media_report,2026-09-29T15:54Z,AtlasIntel stimulated total-vote basis; TSE BR-04838/2022; valid 53.4/46.6; 1-dp source
2022-2-8d7b718e89,2022,2,AtlasIntel,field_end,2022-10-29,2022-10-29,match,https://exame.com/brasil/pesquisa-eleitoral-atlas-intel-29-outubro/,media_report,2026-09-29T15:54Z,
2022-2-8d7b718e89,2022,2,AtlasIntel,sample_size,7500,7500,match,https://exame.com/brasil/pesquisa-eleitoral-atlas-intel-29-outubro/,media_report,2026-09-29T15:54Z,
2022-2-8d7b718e89,2022,2,AtlasIntel,share:Lula,52.4,52.4,match,https://exame.com/brasil/pesquisa-eleitoral-atlas-intel-29-outubro/,media_report,2026-09-29T15:54Z,
2022-2-8d7b718e89,2022,2,AtlasIntel,share:Jair Bolsonaro,45.7,45.7,match,https://exame.com/brasil/pesquisa-eleitoral-atlas-intel-29-outubro/,media_report,2026-09-29T15:54Z,
2022-2-8d7b718e89,2022,2,AtlasIntel,blank_null,1.9,1.9,match,https://exame.com/brasil/pesquisa-eleitoral-atlas-intel-29-outubro/,media_report,2026-09-29T15:54Z,source: brancos/nulos/indecisos 1.9
2022-2-137249edbc,2022,2,Brasmarket,field_start,2022-10-23,2022-10-23,match,https://www.infobae.com/america/america-latina/2022/10/29/se-conocio-una-nueva-encuesta-a-menos-de-24-horas-del-ballotage-en-brasil/,media_report,2026-09-29T15:54Z,"corroborated by blogdobg.com.br (credits O Antagonista; TSE BR-07309/2022; valid 53/47); distinct from Brasmarket 21-25 Oct poll (48.0/41.5, BR-08584/2022) reported by Correio Braziliense/EM/Gazeta; 1-dp source"
2022-2-137249edbc,2022,2,Brasmarket,field_end,2022-10-27,2022-10-27,match,https://www.infobae.com/america/america-latina/2022/10/29/se-conocio-una-nueva-encuesta-a-menos-de-24-horas-del-ballotage-en-brasil/,media_report,2026-09-29T15:54Z,
2022-2-137249edbc,2022,2,Brasmarket,sample_size,2400,2400,match,https://www.infobae.com/america/america-latina/2022/10/29/se-conocio-una-nueva-encuesta-a-menos-de-24-horas-del-ballotage-en-brasil/,media_report,2026-09-29T15:54Z,
2022-2-137249edbc,2022,2,Brasmarket,share:Jair Bolsonaro,48.2,48.2,match,https://www.infobae.com/america/america-latina/2022/10/29/se-conocio-una-nueva-encuesta-a-menos-de-24-horas-del-ballotage-en-brasil/,media_report,2026-09-29T15:54Z,
2022-2-137249edbc,2022,2,Brasmarket,share:Lula,42.7,42.7,match,https://www.infobae.com/america/america-latina/2022/10/29/se-conocio-una-nueva-encuesta-a-menos-de-24-horas-del-ballotage-en-brasil/,media_report,2026-09-29T15:54Z,
2022-2-137249edbc,2022,2,Brasmarket,blank_null,9.1,9.1,match,https://www.infobae.com/america/america-latina/2022/10/29/se-conocio-una-nueva-encuesta-a-menos-de-24-horas-del-ballotage-en-brasil/,media_report,2026-09-29T15:54Z,source: brancos/nulos 4.3 + NS/NR 2.5 + não votarão 2.3 = 9.1
2022-2-91ae9b1b6d,2022,2,Futura,field_start,2022-10-10,2022-10-10,match,https://www.gazetadopovo.com.br/eleicoes/2022/pesquisa-eleitoral/modalmais-futura-presidente-segundo-turno-14-10-2022/,media_report,2026-09-29T15:54Z,Modalmais/Futura; TSE BR-06280/2022; 1-dp source
2022-2-91ae9b1b6d,2022,2,Futura,field_end,2022-10-12,2022-10-12,match,https://www.gazetadopovo.com.br/eleicoes/2022/pesquisa-eleitoral/modalmais-futura-presidente-segundo-turno-14-10-2022/,media_report,2026-09-29T15:54Z,
2022-2-91ae9b1b6d,2022,2,Futura,sample_size,2000,2000,match,https://www.gazetadopovo.com.br/eleicoes/2022/pesquisa-eleitoral/modalmais-futura-presidente-segundo-turno-14-10-2022/,media_report,2026-09-29T15:54Z,
2022-2-91ae9b1b6d,2022,2,Futura,share:Lula,46.9,46.9,match,https://www.gazetadopovo.com.br/eleicoes/2022/pesquisa-eleitoral/modalmais-futura-presidente-segundo-turno-14-10-2022/,media_report,2026-09-29T15:54Z,
2022-2-91ae9b1b6d,2022,2,Futura,share:Jair Bolsonaro,46.5,46.5,match,https://www.gazetadopovo.com.br/eleicoes/2022/pesquisa-eleitoral/modalmais-futura-presidente-segundo-turno-14-10-2022/,media_report,2026-09-29T15:54Z,
2022-2-91ae9b1b6d,2022,2,Futura,blank_null,6.6,6.6,match,https://www.gazetadopovo.com.br/eleicoes/2022/pesquisa-eleitoral/modalmais-futura-presidente-segundo-turno-14-10-2022/,media_report,2026-09-29T15:54Z,source: brancos/nulos 4.3 + NS/NR 2.3 = 6.6
2026-1-40855b367a,2026,1,Nexus,field_start,2026-09-25,2026-09-25,match,https://www.nexus.fsb.com.br/estudos-divulgados/pesquisa-btg-nexus-de-intencao-de-votos-para-presidente-do-brasil-28-de-setembro-de-2026/,pollster_release,2026-09-29T15:54Z,"BTG/Nexus 16th round, CATI; TSE BR-07557/2026; release gives 'others 1%' (parsed Samara Martins 1); integer-rounded source"
2026-1-40855b367a,2026,1,Nexus,field_end,2026-09-27,2026-09-27,match,https://www.nexus.fsb.com.br/estudos-divulgados/pesquisa-btg-nexus-de-intencao-de-votos-para-presidente-do-brasil-28-de-setembro-de-2026/,pollster_release,2026-09-29T15:54Z,
2026-1-40855b367a,2026,1,Nexus,sample_size,2000,2000,match,https://www.nexus.fsb.com.br/estudos-divulgados/pesquisa-btg-nexus-de-intencao-de-votos-para-presidente-do-brasil-28-de-setembro-de-2026/,pollster_release,2026-09-29T15:54Z,
2026-1-40855b367a,2026,1,Nexus,share:Lula,42.0,42,match,https://www.nexus.fsb.com.br/estudos-divulgados/pesquisa-btg-nexus-de-intencao-de-votos-para-presidente-do-brasil-28-de-setembro-de-2026/,pollster_release,2026-09-29T15:54Z,
2026-1-40855b367a,2026,1,Nexus,share:Flávio Bolsonaro,37.0,37,match,https://www.nexus.fsb.com.br/estudos-divulgados/pesquisa-btg-nexus-de-intencao-de-votos-para-presidente-do-brasil-28-de-setembro-de-2026/,pollster_release,2026-09-29T15:54Z,
2026-1-40855b367a,2026,1,Nexus,share:Augusto Cury,5.0,5,match,https://www.nexus.fsb.com.br/estudos-divulgados/pesquisa-btg-nexus-de-intencao-de-votos-para-presidente-do-brasil-28-de-setembro-de-2026/,pollster_release,2026-09-29T15:54Z,
2026-1-40855b367a,2026,1,Nexus,share:Ronaldo Caiado,5.0,5,match,https://www.nexus.fsb.com.br/estudos-divulgados/pesquisa-btg-nexus-de-intencao-de-votos-para-presidente-do-brasil-28-de-setembro-de-2026/,pollster_release,2026-09-29T15:54Z,
2026-1-40855b367a,2026,1,Nexus,share:Renan Santos,4.0,4,match,https://www.nexus.fsb.com.br/estudos-divulgados/pesquisa-btg-nexus-de-intencao-de-votos-para-presidente-do-brasil-28-de-setembro-de-2026/,pollster_release,2026-09-29T15:54Z,
2026-1-40855b367a,2026,1,Nexus,share:Romeu Zema,1.0,1,match,https://www.nexus.fsb.com.br/estudos-divulgados/pesquisa-btg-nexus-de-intencao-de-votos-para-presidente-do-brasil-28-de-setembro-de-2026/,pollster_release,2026-09-29T15:54Z,
2026-1-40855b367a,2026,1,Nexus,blank_null,5.0,5,match,https://www.nexus.fsb.com.br/estudos-divulgados/pesquisa-btg-nexus-de-intencao-de-votos-para-presidente-do-brasil-28-de-setembro-de-2026/,pollster_release,2026-09-29T15:54Z,source: brancos/nulos 3 + não respondeu 2 = 5
2026-1-4dfdd759f8,2026,1,Datafolha,field_start,2026-09-15,2026-09-15,match,https://www.gazetadopovo.com.br/eleicoes/2026/pesquisa-eleitoral-2026/datafolha-presidente-setembro-2026-3/,media_report,2026-09-29T15:54Z,Datafolha; TSE BR-04029/2026; integer-rounded source
2026-1-4dfdd759f8,2026,1,Datafolha,field_end,2026-09-16,2026-09-16,match,https://www.gazetadopovo.com.br/eleicoes/2026/pesquisa-eleitoral-2026/datafolha-presidente-setembro-2026-3/,media_report,2026-09-29T15:54Z,
2026-1-4dfdd759f8,2026,1,Datafolha,sample_size,2002,2002,match,https://www.gazetadopovo.com.br/eleicoes/2026/pesquisa-eleitoral-2026/datafolha-presidente-setembro-2026-3/,media_report,2026-09-29T15:54Z,
2026-1-4dfdd759f8,2026,1,Datafolha,share:Lula,39.0,39,match,https://www.gazetadopovo.com.br/eleicoes/2026/pesquisa-eleitoral-2026/datafolha-presidente-setembro-2026-3/,media_report,2026-09-29T15:54Z,
2026-1-4dfdd759f8,2026,1,Datafolha,share:Flávio Bolsonaro,36.0,36,match,https://www.gazetadopovo.com.br/eleicoes/2026/pesquisa-eleitoral-2026/datafolha-presidente-setembro-2026-3/,media_report,2026-09-29T15:54Z,
2026-1-4dfdd759f8,2026,1,Datafolha,share:Augusto Cury,6.0,6,match,https://www.gazetadopovo.com.br/eleicoes/2026/pesquisa-eleitoral-2026/datafolha-presidente-setembro-2026-3/,media_report,2026-09-29T15:54Z,
2026-1-4dfdd759f8,2026,1,Datafolha,share:Ronaldo Caiado,4.0,4,match,https://www.gazetadopovo.com.br/eleicoes/2026/pesquisa-eleitoral-2026/datafolha-presidente-setembro-2026-3/,media_report,2026-09-29T15:54Z,
2026-1-4dfdd759f8,2026,1,Datafolha,share:Renan Santos,3.0,3,match,https://www.gazetadopovo.com.br/eleicoes/2026/pesquisa-eleitoral-2026/datafolha-presidente-setembro-2026-3/,media_report,2026-09-29T15:54Z,
2026-1-4dfdd759f8,2026,1,Datafolha,share:Romeu Zema,2.0,2,match,https://www.gazetadopovo.com.br/eleicoes/2026/pesquisa-eleitoral-2026/datafolha-presidente-setembro-2026-3/,media_report,2026-09-29T15:54Z,
2026-1-4dfdd759f8,2026,1,Datafolha,share:Samara Martins,1.0,1,match,https://www.gazetadopovo.com.br/eleicoes/2026/pesquisa-eleitoral-2026/datafolha-presidente-setembro-2026-3/,media_report,2026-09-29T15:54Z,
2026-1-4dfdd759f8,2026,1,Datafolha,share:Rui Costa Pimenta,1.0,1,match,https://www.gazetadopovo.com.br/eleicoes/2026/pesquisa-eleitoral-2026/datafolha-presidente-setembro-2026-3/,media_report,2026-09-29T15:54Z,
2026-1-4dfdd759f8,2026,1,Datafolha,share:Edmilson Costa,0.0,0,match,https://www.gazetadopovo.com.br/eleicoes/2026/pesquisa-eleitoral-2026/datafolha-presidente-setembro-2026-3/,media_report,2026-09-29T15:54Z,
2026-1-4dfdd759f8,2026,1,Datafolha,share:Clariana Barão,0.0,0,match,https://www.gazetadopovo.com.br/eleicoes/2026/pesquisa-eleitoral-2026/datafolha-presidente-setembro-2026-3/,media_report,2026-09-29T15:54Z,
2026-1-4dfdd759f8,2026,1,Datafolha,share:Hertz Dias,0.0,0,match,https://www.gazetadopovo.com.br/eleicoes/2026/pesquisa-eleitoral-2026/datafolha-presidente-setembro-2026-3/,media_report,2026-09-29T15:54Z,
2026-1-4dfdd759f8,2026,1,Datafolha,share:Wilson Grassi,0.0,0,match,https://www.gazetadopovo.com.br/eleicoes/2026/pesquisa-eleitoral-2026/datafolha-presidente-setembro-2026-3/,media_report,2026-09-29T15:54Z,
2026-1-4dfdd759f8,2026,1,Datafolha,blank_null,9.0,9,match,https://www.gazetadopovo.com.br/eleicoes/2026/pesquisa-eleitoral-2026/datafolha-presidente-setembro-2026-3/,media_report,2026-09-29T15:54Z,source: branco/nulo/nenhum 6 + não sabe 3 = 9
2026-1-235486b0b9,2026,1,Quaest,field_start,2026-09-10,2026-09-10,match,https://www.gazetadopovo.com.br/eleicoes/2026/pesquisa-eleitoral-2026/quaest-presidente-setembro-2026-3/,media_report,2026-09-29T15:54Z,Genial/Quaest; TSE BR-03607/2026; other candidates 0%; integer-rounded source
2026-1-235486b0b9,2026,1,Quaest,field_end,2026-09-13,2026-09-13,match,https://www.gazetadopovo.com.br/eleicoes/2026/pesquisa-eleitoral-2026/quaest-presidente-setembro-2026-3/,media_report,2026-09-29T15:54Z,
2026-1-235486b0b9,2026,1,Quaest,sample_size,2004,2004,match,https://www.gazetadopovo.com.br/eleicoes/2026/pesquisa-eleitoral-2026/quaest-presidente-setembro-2026-3/,media_report,2026-09-29T15:54Z,
2026-1-235486b0b9,2026,1,Quaest,share:Lula,36.0,36,match,https://www.gazetadopovo.com.br/eleicoes/2026/pesquisa-eleitoral-2026/quaest-presidente-setembro-2026-3/,media_report,2026-09-29T15:54Z,
2026-1-235486b0b9,2026,1,Quaest,share:Flávio Bolsonaro,31.0,31,match,https://www.gazetadopovo.com.br/eleicoes/2026/pesquisa-eleitoral-2026/quaest-presidente-setembro-2026-3/,media_report,2026-09-29T15:54Z,
2026-1-235486b0b9,2026,1,Quaest,share:Augusto Cury,7.0,7,match,https://www.gazetadopovo.com.br/eleicoes/2026/pesquisa-eleitoral-2026/quaest-presidente-setembro-2026-3/,media_report,2026-09-29T15:54Z,
2026-1-235486b0b9,2026,1,Quaest,share:Renan Santos,4.0,4,match,https://www.gazetadopovo.com.br/eleicoes/2026/pesquisa-eleitoral-2026/quaest-presidente-setembro-2026-3/,media_report,2026-09-29T15:54Z,
2026-1-235486b0b9,2026,1,Quaest,share:Ronaldo Caiado,4.0,4,match,https://www.gazetadopovo.com.br/eleicoes/2026/pesquisa-eleitoral-2026/quaest-presidente-setembro-2026-3/,media_report,2026-09-29T15:54Z,
2026-1-235486b0b9,2026,1,Quaest,share:Romeu Zema,1.0,1,match,https://www.gazetadopovo.com.br/eleicoes/2026/pesquisa-eleitoral-2026/quaest-presidente-setembro-2026-3/,media_report,2026-09-29T15:54Z,
2026-1-235486b0b9,2026,1,Quaest,blank_null,17.0,17,match,https://www.gazetadopovo.com.br/eleicoes/2026/pesquisa-eleitoral-2026/quaest-presidente-setembro-2026-3/,media_report,2026-09-29T15:54Z,source: branco/nulo/não vai votar 7 + indecisos 10 = 17
2026-1-de343fc6e2,2026,1,Veritá,field_start,2026-09-04,2026-09-06,conflict,https://folhadepatrocinio.com/noticias/pesquisa-verita-primeiro-turno/,media_report,2026-09-29T15:54Z,Folha de Patrocínio (whose shares match the parse): institute window '6 a 11 de setembro'; Classe Política gives 4-12 Sep but with different shares (45.73/41.56) -> parsed row appears to combine dates of one Veritá release with values of another
2026-1-de343fc6e2,2026,1,Veritá,field_end,2026-09-12,2026-09-11,conflict,https://folhadepatrocinio.com/noticias/pesquisa-verita-primeiro-turno/,media_report,2026-09-29T15:54Z,see field_start; Classe Política gives end 12 Sep
2026-1-de343fc6e2,2026,1,Veritá,sample_size,40500,40500,match,https://folhadepatrocinio.com/noticias/pesquisa-verita-primeiro-turno/,media_report,2026-09-29T15:54Z,
2026-1-de343fc6e2,2026,1,Veritá,share:Flávio Bolsonaro,43.9,43.95,match,https://folhadepatrocinio.com/noticias/pesquisa-verita-primeiro-turno/,media_report,2026-09-29T15:54Z,"source 43.95 (2-dp); parsed 43.9 is a 1-dp rounding of the same figure (diff 0.05). NB Classe Política (20 Sep, https://classepolitica.com.br/noticia/pesquisa-verita-mostra-flavio-bolsonaro-com-4573-e-lula-com-4156) reports Flávio 45.73 for a 4-12 Sep field window"
2026-1-de343fc6e2,2026,1,Veritá,share:Lula,41.5,41.51,match,https://folhadepatrocinio.com/noticias/pesquisa-verita-primeiro-turno/,media_report,2026-09-29T15:54Z,source 41.51; Classe Política reports 41.56
2026-1-de343fc6e2,2026,1,Veritá,share:__others__,14.5,14.54,match,https://folhadepatrocinio.com/noticias/pesquisa-verita-primeiro-turno/,media_report,2026-09-29T15:54Z,"source: 'demais nomes somam 14,54%'"
2026-1-de343fc6e2,2026,1,Veritá,blank_null,,,not_found,https://folhadepatrocinio.com/noticias/pesquisa-verita-primeiro-turno/,media_report,2026-09-29T15:54Z,"source reports no blank/null/undecided; the three shares sum to 100.00, so basis is likely valid-vote-equivalent although not labelled; parsed blank_null is empty"
2026-1-d10f3a0f3c,2026,1,PoderData,field_start,2026-09-06,2026-09-06,match,https://ocapixaba.com.br/brasil/2026/09/lula-tem-38-no-1o-turno-flavio-36-cury-10/,media_report,2026-09-29T15:54Z,PoderData/Aya; TSE BR-04914/2026; poder360.com.br returned 403 so regional report used; integer-rounded source
2026-1-d10f3a0f3c,2026,1,PoderData,field_end,2026-09-09,2026-09-09,match,https://ocapixaba.com.br/brasil/2026/09/lula-tem-38-no-1o-turno-flavio-36-cury-10/,media_report,2026-09-29T15:54Z,
2026-1-d10f3a0f3c,2026,1,PoderData,sample_size,3000,3000,match,https://ocapixaba.com.br/brasil/2026/09/lula-tem-38-no-1o-turno-flavio-36-cury-10/,media_report,2026-09-29T15:54Z,
2026-1-d10f3a0f3c,2026,1,PoderData,share:Lula,38.0,38,match,https://ocapixaba.com.br/brasil/2026/09/lula-tem-38-no-1o-turno-flavio-36-cury-10/,media_report,2026-09-29T15:54Z,
2026-1-d10f3a0f3c,2026,1,PoderData,share:Flávio Bolsonaro,36.0,36,match,https://ocapixaba.com.br/brasil/2026/09/lula-tem-38-no-1o-turno-flavio-36-cury-10/,media_report,2026-09-29T15:54Z,
2026-1-d10f3a0f3c,2026,1,PoderData,share:Augusto Cury,10.0,10,match,https://ocapixaba.com.br/brasil/2026/09/lula-tem-38-no-1o-turno-flavio-36-cury-10/,media_report,2026-09-29T15:54Z,
2026-1-d10f3a0f3c,2026,1,PoderData,share:Renan Santos,3.0,3,match,https://ocapixaba.com.br/brasil/2026/09/lula-tem-38-no-1o-turno-flavio-36-cury-10/,media_report,2026-09-29T15:54Z,
2026-1-d10f3a0f3c,2026,1,PoderData,share:Ronaldo Caiado,2.0,2,match,https://ocapixaba.com.br/brasil/2026/09/lula-tem-38-no-1o-turno-flavio-36-cury-10/,media_report,2026-09-29T15:54Z,
2026-1-d10f3a0f3c,2026,1,PoderData,share:Pablo Marçal,2.0,2,match,https://ocapixaba.com.br/brasil/2026/09/lula-tem-38-no-1o-turno-flavio-36-cury-10/,media_report,2026-09-29T15:54Z,
2026-1-d10f3a0f3c,2026,1,PoderData,share:Hertz Dias,1.0,1,match,https://ocapixaba.com.br/brasil/2026/09/lula-tem-38-no-1o-turno-flavio-36-cury-10/,media_report,2026-09-29T15:54Z,
2026-1-d10f3a0f3c,2026,1,PoderData,share:Romeu Zema,1.0,1,match,https://ocapixaba.com.br/brasil/2026/09/lula-tem-38-no-1o-turno-flavio-36-cury-10/,media_report,2026-09-29T15:54Z,
2026-1-d10f3a0f3c,2026,1,PoderData,share:Rui Costa Pimenta,1.0,1,match,https://ocapixaba.com.br/brasil/2026/09/lula-tem-38-no-1o-turno-flavio-36-cury-10/,media_report,2026-09-29T15:54Z,
2026-1-d10f3a0f3c,2026,1,PoderData,share:Edmilson Costa,1.0,1,match,https://ocapixaba.com.br/brasil/2026/09/lula-tem-38-no-1o-turno-flavio-36-cury-10/,media_report,2026-09-29T15:54Z,
2026-1-d10f3a0f3c,2026,1,PoderData,share:Clariana Barão,0.0,0,match,https://ocapixaba.com.br/brasil/2026/09/lula-tem-38-no-1o-turno-flavio-36-cury-10/,media_report,2026-09-29T15:54Z,
2026-1-d10f3a0f3c,2026,1,PoderData,share:Samara Martins,0.0,0,match,https://ocapixaba.com.br/brasil/2026/09/lula-tem-38-no-1o-turno-flavio-36-cury-10/,media_report,2026-09-29T15:54Z,
2026-1-d10f3a0f3c,2026,1,PoderData,share:Wilson Grassi,0.0,0,match,https://ocapixaba.com.br/brasil/2026/09/lula-tem-38-no-1o-turno-flavio-36-cury-10/,media_report,2026-09-29T15:54Z,
2026-1-d10f3a0f3c,2026,1,PoderData,blank_null,4.0,4,match,https://ocapixaba.com.br/brasil/2026/09/lula-tem-38-no-1o-turno-flavio-36-cury-10/,media_report,2026-09-29T15:54Z,source: brancos/nulos 3 + indecisos 1 = 4
2026-1-fb0ad4acc8,2026,1,PoderData,field_start,2026-08-30,2026-08-30,match,https://www.gazetadopovo.com.br/eleicoes/2026/pesquisa-eleitoral-2026/poderdata-presidente-setembro-2026/,media_report,2026-09-29T15:54Z,PoderData; TSE BR-07561/2026; integer-rounded source
2026-1-fb0ad4acc8,2026,1,PoderData,field_end,2026-09-02,2026-09-02,match,https://www.gazetadopovo.com.br/eleicoes/2026/pesquisa-eleitoral-2026/poderdata-presidente-setembro-2026/,media_report,2026-09-29T15:54Z,
2026-1-fb0ad4acc8,2026,1,PoderData,sample_size,3000,3000,match,https://www.gazetadopovo.com.br/eleicoes/2026/pesquisa-eleitoral-2026/poderdata-presidente-setembro-2026/,media_report,2026-09-29T15:54Z,
2026-1-fb0ad4acc8,2026,1,PoderData,share:Lula,37.0,37,match,https://www.gazetadopovo.com.br/eleicoes/2026/pesquisa-eleitoral-2026/poderdata-presidente-setembro-2026/,media_report,2026-09-29T15:54Z,
2026-1-fb0ad4acc8,2026,1,PoderData,share:Flávio Bolsonaro,34.0,34,match,https://www.gazetadopovo.com.br/eleicoes/2026/pesquisa-eleitoral-2026/poderdata-presidente-setembro-2026/,media_report,2026-09-29T15:54Z,
2026-1-fb0ad4acc8,2026,1,PoderData,share:Augusto Cury,10.0,10,match,https://www.gazetadopovo.com.br/eleicoes/2026/pesquisa-eleitoral-2026/poderdata-presidente-setembro-2026/,media_report,2026-09-29T15:54Z,
2026-1-fb0ad4acc8,2026,1,PoderData,share:Renan Santos,3.0,3,match,https://www.gazetadopovo.com.br/eleicoes/2026/pesquisa-eleitoral-2026/poderdata-presidente-setembro-2026/,media_report,2026-09-29T15:54Z,
2026-1-fb0ad4acc8,2026,1,PoderData,share:Ronaldo Caiado,2.0,2,match,https://www.gazetadopovo.com.br/eleicoes/2026/pesquisa-eleitoral-2026/poderdata-presidente-setembro-2026/,media_report,2026-09-29T15:54Z,
2026-1-fb0ad4acc8,2026,1,PoderData,share:Pablo Marçal,2.0,2,match,https://www.gazetadopovo.com.br/eleicoes/2026/pesquisa-eleitoral-2026/poderdata-presidente-setembro-2026/,media_report,2026-09-29T15:54Z,
2026-1-fb0ad4acc8,2026,1,PoderData,share:Hertz Dias,2.0,2,match,https://www.gazetadopovo.com.br/eleicoes/2026/pesquisa-eleitoral-2026/poderdata-presidente-setembro-2026/,media_report,2026-09-29T15:54Z,
2026-1-fb0ad4acc8,2026,1,PoderData,share:Romeu Zema,1.0,1,match,https://www.gazetadopovo.com.br/eleicoes/2026/pesquisa-eleitoral-2026/poderdata-presidente-setembro-2026/,media_report,2026-09-29T15:54Z,
2026-1-fb0ad4acc8,2026,1,PoderData,share:Edmilson Costa,1.0,1,match,https://www.gazetadopovo.com.br/eleicoes/2026/pesquisa-eleitoral-2026/poderdata-presidente-setembro-2026/,media_report,2026-09-29T15:54Z,
2026-1-fb0ad4acc8,2026,1,PoderData,share:Samara Martins,1.0,1,match,https://www.gazetadopovo.com.br/eleicoes/2026/pesquisa-eleitoral-2026/poderdata-presidente-setembro-2026/,media_report,2026-09-29T15:54Z,
2026-1-fb0ad4acc8,2026,1,PoderData,share:Clariana Barão,1.0,1,match,https://www.gazetadopovo.com.br/eleicoes/2026/pesquisa-eleitoral-2026/poderdata-presidente-setembro-2026/,media_report,2026-09-29T15:54Z,
2026-1-fb0ad4acc8,2026,1,PoderData,share:Rui Costa Pimenta,1.0,1,match,https://www.gazetadopovo.com.br/eleicoes/2026/pesquisa-eleitoral-2026/poderdata-presidente-setembro-2026/,media_report,2026-09-29T15:54Z,
2026-1-fb0ad4acc8,2026,1,PoderData,share:Wilson Grassi,0.0,0,match,https://www.gazetadopovo.com.br/eleicoes/2026/pesquisa-eleitoral-2026/poderdata-presidente-setembro-2026/,media_report,2026-09-29T15:54Z,
2026-1-fb0ad4acc8,2026,1,PoderData,blank_null,7.0,7,match,https://www.gazetadopovo.com.br/eleicoes/2026/pesquisa-eleitoral-2026/poderdata-presidente-setembro-2026/,media_report,2026-09-29T15:54Z,source: branco/nulo 5 + indecisos 2 = 7
2026-1-7a0844b9da,2026,1,Nexus,field_start,2026-08-21,2026-08-21,match,https://www.gazetadopovo.com.br/eleicoes/2026/pesquisa-eleitoral-2026/nexus-btg-pactual-presidente-agosto-2026-4/,media_report,2026-09-29T15:54Z,BTG/Nexus scenario without Marçal; TSE BR-09028/2026; integer-rounded source
2026-1-7a0844b9da,2026,1,Nexus,field_end,2026-08-23,2026-08-23,match,https://www.gazetadopovo.com.br/eleicoes/2026/pesquisa-eleitoral-2026/nexus-btg-pactual-presidente-agosto-2026-4/,media_report,2026-09-29T15:54Z,
2026-1-7a0844b9da,2026,1,Nexus,sample_size,2006,2006,match,https://www.gazetadopovo.com.br/eleicoes/2026/pesquisa-eleitoral-2026/nexus-btg-pactual-presidente-agosto-2026-4/,media_report,2026-09-29T15:54Z,
2026-1-7a0844b9da,2026,1,Nexus,share:Lula,41.0,41,match,https://www.gazetadopovo.com.br/eleicoes/2026/pesquisa-eleitoral-2026/nexus-btg-pactual-presidente-agosto-2026-4/,media_report,2026-09-29T15:54Z,
2026-1-7a0844b9da,2026,1,Nexus,share:Flávio Bolsonaro,37.0,37,match,https://www.gazetadopovo.com.br/eleicoes/2026/pesquisa-eleitoral-2026/nexus-btg-pactual-presidente-agosto-2026-4/,media_report,2026-09-29T15:54Z,
2026-1-7a0844b9da,2026,1,Nexus,share:Ronaldo Caiado,5.0,5,match,https://www.gazetadopovo.com.br/eleicoes/2026/pesquisa-eleitoral-2026/nexus-btg-pactual-presidente-agosto-2026-4/,media_report,2026-09-29T15:54Z,
2026-1-7a0844b9da,2026,1,Nexus,share:Renan Santos,3.0,3,match,https://www.gazetadopovo.com.br/eleicoes/2026/pesquisa-eleitoral-2026/nexus-btg-pactual-presidente-agosto-2026-4/,media_report,2026-09-29T15:54Z,
2026-1-7a0844b9da,2026,1,Nexus,share:Romeu Zema,3.0,3,match,https://www.gazetadopovo.com.br/eleicoes/2026/pesquisa-eleitoral-2026/nexus-btg-pactual-presidente-agosto-2026-4/,media_report,2026-09-29T15:54Z,
2026-1-7a0844b9da,2026,1,Nexus,share:Augusto Cury,2.0,2,match,https://www.gazetadopovo.com.br/eleicoes/2026/pesquisa-eleitoral-2026/nexus-btg-pactual-presidente-agosto-2026-4/,media_report,2026-09-29T15:54Z,
2026-1-7a0844b9da,2026,1,Nexus,share:Samara Martins,1.0,1,match,https://www.gazetadopovo.com.br/eleicoes/2026/pesquisa-eleitoral-2026/nexus-btg-pactual-presidente-agosto-2026-4/,media_report,2026-09-29T15:54Z,
2026-1-7a0844b9da,2026,1,Nexus,blank_null,8.0,8,match,https://www.gazetadopovo.com.br/eleicoes/2026/pesquisa-eleitoral-2026/nexus-btg-pactual-presidente-agosto-2026-4/,media_report,2026-09-29T15:54Z,source (scenario without Marçal): branco/nulo/nenhum 5 + indecisos 3 = 8
2026-1-f25b09cd46,2026,1,Datafolha,field_start,2026-08-18,2026-08-18,match,https://www.gazetadopovo.com.br/eleicoes/2026/pesquisa-eleitoral-2026/datafolha-presidente-agosto-2026/,media_report,2026-09-29T15:54Z,Datafolha scenario without Marçal; TSE BR-04496/2026; integer-rounded source
2026-1-f25b09cd46,2026,1,Datafolha,field_end,2026-08-20,2026-08-20,match,https://www.gazetadopovo.com.br/eleicoes/2026/pesquisa-eleitoral-2026/datafolha-presidente-agosto-2026/,media_report,2026-09-29T15:54Z,
2026-1-f25b09cd46,2026,1,Datafolha,sample_size,2058,2058,match,https://www.gazetadopovo.com.br/eleicoes/2026/pesquisa-eleitoral-2026/datafolha-presidente-agosto-2026/,media_report,2026-09-29T15:54Z,
2026-1-f25b09cd46,2026,1,Datafolha,share:Lula,39.0,39,match,https://www.gazetadopovo.com.br/eleicoes/2026/pesquisa-eleitoral-2026/datafolha-presidente-agosto-2026/,media_report,2026-09-29T15:54Z,
2026-1-f25b09cd46,2026,1,Datafolha,share:Flávio Bolsonaro,33.0,33,match,https://www.gazetadopovo.com.br/eleicoes/2026/pesquisa-eleitoral-2026/datafolha-presidente-agosto-2026/,media_report,2026-09-29T15:54Z,
2026-1-f25b09cd46,2026,1,Datafolha,share:Ronaldo Caiado,5.0,5,match,https://www.gazetadopovo.com.br/eleicoes/2026/pesquisa-eleitoral-2026/datafolha-presidente-agosto-2026/,media_report,2026-09-29T15:54Z,
2026-1-f25b09cd46,2026,1,Datafolha,share:Renan Santos,4.0,4,match,https://www.gazetadopovo.com.br/eleicoes/2026/pesquisa-eleitoral-2026/datafolha-presidente-agosto-2026/,media_report,2026-09-29T15:54Z,
2026-1-f25b09cd46,2026,1,Datafolha,share:Romeu Zema,3.0,3,match,https://www.gazetadopovo.com.br/eleicoes/2026/pesquisa-eleitoral-2026/datafolha-presidente-agosto-2026/,media_report,2026-09-29T15:54Z,Gazeta do Povo table: 3; gazetaweb.com headline says 'Zema 4%' (secondary-outlet inconsistency)
2026-1-f25b09cd46,2026,1,Datafolha,share:Augusto Cury,2.0,2,match,https://www.gazetadopovo.com.br/eleicoes/2026/pesquisa-eleitoral-2026/datafolha-presidente-agosto-2026/,media_report,2026-09-29T15:54Z,
2026-1-f25b09cd46,2026,1,Datafolha,share:Samara Martins,1.0,1,match,https://www.gazetadopovo.com.br/eleicoes/2026/pesquisa-eleitoral-2026/datafolha-presidente-agosto-2026/,media_report,2026-09-29T15:54Z,
2026-1-f25b09cd46,2026,1,Datafolha,share:Rui Costa Pimenta,1.0,1,match,https://www.gazetadopovo.com.br/eleicoes/2026/pesquisa-eleitoral-2026/datafolha-presidente-agosto-2026/,media_report,2026-09-29T15:54Z,
2026-1-f25b09cd46,2026,1,Datafolha,share:Wilson Grassi,1.0,1,match,https://www.gazetadopovo.com.br/eleicoes/2026/pesquisa-eleitoral-2026/datafolha-presidente-agosto-2026/,media_report,2026-09-29T15:54Z,
2026-1-f25b09cd46,2026,1,Datafolha,share:Edmilson Costa,1.0,1,match,https://www.gazetadopovo.com.br/eleicoes/2026/pesquisa-eleitoral-2026/datafolha-presidente-agosto-2026/,media_report,2026-09-29T15:54Z,
2026-1-f25b09cd46,2026,1,Datafolha,share:Clariana Barão,0.0,0,match,https://www.gazetadopovo.com.br/eleicoes/2026/pesquisa-eleitoral-2026/datafolha-presidente-agosto-2026/,media_report,2026-09-29T15:54Z,
2026-1-f25b09cd46,2026,1,Datafolha,share:Hertz Dias,0.0,0,match,https://www.gazetadopovo.com.br/eleicoes/2026/pesquisa-eleitoral-2026/datafolha-presidente-agosto-2026/,media_report,2026-09-29T15:54Z,
2026-1-f25b09cd46,2026,1,Datafolha,blank_null,10.0,10,match,https://www.gazetadopovo.com.br/eleicoes/2026/pesquisa-eleitoral-2026/datafolha-presidente-agosto-2026/,media_report,2026-09-29T15:54Z,source (scenario without Marçal): branco/nulo 6 + indecisos 4 = 10; tvtnews.com.br gives 8 + 3 (inconsistent secondary report)
