election,round,pollster,contractor,field_start,field_end,publication_date,sample_size,tse_br_id,scenario,candidate,share_total_pct,blank_null_pct,undecided_pct,share_valid_pct,source_url,source_type,retrieved_utc,notes
2014,2,Ibope,TV Globo; O Estado de S. Paulo,2014-08-23,2014-08-25,2014-08-27,2506,BR-00428/2014,Aécio Neves vs Dilma Rousseff,Aécio Neves,35,12,12,,https://web.archive.org/web/20140917233506id_/http://eleicoes.ibopeinteligencia.com/Documents/Nacional%20-%20Relat%C3%B3rios/JOB_0462-3_BRASIL%20-%20Relat%C3%B3rio%20de%20tabelas.pdf,wayback,2026-09-29T17:21:45Z,"pollster_release (Ibope Inteligencia report of tables JOB0462-3) via Wayback; total-respondent basis (base 2506); blank_null=Branco/Nulo, undecided=Nao sabe/Nao respondeu; valid-vote runoff shares not printed; publication_date = pollster release page 'Data de Publicacao' (https://web.archive.org/web/20140905061628/http://eleicoes.ibopeinteligencia.com:80/Paginas/Com-o-novo-cenario-eleitoral-Dilma-e-Marina-disputariam-hoje-o-segundo-turno.aspx, retrieved 2026-09-29T17:19:37Z; page header date 2014-08-27); G1 article published 2014-08-26 (https://g1.globo.com/politica/eleicoes/2014/noticia/2014/08/pesquisa-ibope-mostra-dilma-com-34-e-marina-silva-com-29.html) with identical runoff figures; Marina Silva vs Aecio Neves not simulated in this wave (pollster release: two runoff scenarios; G1 states Ibope did not simulate it); Estadao Conteudo reprint (meon.com.br) prints registration as BR-428/2014"
2014,2,Ibope,TV Globo; O Estado de S. Paulo,2014-08-23,2014-08-25,2014-08-27,2506,BR-00428/2014,Aécio Neves vs Dilma Rousseff,Dilma Rousseff,41,12,12,,https://web.archive.org/web/20140917233506id_/http://eleicoes.ibopeinteligencia.com/Documents/Nacional%20-%20Relat%C3%B3rios/JOB_0462-3_BRASIL%20-%20Relat%C3%B3rio%20de%20tabelas.pdf,wayback,2026-09-29T17:21:45Z,"pollster_release (Ibope Inteligencia report of tables JOB0462-3) via Wayback; total-respondent basis (base 2506); blank_null=Branco/Nulo, undecided=Nao sabe/Nao respondeu; valid-vote runoff shares not printed; publication_date = pollster release page 'Data de Publicacao' (https://web.archive.org/web/20140905061628/http://eleicoes.ibopeinteligencia.com:80/Paginas/Com-o-novo-cenario-eleitoral-Dilma-e-Marina-disputariam-hoje-o-segundo-turno.aspx, retrieved 2026-09-29T17:19:37Z; page header date 2014-08-27); G1 article published 2014-08-26 (https://g1.globo.com/politica/eleicoes/2014/noticia/2014/08/pesquisa-ibope-mostra-dilma-com-34-e-marina-silva-com-29.html) with identical runoff figures; Marina Silva vs Aecio Neves not simulated in this wave (pollster release: two runoff scenarios; G1 states Ibope did not simulate it); Estadao Conteudo reprint (meon.com.br) prints registration as BR-428/2014"
2014,2,Ibope,TV Globo; O Estado de S. Paulo,2014-08-23,2014-08-25,2014-08-27,2506,BR-00428/2014,Dilma Rousseff vs Marina Silva,Dilma Rousseff,36,9,11,,https://web.archive.org/web/20140917233506id_/http://eleicoes.ibopeinteligencia.com/Documents/Nacional%20-%20Relat%C3%B3rios/JOB_0462-3_BRASIL%20-%20Relat%C3%B3rio%20de%20tabelas.pdf,wayback,2026-09-29T17:21:45Z,"pollster_release (Ibope Inteligencia report of tables JOB0462-3) via Wayback; total-respondent basis (base 2506); blank_null=Branco/Nulo, undecided=Nao sabe/Nao respondeu; valid-vote runoff shares not printed; publication_date = pollster release page 'Data de Publicacao' (https://web.archive.org/web/20140905061628/http://eleicoes.ibopeinteligencia.com:80/Paginas/Com-o-novo-cenario-eleitoral-Dilma-e-Marina-disputariam-hoje-o-segundo-turno.aspx, retrieved 2026-09-29T17:19:37Z; page header date 2014-08-27); G1 article published 2014-08-26 (https://g1.globo.com/politica/eleicoes/2014/noticia/2014/08/pesquisa-ibope-mostra-dilma-com-34-e-marina-silva-com-29.html) with identical runoff figures; Marina Silva vs Aecio Neves not simulated in this wave (pollster release: two runoff scenarios; G1 states Ibope did not simulate it); Estadao Conteudo reprint (meon.com.br) prints registration as BR-428/2014"
2014,2,Ibope,TV Globo; O Estado de S. Paulo,2014-08-23,2014-08-25,2014-08-27,2506,BR-00428/2014,Dilma Rousseff vs Marina Silva,Marina Silva,45,9,11,,https://web.archive.org/web/20140917233506id_/http://eleicoes.ibopeinteligencia.com/Documents/Nacional%20-%20Relat%C3%B3rios/JOB_0462-3_BRASIL%20-%20Relat%C3%B3rio%20de%20tabelas.pdf,wayback,2026-09-29T17:21:45Z,"pollster_release (Ibope Inteligencia report of tables JOB0462-3) via Wayback; total-respondent basis (base 2506); blank_null=Branco/Nulo, undecided=Nao sabe/Nao respondeu; valid-vote runoff shares not printed; publication_date = pollster release page 'Data de Publicacao' (https://web.archive.org/web/20140905061628/http://eleicoes.ibopeinteligencia.com:80/Paginas/Com-o-novo-cenario-eleitoral-Dilma-e-Marina-disputariam-hoje-o-segundo-turno.aspx, retrieved 2026-09-29T17:19:37Z; page header date 2014-08-27); G1 article published 2014-08-26 (https://g1.globo.com/politica/eleicoes/2014/noticia/2014/08/pesquisa-ibope-mostra-dilma-com-34-e-marina-silva-com-29.html) with identical runoff figures; Marina Silva vs Aecio Neves not simulated in this wave (pollster release: two runoff scenarios; G1 states Ibope did not simulate it); Estadao Conteudo reprint (meon.com.br) prints registration as BR-428/2014"
2014,2,Ibope,TV Globo; O Estado de S. Paulo,2014-08-31,2014-09-02,2014-09-04,2506,BR-00514/2014,Aécio Neves vs Dilma Rousseff,Aécio Neves,34,11,8,,https://web.archive.org/web/20150421063619id_/http://eleicoes.ibopeinteligencia.com/Documents/Nacional%20-%20Relat%C3%B3rios/JOB_0462-4_BRASIL%20-%20Relat%C3%B3rio%20de%20tabelas.pdf,wayback,2026-09-29T17:21:51Z,"pollster_release (Ibope Inteligencia report of tables JOB0462-4) via Wayback; total-respondent basis (base 2506); blank_null=Branco/Nulo, undecided=Nao sabe/Nao respondeu; valid-vote runoff shares not printed; publication_date = pollster release page 'Data de Publicacao' (https://web.archive.org/web/20141008025758/http://www.eleicoes.ibopeinteligencia.com:80/Paginas/Marina-cresce,-mas-Dilma-recuper.aspx, retrieved 2026-09-29T17:19:43Z; page header date 2014-09-03); G1 article published 2014-09-03 (https://g1.globo.com/politica/eleicoes/2014/noticia/2014/09/dilma-tem-37-marina-33-e-aecio-15-aponta-pesquisa-ibope.html) with identical runoff figures; Marina Silva vs Aecio Neves not simulated in this wave (report has only P.06A/P.06B; G1 states Ibope did not simulate it)"
2014,2,Ibope,TV Globo; O Estado de S. Paulo,2014-08-31,2014-09-02,2014-09-04,2506,BR-00514/2014,Aécio Neves vs Dilma Rousseff,Dilma Rousseff,47,11,8,,https://web.archive.org/web/20150421063619id_/http://eleicoes.ibopeinteligencia.com/Documents/Nacional%20-%20Relat%C3%B3rios/JOB_0462-4_BRASIL%20-%20Relat%C3%B3rio%20de%20tabelas.pdf,wayback,2026-09-29T17:21:51Z,"pollster_release (Ibope Inteligencia report of tables JOB0462-4) via Wayback; total-respondent basis (base 2506); blank_null=Branco/Nulo, undecided=Nao sabe/Nao respondeu; valid-vote runoff shares not printed; publication_date = pollster release page 'Data de Publicacao' (https://web.archive.org/web/20141008025758/http://www.eleicoes.ibopeinteligencia.com:80/Paginas/Marina-cresce,-mas-Dilma-recuper.aspx, retrieved 2026-09-29T17:19:43Z; page header date 2014-09-03); G1 article published 2014-09-03 (https://g1.globo.com/politica/eleicoes/2014/noticia/2014/09/dilma-tem-37-marina-33-e-aecio-15-aponta-pesquisa-ibope.html) with identical runoff figures; Marina Silva vs Aecio Neves not simulated in this wave (report has only P.06A/P.06B; G1 states Ibope did not simulate it)"
2014,2,Ibope,TV Globo; O Estado de S. Paulo,2014-08-31,2014-09-02,2014-09-04,2506,BR-00514/2014,Dilma Rousseff vs Marina Silva,Dilma Rousseff,39,8,6,,https://web.archive.org/web/20150421063619id_/http://eleicoes.ibopeinteligencia.com/Documents/Nacional%20-%20Relat%C3%B3rios/JOB_0462-4_BRASIL%20-%20Relat%C3%B3rio%20de%20tabelas.pdf,wayback,2026-09-29T17:21:51Z,"pollster_release (Ibope Inteligencia report of tables JOB0462-4) via Wayback; total-respondent basis (base 2506); blank_null=Branco/Nulo, undecided=Nao sabe/Nao respondeu; valid-vote runoff shares not printed; publication_date = pollster release page 'Data de Publicacao' (https://web.archive.org/web/20141008025758/http://www.eleicoes.ibopeinteligencia.com:80/Paginas/Marina-cresce,-mas-Dilma-recuper.aspx, retrieved 2026-09-29T17:19:43Z; page header date 2014-09-03); G1 article published 2014-09-03 (https://g1.globo.com/politica/eleicoes/2014/noticia/2014/09/dilma-tem-37-marina-33-e-aecio-15-aponta-pesquisa-ibope.html) with identical runoff figures; Marina Silva vs Aecio Neves not simulated in this wave (report has only P.06A/P.06B; G1 states Ibope did not simulate it)"
2014,2,Ibope,TV Globo; O Estado de S. Paulo,2014-08-31,2014-09-02,2014-09-04,2506,BR-00514/2014,Dilma Rousseff vs Marina Silva,Marina Silva,46,8,6,,https://web.archive.org/web/20150421063619id_/http://eleicoes.ibopeinteligencia.com/Documents/Nacional%20-%20Relat%C3%B3rios/JOB_0462-4_BRASIL%20-%20Relat%C3%B3rio%20de%20tabelas.pdf,wayback,2026-09-29T17:21:51Z,"pollster_release (Ibope Inteligencia report of tables JOB0462-4) via Wayback; total-respondent basis (base 2506); blank_null=Branco/Nulo, undecided=Nao sabe/Nao respondeu; valid-vote runoff shares not printed; publication_date = pollster release page 'Data de Publicacao' (https://web.archive.org/web/20141008025758/http://www.eleicoes.ibopeinteligencia.com:80/Paginas/Marina-cresce,-mas-Dilma-recuper.aspx, retrieved 2026-09-29T17:19:43Z; page header date 2014-09-03); G1 article published 2014-09-03 (https://g1.globo.com/politica/eleicoes/2014/noticia/2014/09/dilma-tem-37-marina-33-e-aecio-15-aponta-pesquisa-ibope.html) with identical runoff figures; Marina Silva vs Aecio Neves not simulated in this wave (report has only P.06A/P.06B; G1 states Ibope did not simulate it)"
2014,2,Ibope,CNI,2014-09-05,2014-09-08,2014-09-12,2002,BR-00593/2014,Aécio Neves vs Dilma Rousseff,Aécio Neves,33,13,6,,https://web.archive.org/web/20150421055629id_/http://eleicoes.ibopeinteligencia.com/Documents/Nacional%20-%20Relat%C3%B3rios/JOB_2084-9_BRASIL%20-%20Relat%C3%B3rio%20de%20tabelas%20%28imprensa%29.pdf,wayback,2026-09-29T17:22:29Z,"pollster_release (Ibope Inteligencia report of tables JOB2084-9) via Wayback; total-respondent basis (base 2002); blank_null=Branco/Nulo, undecided=Nao sabe/Nao respondeu; valid-vote runoff shares not printed; publication_date = pollster release page 'Data de Publicacao' (https://web.archive.org/web/20141008025750/http://www.eleicoes.ibopeinteligencia.com:80/Paginas/Dilma-lidera-disputa-no-primeiro-turno,-mas-empata-com-Marina-no-segundo.aspx, retrieved 2026-09-29T17:19:49Z; page header date 2014-09-12); G1 article published 2014-09-12 (https://g1.globo.com/politica/eleicoes/2014/noticia/2014/09/ibope-mostra-dilma-com-39-marina-com-31-e-aecio-com-15.html) with identical runoff figures; CNI-Ibope poll; report JOB2084-9 says registered at Tribunal Regional Eleitoral (G1: TRE-SP) while pollster release page says TSE, same number; 144 municipalities (Agencia Brasil prints 142); CNI bulletin (SlideShare re-upload, slide 6) shows identical runoff figures"
2014,2,Ibope,CNI,2014-09-05,2014-09-08,2014-09-12,2002,BR-00593/2014,Aécio Neves vs Dilma Rousseff,Dilma Rousseff,48,13,6,,https://web.archive.org/web/20150421055629id_/http://eleicoes.ibopeinteligencia.com/Documents/Nacional%20-%20Relat%C3%B3rios/JOB_2084-9_BRASIL%20-%20Relat%C3%B3rio%20de%20tabelas%20%28imprensa%29.pdf,wayback,2026-09-29T17:22:29Z,"pollster_release (Ibope Inteligencia report of tables JOB2084-9) via Wayback; total-respondent basis (base 2002); blank_null=Branco/Nulo, undecided=Nao sabe/Nao respondeu; valid-vote runoff shares not printed; publication_date = pollster release page 'Data de Publicacao' (https://web.archive.org/web/20141008025750/http://www.eleicoes.ibopeinteligencia.com:80/Paginas/Dilma-lidera-disputa-no-primeiro-turno,-mas-empata-com-Marina-no-segundo.aspx, retrieved 2026-09-29T17:19:49Z; page header date 2014-09-12); G1 article published 2014-09-12 (https://g1.globo.com/politica/eleicoes/2014/noticia/2014/09/ibope-mostra-dilma-com-39-marina-com-31-e-aecio-com-15.html) with identical runoff figures; CNI-Ibope poll; report JOB2084-9 says registered at Tribunal Regional Eleitoral (G1: TRE-SP) while pollster release page says TSE, same number; 144 municipalities (Agencia Brasil prints 142); CNI bulletin (SlideShare re-upload, slide 6) shows identical runoff figures"
2014,2,Ibope,CNI,2014-09-05,2014-09-08,2014-09-12,2002,BR-00593/2014,Dilma Rousseff vs Marina Silva,Dilma Rousseff,42,10,5,,https://web.archive.org/web/20150421055629id_/http://eleicoes.ibopeinteligencia.com/Documents/Nacional%20-%20Relat%C3%B3rios/JOB_2084-9_BRASIL%20-%20Relat%C3%B3rio%20de%20tabelas%20%28imprensa%29.pdf,wayback,2026-09-29T17:22:29Z,"pollster_release (Ibope Inteligencia report of tables JOB2084-9) via Wayback; total-respondent basis (base 2002); blank_null=Branco/Nulo, undecided=Nao sabe/Nao respondeu; valid-vote runoff shares not printed; publication_date = pollster release page 'Data de Publicacao' (https://web.archive.org/web/20141008025750/http://www.eleicoes.ibopeinteligencia.com:80/Paginas/Dilma-lidera-disputa-no-primeiro-turno,-mas-empata-com-Marina-no-segundo.aspx, retrieved 2026-09-29T17:19:49Z; page header date 2014-09-12); G1 article published 2014-09-12 (https://g1.globo.com/politica/eleicoes/2014/noticia/2014/09/ibope-mostra-dilma-com-39-marina-com-31-e-aecio-com-15.html) with identical runoff figures; CNI-Ibope poll; report JOB2084-9 says registered at Tribunal Regional Eleitoral (G1: TRE-SP) while pollster release page says TSE, same number; 144 municipalities (Agencia Brasil prints 142); CNI bulletin (SlideShare re-upload, slide 6) shows identical runoff figures"
2014,2,Ibope,CNI,2014-09-05,2014-09-08,2014-09-12,2002,BR-00593/2014,Dilma Rousseff vs Marina Silva,Marina Silva,43,10,5,,https://web.archive.org/web/20150421055629id_/http://eleicoes.ibopeinteligencia.com/Documents/Nacional%20-%20Relat%C3%B3rios/JOB_2084-9_BRASIL%20-%20Relat%C3%B3rio%20de%20tabelas%20%28imprensa%29.pdf,wayback,2026-09-29T17:22:29Z,"pollster_release (Ibope Inteligencia report of tables JOB2084-9) via Wayback; total-respondent basis (base 2002); blank_null=Branco/Nulo, undecided=Nao sabe/Nao respondeu; valid-vote runoff shares not printed; publication_date = pollster release page 'Data de Publicacao' (https://web.archive.org/web/20141008025750/http://www.eleicoes.ibopeinteligencia.com:80/Paginas/Dilma-lidera-disputa-no-primeiro-turno,-mas-empata-com-Marina-no-segundo.aspx, retrieved 2026-09-29T17:19:49Z; page header date 2014-09-12); G1 article published 2014-09-12 (https://g1.globo.com/politica/eleicoes/2014/noticia/2014/09/ibope-mostra-dilma-com-39-marina-com-31-e-aecio-com-15.html) with identical runoff figures; CNI-Ibope poll; report JOB2084-9 says registered at Tribunal Regional Eleitoral (G1: TRE-SP) while pollster release page says TSE, same number; 144 municipalities (Agencia Brasil prints 142); CNI bulletin (SlideShare re-upload, slide 6) shows identical runoff figures"
2014,2,Ibope,CNI,2014-09-05,2014-09-08,2014-09-12,2002,BR-00593/2014,Aécio Neves vs Marina Silva,Aécio Neves,27,14,8,,https://web.archive.org/web/20150421055629id_/http://eleicoes.ibopeinteligencia.com/Documents/Nacional%20-%20Relat%C3%B3rios/JOB_2084-9_BRASIL%20-%20Relat%C3%B3rio%20de%20tabelas%20%28imprensa%29.pdf,wayback,2026-09-29T17:22:29Z,"pollster_release (Ibope Inteligencia report of tables JOB2084-9) via Wayback; total-respondent basis (base 2002); blank_null=Branco/Nulo, undecided=Nao sabe/Nao respondeu; valid-vote runoff shares not printed; publication_date = pollster release page 'Data de Publicacao' (https://web.archive.org/web/20141008025750/http://www.eleicoes.ibopeinteligencia.com:80/Paginas/Dilma-lidera-disputa-no-primeiro-turno,-mas-empata-com-Marina-no-segundo.aspx, retrieved 2026-09-29T17:19:49Z; page header date 2014-09-12); G1 article published 2014-09-12 (https://g1.globo.com/politica/eleicoes/2014/noticia/2014/09/ibope-mostra-dilma-com-39-marina-com-31-e-aecio-com-15.html) with identical runoff figures; CNI-Ibope poll; report JOB2084-9 says registered at Tribunal Regional Eleitoral (G1: TRE-SP) while pollster release page says TSE, same number; 144 municipalities (Agencia Brasil prints 142); CNI bulletin (SlideShare re-upload, slide 6) shows identical runoff figures"
2014,2,Ibope,CNI,2014-09-05,2014-09-08,2014-09-12,2002,BR-00593/2014,Aécio Neves vs Marina Silva,Marina Silva,51,14,8,,https://web.archive.org/web/20150421055629id_/http://eleicoes.ibopeinteligencia.com/Documents/Nacional%20-%20Relat%C3%B3rios/JOB_2084-9_BRASIL%20-%20Relat%C3%B3rio%20de%20tabelas%20%28imprensa%29.pdf,wayback,2026-09-29T17:22:29Z,"pollster_release (Ibope Inteligencia report of tables JOB2084-9) via Wayback; total-respondent basis (base 2002); blank_null=Branco/Nulo, undecided=Nao sabe/Nao respondeu; valid-vote runoff shares not printed; publication_date = pollster release page 'Data de Publicacao' (https://web.archive.org/web/20141008025750/http://www.eleicoes.ibopeinteligencia.com:80/Paginas/Dilma-lidera-disputa-no-primeiro-turno,-mas-empata-com-Marina-no-segundo.aspx, retrieved 2026-09-29T17:19:49Z; page header date 2014-09-12); G1 article published 2014-09-12 (https://g1.globo.com/politica/eleicoes/2014/noticia/2014/09/ibope-mostra-dilma-com-39-marina-com-31-e-aecio-com-15.html) with identical runoff figures; CNI-Ibope poll; report JOB2084-9 says registered at Tribunal Regional Eleitoral (G1: TRE-SP) while pollster release page says TSE, same number; 144 municipalities (Agencia Brasil prints 142); CNI bulletin (SlideShare re-upload, slide 6) shows identical runoff figures"
2014,2,Ibope,TV Globo; O Estado de S. Paulo,2014-09-13,2014-09-15,2014-09-17,3010,BR-00657/2014,Aécio Neves vs Dilma Rousseff,Aécio Neves,37,12,6,,https://web.archive.org/web/20150421062043id_/http://eleicoes.ibopeinteligencia.com/Documents/Nacional%20-%20Relat%C3%B3rios/JOB_0462-5_BRASIL%20-%20Relat%C3%B3rio%20de%20tabelas.pdf,wayback,2026-09-29T17:21:57Z,"pollster_release (Ibope Inteligencia report of tables JOB0462-5) via Wayback; total-respondent basis (base 3010); blank_null=Branco/Nulo, undecided=Nao sabe/Nao respondeu; valid-vote runoff shares not printed; publication_date = pollster release page 'Data de Publicacao' (https://web.archive.org/web/20140921002146/http://eleicoes.ibopeinteligencia.com:80/Paginas/Dilma-permanece-na-lideranca-no-primeiro-turno-e-empatada-tecnicamente-com-Marina-no-segundo.aspx, retrieved 2026-09-29T17:19:55Z; page header date 2014-09-16); G1 article published 2014-09-16 (https://g1.globo.com/politica/eleicoes/2014/noticia/2014/09/dilma-tem-36-marina-30-e-aecio-19-aponta-pesquisa-ibope.html) with identical runoff figures; Agencia Brasil (2014-09-16) prints identical runoff figures"
2014,2,Ibope,TV Globo; O Estado de S. Paulo,2014-09-13,2014-09-15,2014-09-17,3010,BR-00657/2014,Aécio Neves vs Dilma Rousseff,Dilma Rousseff,44,12,6,,https://web.archive.org/web/20150421062043id_/http://eleicoes.ibopeinteligencia.com/Documents/Nacional%20-%20Relat%C3%B3rios/JOB_0462-5_BRASIL%20-%20Relat%C3%B3rio%20de%20tabelas.pdf,wayback,2026-09-29T17:21:57Z,"pollster_release (Ibope Inteligencia report of tables JOB0462-5) via Wayback; total-respondent basis (base 3010); blank_null=Branco/Nulo, undecided=Nao sabe/Nao respondeu; valid-vote runoff shares not printed; publication_date = pollster release page 'Data de Publicacao' (https://web.archive.org/web/20140921002146/http://eleicoes.ibopeinteligencia.com:80/Paginas/Dilma-permanece-na-lideranca-no-primeiro-turno-e-empatada-tecnicamente-com-Marina-no-segundo.aspx, retrieved 2026-09-29T17:19:55Z; page header date 2014-09-16); G1 article published 2014-09-16 (https://g1.globo.com/politica/eleicoes/2014/noticia/2014/09/dilma-tem-36-marina-30-e-aecio-19-aponta-pesquisa-ibope.html) with identical runoff figures; Agencia Brasil (2014-09-16) prints identical runoff figures"
2014,2,Ibope,TV Globo; O Estado de S. Paulo,2014-09-13,2014-09-15,2014-09-17,3010,BR-00657/2014,Dilma Rousseff vs Marina Silva,Dilma Rousseff,40,11,6,,https://web.archive.org/web/20150421062043id_/http://eleicoes.ibopeinteligencia.com/Documents/Nacional%20-%20Relat%C3%B3rios/JOB_0462-5_BRASIL%20-%20Relat%C3%B3rio%20de%20tabelas.pdf,wayback,2026-09-29T17:21:57Z,"pollster_release (Ibope Inteligencia report of tables JOB0462-5) via Wayback; total-respondent basis (base 3010); blank_null=Branco/Nulo, undecided=Nao sabe/Nao respondeu; valid-vote runoff shares not printed; publication_date = pollster release page 'Data de Publicacao' (https://web.archive.org/web/20140921002146/http://eleicoes.ibopeinteligencia.com:80/Paginas/Dilma-permanece-na-lideranca-no-primeiro-turno-e-empatada-tecnicamente-com-Marina-no-segundo.aspx, retrieved 2026-09-29T17:19:55Z; page header date 2014-09-16); G1 article published 2014-09-16 (https://g1.globo.com/politica/eleicoes/2014/noticia/2014/09/dilma-tem-36-marina-30-e-aecio-19-aponta-pesquisa-ibope.html) with identical runoff figures; Agencia Brasil (2014-09-16) prints identical runoff figures"
2014,2,Ibope,TV Globo; O Estado de S. Paulo,2014-09-13,2014-09-15,2014-09-17,3010,BR-00657/2014,Dilma Rousseff vs Marina Silva,Marina Silva,43,11,6,,https://web.archive.org/web/20150421062043id_/http://eleicoes.ibopeinteligencia.com/Documents/Nacional%20-%20Relat%C3%B3rios/JOB_0462-5_BRASIL%20-%20Relat%C3%B3rio%20de%20tabelas.pdf,wayback,2026-09-29T17:21:57Z,"pollster_release (Ibope Inteligencia report of tables JOB0462-5) via Wayback; total-respondent basis (base 3010); blank_null=Branco/Nulo, undecided=Nao sabe/Nao respondeu; valid-vote runoff shares not printed; publication_date = pollster release page 'Data de Publicacao' (https://web.archive.org/web/20140921002146/http://eleicoes.ibopeinteligencia.com:80/Paginas/Dilma-permanece-na-lideranca-no-primeiro-turno-e-empatada-tecnicamente-com-Marina-no-segundo.aspx, retrieved 2026-09-29T17:19:55Z; page header date 2014-09-16); G1 article published 2014-09-16 (https://g1.globo.com/politica/eleicoes/2014/noticia/2014/09/dilma-tem-36-marina-30-e-aecio-19-aponta-pesquisa-ibope.html) with identical runoff figures; Agencia Brasil (2014-09-16) prints identical runoff figures"
2014,2,Ibope,TV Globo; O Estado de S. Paulo,2014-09-13,2014-09-15,2014-09-17,3010,BR-00657/2014,Aécio Neves vs Marina Silva,Aécio Neves,30,15,8,,https://web.archive.org/web/20150421062043id_/http://eleicoes.ibopeinteligencia.com/Documents/Nacional%20-%20Relat%C3%B3rios/JOB_0462-5_BRASIL%20-%20Relat%C3%B3rio%20de%20tabelas.pdf,wayback,2026-09-29T17:21:57Z,"pollster_release (Ibope Inteligencia report of tables JOB0462-5) via Wayback; total-respondent basis (base 3010); blank_null=Branco/Nulo, undecided=Nao sabe/Nao respondeu; valid-vote runoff shares not printed; publication_date = pollster release page 'Data de Publicacao' (https://web.archive.org/web/20140921002146/http://eleicoes.ibopeinteligencia.com:80/Paginas/Dilma-permanece-na-lideranca-no-primeiro-turno-e-empatada-tecnicamente-com-Marina-no-segundo.aspx, retrieved 2026-09-29T17:19:55Z; page header date 2014-09-16); G1 article published 2014-09-16 (https://g1.globo.com/politica/eleicoes/2014/noticia/2014/09/dilma-tem-36-marina-30-e-aecio-19-aponta-pesquisa-ibope.html) with identical runoff figures; Agencia Brasil (2014-09-16) prints identical runoff figures"
2014,2,Ibope,TV Globo; O Estado de S. Paulo,2014-09-13,2014-09-15,2014-09-17,3010,BR-00657/2014,Aécio Neves vs Marina Silva,Marina Silva,48,15,8,,https://web.archive.org/web/20150421062043id_/http://eleicoes.ibopeinteligencia.com/Documents/Nacional%20-%20Relat%C3%B3rios/JOB_0462-5_BRASIL%20-%20Relat%C3%B3rio%20de%20tabelas.pdf,wayback,2026-09-29T17:21:57Z,"pollster_release (Ibope Inteligencia report of tables JOB0462-5) via Wayback; total-respondent basis (base 3010); blank_null=Branco/Nulo, undecided=Nao sabe/Nao respondeu; valid-vote runoff shares not printed; publication_date = pollster release page 'Data de Publicacao' (https://web.archive.org/web/20140921002146/http://eleicoes.ibopeinteligencia.com:80/Paginas/Dilma-permanece-na-lideranca-no-primeiro-turno-e-empatada-tecnicamente-com-Marina-no-segundo.aspx, retrieved 2026-09-29T17:19:55Z; page header date 2014-09-16); G1 article published 2014-09-16 (https://g1.globo.com/politica/eleicoes/2014/noticia/2014/09/dilma-tem-36-marina-30-e-aecio-19-aponta-pesquisa-ibope.html) with identical runoff figures; Agencia Brasil (2014-09-16) prints identical runoff figures"
2014,2,Ibope,TV Globo; O Estado de S. Paulo,2014-09-20,2014-09-22,2014-09-24,3010,BR-00755/2014,Aécio Neves vs Dilma Rousseff,Aécio Neves,35,13,7,,https://web.archive.org/web/20150501082410id_/http://eleicoes.ibopeinteligencia.com/Documents/Nacional%20-%20Relat%C3%B3rios/JOB_0462-6_BRASIL%20-%20Relat%C3%B3rio%20de%20tabelas.pdf,wayback,2026-09-29T17:22:03Z,"pollster_release (Ibope Inteligencia report of tables JOB0462-6) via Wayback; total-respondent basis (base 3010); blank_null=Branco/Nulo, undecided=Nao sabe/Nao respondeu; valid-vote runoff shares not printed; publication_date = pollster release page 'Data de Publicacao' (https://web.archive.org/web/20140929033500/http://eleicoes.ibopeinteligencia.com:80/Paginas/Dilma-mantem-lideranca-no-primeiro-turno--No-segundo,-a-petista-e-Marina-encontram-se-rigorosamente-empatadas.aspx, retrieved 2026-09-29T17:20:01Z; page header date 2014-09-23); G1 article published 2014-09-23 (https://g1.globo.com/politica/eleicoes/2014/noticia/2014/09/dilma-tem-38-marina-29-e-aecio-19-aponta-pesquisa-ibope.html) with identical runoff figures; report: 206 municipalities (Agencia Brasil prints 296); Estadao Conteudo reprint (meon.com.br) prints identical runoff figures"
2014,2,Ibope,TV Globo; O Estado de S. Paulo,2014-09-20,2014-09-22,2014-09-24,3010,BR-00755/2014,Aécio Neves vs Dilma Rousseff,Dilma Rousseff,46,13,7,,https://web.archive.org/web/20150501082410id_/http://eleicoes.ibopeinteligencia.com/Documents/Nacional%20-%20Relat%C3%B3rios/JOB_0462-6_BRASIL%20-%20Relat%C3%B3rio%20de%20tabelas.pdf,wayback,2026-09-29T17:22:03Z,"pollster_release (Ibope Inteligencia report of tables JOB0462-6) via Wayback; total-respondent basis (base 3010); blank_null=Branco/Nulo, undecided=Nao sabe/Nao respondeu; valid-vote runoff shares not printed; publication_date = pollster release page 'Data de Publicacao' (https://web.archive.org/web/20140929033500/http://eleicoes.ibopeinteligencia.com:80/Paginas/Dilma-mantem-lideranca-no-primeiro-turno--No-segundo,-a-petista-e-Marina-encontram-se-rigorosamente-empatadas.aspx, retrieved 2026-09-29T17:20:01Z; page header date 2014-09-23); G1 article published 2014-09-23 (https://g1.globo.com/politica/eleicoes/2014/noticia/2014/09/dilma-tem-38-marina-29-e-aecio-19-aponta-pesquisa-ibope.html) with identical runoff figures; report: 206 municipalities (Agencia Brasil prints 296); Estadao Conteudo reprint (meon.com.br) prints identical runoff figures"
2014,2,Ibope,TV Globo; O Estado de S. Paulo,2014-09-20,2014-09-22,2014-09-24,3010,BR-00755/2014,Dilma Rousseff vs Marina Silva,Dilma Rousseff,41,12,6,,https://web.archive.org/web/20150501082410id_/http://eleicoes.ibopeinteligencia.com/Documents/Nacional%20-%20Relat%C3%B3rios/JOB_0462-6_BRASIL%20-%20Relat%C3%B3rio%20de%20tabelas.pdf,wayback,2026-09-29T17:22:03Z,"pollster_release (Ibope Inteligencia report of tables JOB0462-6) via Wayback; total-respondent basis (base 3010); blank_null=Branco/Nulo, undecided=Nao sabe/Nao respondeu; valid-vote runoff shares not printed; publication_date = pollster release page 'Data de Publicacao' (https://web.archive.org/web/20140929033500/http://eleicoes.ibopeinteligencia.com:80/Paginas/Dilma-mantem-lideranca-no-primeiro-turno--No-segundo,-a-petista-e-Marina-encontram-se-rigorosamente-empatadas.aspx, retrieved 2026-09-29T17:20:01Z; page header date 2014-09-23); G1 article published 2014-09-23 (https://g1.globo.com/politica/eleicoes/2014/noticia/2014/09/dilma-tem-38-marina-29-e-aecio-19-aponta-pesquisa-ibope.html) with identical runoff figures; report: 206 municipalities (Agencia Brasil prints 296); Estadao Conteudo reprint (meon.com.br) prints identical runoff figures"
2014,2,Ibope,TV Globo; O Estado de S. Paulo,2014-09-20,2014-09-22,2014-09-24,3010,BR-00755/2014,Dilma Rousseff vs Marina Silva,Marina Silva,41,12,6,,https://web.archive.org/web/20150501082410id_/http://eleicoes.ibopeinteligencia.com/Documents/Nacional%20-%20Relat%C3%B3rios/JOB_0462-6_BRASIL%20-%20Relat%C3%B3rio%20de%20tabelas.pdf,wayback,2026-09-29T17:22:03Z,"pollster_release (Ibope Inteligencia report of tables JOB0462-6) via Wayback; total-respondent basis (base 3010); blank_null=Branco/Nulo, undecided=Nao sabe/Nao respondeu; valid-vote runoff shares not printed; publication_date = pollster release page 'Data de Publicacao' (https://web.archive.org/web/20140929033500/http://eleicoes.ibopeinteligencia.com:80/Paginas/Dilma-mantem-lideranca-no-primeiro-turno--No-segundo,-a-petista-e-Marina-encontram-se-rigorosamente-empatadas.aspx, retrieved 2026-09-29T17:20:01Z; page header date 2014-09-23); G1 article published 2014-09-23 (https://g1.globo.com/politica/eleicoes/2014/noticia/2014/09/dilma-tem-38-marina-29-e-aecio-19-aponta-pesquisa-ibope.html) with identical runoff figures; report: 206 municipalities (Agencia Brasil prints 296); Estadao Conteudo reprint (meon.com.br) prints identical runoff figures"
2014,2,Ibope,TV Globo; O Estado de S. Paulo,2014-09-20,2014-09-22,2014-09-24,3010,BR-00755/2014,Aécio Neves vs Marina Silva,Aécio Neves,31,16,9,,https://web.archive.org/web/20150501082410id_/http://eleicoes.ibopeinteligencia.com/Documents/Nacional%20-%20Relat%C3%B3rios/JOB_0462-6_BRASIL%20-%20Relat%C3%B3rio%20de%20tabelas.pdf,wayback,2026-09-29T17:22:03Z,"pollster_release (Ibope Inteligencia report of tables JOB0462-6) via Wayback; total-respondent basis (base 3010); blank_null=Branco/Nulo, undecided=Nao sabe/Nao respondeu; valid-vote runoff shares not printed; publication_date = pollster release page 'Data de Publicacao' (https://web.archive.org/web/20140929033500/http://eleicoes.ibopeinteligencia.com:80/Paginas/Dilma-mantem-lideranca-no-primeiro-turno--No-segundo,-a-petista-e-Marina-encontram-se-rigorosamente-empatadas.aspx, retrieved 2026-09-29T17:20:01Z; page header date 2014-09-23); G1 article published 2014-09-23 (https://g1.globo.com/politica/eleicoes/2014/noticia/2014/09/dilma-tem-38-marina-29-e-aecio-19-aponta-pesquisa-ibope.html) with identical runoff figures; report: 206 municipalities (Agencia Brasil prints 296); Estadao Conteudo reprint (meon.com.br) prints identical runoff figures"
2014,2,Ibope,TV Globo; O Estado de S. Paulo,2014-09-20,2014-09-22,2014-09-24,3010,BR-00755/2014,Aécio Neves vs Marina Silva,Marina Silva,44,16,9,,https://web.archive.org/web/20150501082410id_/http://eleicoes.ibopeinteligencia.com/Documents/Nacional%20-%20Relat%C3%B3rios/JOB_0462-6_BRASIL%20-%20Relat%C3%B3rio%20de%20tabelas.pdf,wayback,2026-09-29T17:22:03Z,"pollster_release (Ibope Inteligencia report of tables JOB0462-6) via Wayback; total-respondent basis (base 3010); blank_null=Branco/Nulo, undecided=Nao sabe/Nao respondeu; valid-vote runoff shares not printed; publication_date = pollster release page 'Data de Publicacao' (https://web.archive.org/web/20140929033500/http://eleicoes.ibopeinteligencia.com:80/Paginas/Dilma-mantem-lideranca-no-primeiro-turno--No-segundo,-a-petista-e-Marina-encontram-se-rigorosamente-empatadas.aspx, retrieved 2026-09-29T17:20:01Z; page header date 2014-09-23); G1 article published 2014-09-23 (https://g1.globo.com/politica/eleicoes/2014/noticia/2014/09/dilma-tem-38-marina-29-e-aecio-19-aponta-pesquisa-ibope.html) with identical runoff figures; report: 206 municipalities (Agencia Brasil prints 296); Estadao Conteudo reprint (meon.com.br) prints identical runoff figures"
2014,2,Ibope,TV Globo; O Estado de S. Paulo,2014-09-27,2014-09-29,2014-10-01,3010,BR-00909/2014,Aécio Neves vs Dilma Rousseff,Aécio Neves,35,12,8,,https://web.archive.org/web/20160305113420id_/http://www.eleicoes.ibopeinteligencia.com/Documents/Nacional%20-%20Relat%C3%B3rios/JOB_0462-7_BRASIL%20-%20Relat%C3%B3rio%20de%20tabelas.pdf,wayback,2026-09-29T17:22:09Z,"pollster_release (Ibope Inteligencia report of tables JOB0462-7) via Wayback; total-respondent basis (base 3010); blank_null=Branco/Nulo, undecided=Nao sabe/Nao respondeu; valid-vote runoff shares not printed; publication_date = pollster release page 'Data de Publicacao' (https://web.archive.org/web/20141006032337/http://www.eleicoes.ibopeinteligencia.com:80/Paginas/Dilma-abre-vantagem-no-primeiro-turno.aspx, retrieved 2026-09-29T17:20:07Z; page header date 2014-10-01); G1 article published 2014-09-30 (https://g1.globo.com/politica/eleicoes/2014/noticia/2014/09/dilma-tem-39-marina-25-e-aecio-19-aponta-pesquisa-ibope.html) with identical runoff figures; Agencia Brasil (2014-09-30) prints identical runoff figures"
2014,2,Ibope,TV Globo; O Estado de S. Paulo,2014-09-27,2014-09-29,2014-10-01,3010,BR-00909/2014,Aécio Neves vs Dilma Rousseff,Dilma Rousseff,45,12,8,,https://web.archive.org/web/20160305113420id_/http://www.eleicoes.ibopeinteligencia.com/Documents/Nacional%20-%20Relat%C3%B3rios/JOB_0462-7_BRASIL%20-%20Relat%C3%B3rio%20de%20tabelas.pdf,wayback,2026-09-29T17:22:09Z,"pollster_release (Ibope Inteligencia report of tables JOB0462-7) via Wayback; total-respondent basis (base 3010); blank_null=Branco/Nulo, undecided=Nao sabe/Nao respondeu; valid-vote runoff shares not printed; publication_date = pollster release page 'Data de Publicacao' (https://web.archive.org/web/20141006032337/http://www.eleicoes.ibopeinteligencia.com:80/Paginas/Dilma-abre-vantagem-no-primeiro-turno.aspx, retrieved 2026-09-29T17:20:07Z; page header date 2014-10-01); G1 article published 2014-09-30 (https://g1.globo.com/politica/eleicoes/2014/noticia/2014/09/dilma-tem-39-marina-25-e-aecio-19-aponta-pesquisa-ibope.html) with identical runoff figures; Agencia Brasil (2014-09-30) prints identical runoff figures"
2014,2,Ibope,TV Globo; O Estado de S. Paulo,2014-09-27,2014-09-29,2014-10-01,3010,BR-00909/2014,Dilma Rousseff vs Marina Silva,Dilma Rousseff,42,12,8,,https://web.archive.org/web/20160305113420id_/http://www.eleicoes.ibopeinteligencia.com/Documents/Nacional%20-%20Relat%C3%B3rios/JOB_0462-7_BRASIL%20-%20Relat%C3%B3rio%20de%20tabelas.pdf,wayback,2026-09-29T17:22:09Z,"pollster_release (Ibope Inteligencia report of tables JOB0462-7) via Wayback; total-respondent basis (base 3010); blank_null=Branco/Nulo, undecided=Nao sabe/Nao respondeu; valid-vote runoff shares not printed; publication_date = pollster release page 'Data de Publicacao' (https://web.archive.org/web/20141006032337/http://www.eleicoes.ibopeinteligencia.com:80/Paginas/Dilma-abre-vantagem-no-primeiro-turno.aspx, retrieved 2026-09-29T17:20:07Z; page header date 2014-10-01); G1 article published 2014-09-30 (https://g1.globo.com/politica/eleicoes/2014/noticia/2014/09/dilma-tem-39-marina-25-e-aecio-19-aponta-pesquisa-ibope.html) with identical runoff figures; Agencia Brasil (2014-09-30) prints identical runoff figures"
2014,2,Ibope,TV Globo; O Estado de S. Paulo,2014-09-27,2014-09-29,2014-10-01,3010,BR-00909/2014,Dilma Rousseff vs Marina Silva,Marina Silva,38,12,8,,https://web.archive.org/web/20160305113420id_/http://www.eleicoes.ibopeinteligencia.com/Documents/Nacional%20-%20Relat%C3%B3rios/JOB_0462-7_BRASIL%20-%20Relat%C3%B3rio%20de%20tabelas.pdf,wayback,2026-09-29T17:22:09Z,"pollster_release (Ibope Inteligencia report of tables JOB0462-7) via Wayback; total-respondent basis (base 3010); blank_null=Branco/Nulo, undecided=Nao sabe/Nao respondeu; valid-vote runoff shares not printed; publication_date = pollster release page 'Data de Publicacao' (https://web.archive.org/web/20141006032337/http://www.eleicoes.ibopeinteligencia.com:80/Paginas/Dilma-abre-vantagem-no-primeiro-turno.aspx, retrieved 2026-09-29T17:20:07Z; page header date 2014-10-01); G1 article published 2014-09-30 (https://g1.globo.com/politica/eleicoes/2014/noticia/2014/09/dilma-tem-39-marina-25-e-aecio-19-aponta-pesquisa-ibope.html) with identical runoff figures; Agencia Brasil (2014-09-30) prints identical runoff figures"
2014,2,Ibope,TV Globo; O Estado de S. Paulo,2014-09-27,2014-09-29,2014-10-01,3010,BR-00909/2014,Aécio Neves vs Marina Silva,Aécio Neves,34,16,12,,https://web.archive.org/web/20160305113420id_/http://www.eleicoes.ibopeinteligencia.com/Documents/Nacional%20-%20Relat%C3%B3rios/JOB_0462-7_BRASIL%20-%20Relat%C3%B3rio%20de%20tabelas.pdf,wayback,2026-09-29T17:22:09Z,"pollster_release (Ibope Inteligencia report of tables JOB0462-7) via Wayback; total-respondent basis (base 3010); blank_null=Branco/Nulo, undecided=Nao sabe/Nao respondeu; valid-vote runoff shares not printed; publication_date = pollster release page 'Data de Publicacao' (https://web.archive.org/web/20141006032337/http://www.eleicoes.ibopeinteligencia.com:80/Paginas/Dilma-abre-vantagem-no-primeiro-turno.aspx, retrieved 2026-09-29T17:20:07Z; page header date 2014-10-01); G1 article published 2014-09-30 (https://g1.globo.com/politica/eleicoes/2014/noticia/2014/09/dilma-tem-39-marina-25-e-aecio-19-aponta-pesquisa-ibope.html) with identical runoff figures; Agencia Brasil (2014-09-30) prints identical runoff figures"
2014,2,Ibope,TV Globo; O Estado de S. Paulo,2014-09-27,2014-09-29,2014-10-01,3010,BR-00909/2014,Aécio Neves vs Marina Silva,Marina Silva,38,16,12,,https://web.archive.org/web/20160305113420id_/http://www.eleicoes.ibopeinteligencia.com/Documents/Nacional%20-%20Relat%C3%B3rios/JOB_0462-7_BRASIL%20-%20Relat%C3%B3rio%20de%20tabelas.pdf,wayback,2026-09-29T17:22:09Z,"pollster_release (Ibope Inteligencia report of tables JOB0462-7) via Wayback; total-respondent basis (base 3010); blank_null=Branco/Nulo, undecided=Nao sabe/Nao respondeu; valid-vote runoff shares not printed; publication_date = pollster release page 'Data de Publicacao' (https://web.archive.org/web/20141006032337/http://www.eleicoes.ibopeinteligencia.com:80/Paginas/Dilma-abre-vantagem-no-primeiro-turno.aspx, retrieved 2026-09-29T17:20:07Z; page header date 2014-10-01); G1 article published 2014-09-30 (https://g1.globo.com/politica/eleicoes/2014/noticia/2014/09/dilma-tem-39-marina-25-e-aecio-19-aponta-pesquisa-ibope.html) with identical runoff figures; Agencia Brasil (2014-09-30) prints identical runoff figures"
2014,2,Ibope,Ibope Inteligência,2014-09-29,2014-10-01,2014-10-03,3010,BR-00942/2014,Aécio Neves vs Dilma Rousseff,Aécio Neves,33,12,9,,https://web.archive.org/web/20141108005631id_/http://eleicoes.ibopeinteligencia.com:80/Documents/Nacional%20-%20Relat%C3%B3rios/JOB_0462-8_BRASIL%20-%20Relat%C3%B3rio%20de%20tabelas.pdf,wayback,2026-09-29T17:22:15Z,"pollster_release (Ibope Inteligencia report of tables JOB0462-8) via Wayback; total-respondent basis (base 3010); blank_null=Branco/Nulo, undecided=Nao sabe/Nao respondeu; valid-vote runoff shares not printed; publication_date = pollster release page 'Data de Publicacao' (https://web.archive.org/web/20141006050636/http://www.eleicoes.ibopeinteligencia.com:80/Paginas/Antes-do-ultimo-debate-disputa-presidencial-permanece-inalterada.aspx, retrieved 2026-09-29T17:20:13Z; page header date 2014-10-02); G1 article published 2014-10-02 (https://g1.globo.com/politica/eleicoes/2014/noticia/2014/10/dilma-tem-40-marina-24-e-aecio-19-aponta-pesquisa-ibope.html) with identical runoff figures; contractor per pollster report and release page: IBOPE Inteligencia Pesquisa e Consultoria LTDA (self-funded; G1 agrees); Agencia Brasil (2014-10-02) instead says commissioned by Rede Globo and O Estado de S. Paulo; Agencia Brasil prints identical runoff figures"
2014,2,Ibope,Ibope Inteligência,2014-09-29,2014-10-01,2014-10-03,3010,BR-00942/2014,Aécio Neves vs Dilma Rousseff,Dilma Rousseff,46,12,9,,https://web.archive.org/web/20141108005631id_/http://eleicoes.ibopeinteligencia.com:80/Documents/Nacional%20-%20Relat%C3%B3rios/JOB_0462-8_BRASIL%20-%20Relat%C3%B3rio%20de%20tabelas.pdf,wayback,2026-09-29T17:22:15Z,"pollster_release (Ibope Inteligencia report of tables JOB0462-8) via Wayback; total-respondent basis (base 3010); blank_null=Branco/Nulo, undecided=Nao sabe/Nao respondeu; valid-vote runoff shares not printed; publication_date = pollster release page 'Data de Publicacao' (https://web.archive.org/web/20141006050636/http://www.eleicoes.ibopeinteligencia.com:80/Paginas/Antes-do-ultimo-debate-disputa-presidencial-permanece-inalterada.aspx, retrieved 2026-09-29T17:20:13Z; page header date 2014-10-02); G1 article published 2014-10-02 (https://g1.globo.com/politica/eleicoes/2014/noticia/2014/10/dilma-tem-40-marina-24-e-aecio-19-aponta-pesquisa-ibope.html) with identical runoff figures; contractor per pollster report and release page: IBOPE Inteligencia Pesquisa e Consultoria LTDA (self-funded; G1 agrees); Agencia Brasil (2014-10-02) instead says commissioned by Rede Globo and O Estado de S. Paulo; Agencia Brasil prints identical runoff figures"
2014,2,Ibope,Ibope Inteligência,2014-09-29,2014-10-01,2014-10-03,3010,BR-00942/2014,Dilma Rousseff vs Marina Silva,Dilma Rousseff,43,12,8,,https://web.archive.org/web/20141108005631id_/http://eleicoes.ibopeinteligencia.com:80/Documents/Nacional%20-%20Relat%C3%B3rios/JOB_0462-8_BRASIL%20-%20Relat%C3%B3rio%20de%20tabelas.pdf,wayback,2026-09-29T17:22:15Z,"pollster_release (Ibope Inteligencia report of tables JOB0462-8) via Wayback; total-respondent basis (base 3010); blank_null=Branco/Nulo, undecided=Nao sabe/Nao respondeu; valid-vote runoff shares not printed; publication_date = pollster release page 'Data de Publicacao' (https://web.archive.org/web/20141006050636/http://www.eleicoes.ibopeinteligencia.com:80/Paginas/Antes-do-ultimo-debate-disputa-presidencial-permanece-inalterada.aspx, retrieved 2026-09-29T17:20:13Z; page header date 2014-10-02); G1 article published 2014-10-02 (https://g1.globo.com/politica/eleicoes/2014/noticia/2014/10/dilma-tem-40-marina-24-e-aecio-19-aponta-pesquisa-ibope.html) with identical runoff figures; contractor per pollster report and release page: IBOPE Inteligencia Pesquisa e Consultoria LTDA (self-funded; G1 agrees); Agencia Brasil (2014-10-02) instead says commissioned by Rede Globo and O Estado de S. Paulo; Agencia Brasil prints identical runoff figures"
2014,2,Ibope,Ibope Inteligência,2014-09-29,2014-10-01,2014-10-03,3010,BR-00942/2014,Dilma Rousseff vs Marina Silva,Marina Silva,36,12,8,,https://web.archive.org/web/20141108005631id_/http://eleicoes.ibopeinteligencia.com:80/Documents/Nacional%20-%20Relat%C3%B3rios/JOB_0462-8_BRASIL%20-%20Relat%C3%B3rio%20de%20tabelas.pdf,wayback,2026-09-29T17:22:15Z,"pollster_release (Ibope Inteligencia report of tables JOB0462-8) via Wayback; total-respondent basis (base 3010); blank_null=Branco/Nulo, undecided=Nao sabe/Nao respondeu; valid-vote runoff shares not printed; publication_date = pollster release page 'Data de Publicacao' (https://web.archive.org/web/20141006050636/http://www.eleicoes.ibopeinteligencia.com:80/Paginas/Antes-do-ultimo-debate-disputa-presidencial-permanece-inalterada.aspx, retrieved 2026-09-29T17:20:13Z; page header date 2014-10-02); G1 article published 2014-10-02 (https://g1.globo.com/politica/eleicoes/2014/noticia/2014/10/dilma-tem-40-marina-24-e-aecio-19-aponta-pesquisa-ibope.html) with identical runoff figures; contractor per pollster report and release page: IBOPE Inteligencia Pesquisa e Consultoria LTDA (self-funded; G1 agrees); Agencia Brasil (2014-10-02) instead says commissioned by Rede Globo and O Estado de S. Paulo; Agencia Brasil prints identical runoff figures"
2014,2,Ibope,Ibope Inteligência,2014-09-29,2014-10-01,2014-10-03,3010,BR-00942/2014,Aécio Neves vs Marina Silva,Aécio Neves,33,18,11,,https://web.archive.org/web/20141108005631id_/http://eleicoes.ibopeinteligencia.com:80/Documents/Nacional%20-%20Relat%C3%B3rios/JOB_0462-8_BRASIL%20-%20Relat%C3%B3rio%20de%20tabelas.pdf,wayback,2026-09-29T17:22:15Z,"pollster_release (Ibope Inteligencia report of tables JOB0462-8) via Wayback; total-respondent basis (base 3010); blank_null=Branco/Nulo, undecided=Nao sabe/Nao respondeu; valid-vote runoff shares not printed; publication_date = pollster release page 'Data de Publicacao' (https://web.archive.org/web/20141006050636/http://www.eleicoes.ibopeinteligencia.com:80/Paginas/Antes-do-ultimo-debate-disputa-presidencial-permanece-inalterada.aspx, retrieved 2026-09-29T17:20:13Z; page header date 2014-10-02); G1 article published 2014-10-02 (https://g1.globo.com/politica/eleicoes/2014/noticia/2014/10/dilma-tem-40-marina-24-e-aecio-19-aponta-pesquisa-ibope.html) with identical runoff figures; contractor per pollster report and release page: IBOPE Inteligencia Pesquisa e Consultoria LTDA (self-funded; G1 agrees); Agencia Brasil (2014-10-02) instead says commissioned by Rede Globo and O Estado de S. Paulo; Agencia Brasil prints identical runoff figures"
2014,2,Ibope,Ibope Inteligência,2014-09-29,2014-10-01,2014-10-03,3010,BR-00942/2014,Aécio Neves vs Marina Silva,Marina Silva,38,18,11,,https://web.archive.org/web/20141108005631id_/http://eleicoes.ibopeinteligencia.com:80/Documents/Nacional%20-%20Relat%C3%B3rios/JOB_0462-8_BRASIL%20-%20Relat%C3%B3rio%20de%20tabelas.pdf,wayback,2026-09-29T17:22:15Z,"pollster_release (Ibope Inteligencia report of tables JOB0462-8) via Wayback; total-respondent basis (base 3010); blank_null=Branco/Nulo, undecided=Nao sabe/Nao respondeu; valid-vote runoff shares not printed; publication_date = pollster release page 'Data de Publicacao' (https://web.archive.org/web/20141006050636/http://www.eleicoes.ibopeinteligencia.com:80/Paginas/Antes-do-ultimo-debate-disputa-presidencial-permanece-inalterada.aspx, retrieved 2026-09-29T17:20:13Z; page header date 2014-10-02); G1 article published 2014-10-02 (https://g1.globo.com/politica/eleicoes/2014/noticia/2014/10/dilma-tem-40-marina-24-e-aecio-19-aponta-pesquisa-ibope.html) with identical runoff figures; contractor per pollster report and release page: IBOPE Inteligencia Pesquisa e Consultoria LTDA (self-funded; G1 agrees); Agencia Brasil (2014-10-02) instead says commissioned by Rede Globo and O Estado de S. Paulo; Agencia Brasil prints identical runoff figures"
2014,2,Ibope,TV Globo; O Estado de S. Paulo,2014-10-02,2014-10-04,2014-10-04,3010,BR-01021/2014,Aécio Neves vs Dilma Rousseff,Aécio Neves,37,11,7,,https://web.archive.org/web/20150501154218id_/http://eleicoes.ibopeinteligencia.com/Documents/Nacional%20-%20Relat%C3%B3rios/JOB_0462-9_BRASIL%20-%20Relat%C3%B3rio%20de%20tabelas%20%28final%29.pdf,wayback,2026-09-29T17:22:23Z,"pollster_release (Ibope Inteligencia report of tables JOB0462-9) via Wayback; total-respondent basis (base 3010); blank_null=Branco/Nulo, undecided=Nao sabe/Nao respondeu; valid-vote runoff shares not printed; publication_date = pollster release page 'Data de Publicacao' (https://web.archive.org/web/20141008011054/http://www.eleicoes.ibopeinteligencia.com:80/Paginas/Apos-debate,-Dilma-segue-na-lideranca--Aecio-cresce-e-fica-numericamente-a-frente-de-Marina,-porem,-em-situacao-de-empate-t.aspx, retrieved 2026-09-29T17:20:19Z; page header date 2014-10-04); G1 article published 2014-10-04 (https://g1.globo.com/politica/eleicoes/2014/noticia/2014/10/ibope-votos-validos-dilma-tem-46-aecio-27-e-marina-24.html) with identical runoff figures; final pre-election wave; report runoff questions numbered P.05A-C"
2014,2,Ibope,TV Globo; O Estado de S. Paulo,2014-10-02,2014-10-04,2014-10-04,3010,BR-01021/2014,Aécio Neves vs Dilma Rousseff,Dilma Rousseff,45,11,7,,https://web.archive.org/web/20150501154218id_/http://eleicoes.ibopeinteligencia.com/Documents/Nacional%20-%20Relat%C3%B3rios/JOB_0462-9_BRASIL%20-%20Relat%C3%B3rio%20de%20tabelas%20%28final%29.pdf,wayback,2026-09-29T17:22:23Z,"pollster_release (Ibope Inteligencia report of tables JOB0462-9) via Wayback; total-respondent basis (base 3010); blank_null=Branco/Nulo, undecided=Nao sabe/Nao respondeu; valid-vote runoff shares not printed; publication_date = pollster release page 'Data de Publicacao' (https://web.archive.org/web/20141008011054/http://www.eleicoes.ibopeinteligencia.com:80/Paginas/Apos-debate,-Dilma-segue-na-lideranca--Aecio-cresce-e-fica-numericamente-a-frente-de-Marina,-porem,-em-situacao-de-empate-t.aspx, retrieved 2026-09-29T17:20:19Z; page header date 2014-10-04); G1 article published 2014-10-04 (https://g1.globo.com/politica/eleicoes/2014/noticia/2014/10/ibope-votos-validos-dilma-tem-46-aecio-27-e-marina-24.html) with identical runoff figures; final pre-election wave; report runoff questions numbered P.05A-C"
2014,2,Ibope,TV Globo; O Estado de S. Paulo,2014-10-02,2014-10-04,2014-10-04,3010,BR-01021/2014,Dilma Rousseff vs Marina Silva,Dilma Rousseff,45,12,7,,https://web.archive.org/web/20150501154218id_/http://eleicoes.ibopeinteligencia.com/Documents/Nacional%20-%20Relat%C3%B3rios/JOB_0462-9_BRASIL%20-%20Relat%C3%B3rio%20de%20tabelas%20%28final%29.pdf,wayback,2026-09-29T17:22:23Z,"pollster_release (Ibope Inteligencia report of tables JOB0462-9) via Wayback; total-respondent basis (base 3010); blank_null=Branco/Nulo, undecided=Nao sabe/Nao respondeu; valid-vote runoff shares not printed; publication_date = pollster release page 'Data de Publicacao' (https://web.archive.org/web/20141008011054/http://www.eleicoes.ibopeinteligencia.com:80/Paginas/Apos-debate,-Dilma-segue-na-lideranca--Aecio-cresce-e-fica-numericamente-a-frente-de-Marina,-porem,-em-situacao-de-empate-t.aspx, retrieved 2026-09-29T17:20:19Z; page header date 2014-10-04); G1 article published 2014-10-04 (https://g1.globo.com/politica/eleicoes/2014/noticia/2014/10/ibope-votos-validos-dilma-tem-46-aecio-27-e-marina-24.html) with identical runoff figures; final pre-election wave; report runoff questions numbered P.05A-C"
2014,2,Ibope,TV Globo; O Estado de S. Paulo,2014-10-02,2014-10-04,2014-10-04,3010,BR-01021/2014,Dilma Rousseff vs Marina Silva,Marina Silva,37,12,7,,https://web.archive.org/web/20150501154218id_/http://eleicoes.ibopeinteligencia.com/Documents/Nacional%20-%20Relat%C3%B3rios/JOB_0462-9_BRASIL%20-%20Relat%C3%B3rio%20de%20tabelas%20%28final%29.pdf,wayback,2026-09-29T17:22:23Z,"pollster_release (Ibope Inteligencia report of tables JOB0462-9) via Wayback; total-respondent basis (base 3010); blank_null=Branco/Nulo, undecided=Nao sabe/Nao respondeu; valid-vote runoff shares not printed; publication_date = pollster release page 'Data de Publicacao' (https://web.archive.org/web/20141008011054/http://www.eleicoes.ibopeinteligencia.com:80/Paginas/Apos-debate,-Dilma-segue-na-lideranca--Aecio-cresce-e-fica-numericamente-a-frente-de-Marina,-porem,-em-situacao-de-empate-t.aspx, retrieved 2026-09-29T17:20:19Z; page header date 2014-10-04); G1 article published 2014-10-04 (https://g1.globo.com/politica/eleicoes/2014/noticia/2014/10/ibope-votos-validos-dilma-tem-46-aecio-27-e-marina-24.html) with identical runoff figures; final pre-election wave; report runoff questions numbered P.05A-C"
2014,2,Ibope,TV Globo; O Estado de S. Paulo,2014-10-02,2014-10-04,2014-10-04,3010,BR-01021/2014,Aécio Neves vs Marina Silva,Aécio Neves,39,15,11,,https://web.archive.org/web/20150501154218id_/http://eleicoes.ibopeinteligencia.com/Documents/Nacional%20-%20Relat%C3%B3rios/JOB_0462-9_BRASIL%20-%20Relat%C3%B3rio%20de%20tabelas%20%28final%29.pdf,wayback,2026-09-29T17:22:23Z,"pollster_release (Ibope Inteligencia report of tables JOB0462-9) via Wayback; total-respondent basis (base 3010); blank_null=Branco/Nulo, undecided=Nao sabe/Nao respondeu; valid-vote runoff shares not printed; publication_date = pollster release page 'Data de Publicacao' (https://web.archive.org/web/20141008011054/http://www.eleicoes.ibopeinteligencia.com:80/Paginas/Apos-debate,-Dilma-segue-na-lideranca--Aecio-cresce-e-fica-numericamente-a-frente-de-Marina,-porem,-em-situacao-de-empate-t.aspx, retrieved 2026-09-29T17:20:19Z; page header date 2014-10-04); G1 article published 2014-10-04 (https://g1.globo.com/politica/eleicoes/2014/noticia/2014/10/ibope-votos-validos-dilma-tem-46-aecio-27-e-marina-24.html) with identical runoff figures; final pre-election wave; report runoff questions numbered P.05A-C"
2014,2,Ibope,TV Globo; O Estado de S. Paulo,2014-10-02,2014-10-04,2014-10-04,3010,BR-01021/2014,Aécio Neves vs Marina Silva,Marina Silva,36,15,11,,https://web.archive.org/web/20150501154218id_/http://eleicoes.ibopeinteligencia.com/Documents/Nacional%20-%20Relat%C3%B3rios/JOB_0462-9_BRASIL%20-%20Relat%C3%B3rio%20de%20tabelas%20%28final%29.pdf,wayback,2026-09-29T17:22:23Z,"pollster_release (Ibope Inteligencia report of tables JOB0462-9) via Wayback; total-respondent basis (base 3010); blank_null=Branco/Nulo, undecided=Nao sabe/Nao respondeu; valid-vote runoff shares not printed; publication_date = pollster release page 'Data de Publicacao' (https://web.archive.org/web/20141008011054/http://www.eleicoes.ibopeinteligencia.com:80/Paginas/Apos-debate,-Dilma-segue-na-lideranca--Aecio-cresce-e-fica-numericamente-a-frente-de-Marina,-porem,-em-situacao-de-empate-t.aspx, retrieved 2026-09-29T17:20:19Z; page header date 2014-10-04); G1 article published 2014-10-04 (https://g1.globo.com/politica/eleicoes/2014/noticia/2014/10/ibope-votos-validos-dilma-tem-46-aecio-27-e-marina-24.html) with identical runoff figures; final pre-election wave; report runoff questions numbered P.05A-C"
2014,1,Ibope,Ibope Inteligência,2014-09-29,2014-10-01,2014-10-03,3010,BR-00942/2014,main,Dilma Rousseff,40,8,7,47,https://web.archive.org/web/20141108005631id_/http://eleicoes.ibopeinteligencia.com:80/Documents/Nacional%20-%20Relat%C3%B3rios/JOB_0462-8_BRASIL%20-%20Relat%C3%B3rio%20de%20tabelas.pdf,wayback,2026-09-29T17:22:15Z,"pollster_release (Ibope Inteligencia report of tables JOB0462-8, P.04A total / P.04B valid votes, valid base 2545) via Wayback; publication_date = pollster release page 'Data de Publicacao' (https://web.archive.org/web/20141006050636/http://www.eleicoes.ibopeinteligencia.com:80/Paginas/Antes-do-ultimo-debate-disputa-presidencial-permanece-inalterada.aspx, retrieved 2026-09-29T17:20:13Z; page header date 2014-10-02); G1 (https://g1.globo.com/politica/eleicoes/2014/noticia/2014/10/dilma-tem-40-marina-24-e-aecio-19-aponta-pesquisa-ibope.html) and Agencia Brasil both published 2014-10-02 with identical figures; contractor per pollster: IBOPE Inteligencia (self-funded; G1 agrees); Agencia Brasil says Rede Globo and O Estado de S. Paulo; 'Outros com menos de 1%' = 1% total and 1% valid (Eymael, Levy Fidelix, Mauro Iasi, Rui Costa Pimenta, Ze Maria, Eduardo Jorge)"
2014,1,Ibope,Ibope Inteligência,2014-09-29,2014-10-01,2014-10-03,3010,BR-00942/2014,main,Aécio Neves,19,8,7,22,https://web.archive.org/web/20141108005631id_/http://eleicoes.ibopeinteligencia.com:80/Documents/Nacional%20-%20Relat%C3%B3rios/JOB_0462-8_BRASIL%20-%20Relat%C3%B3rio%20de%20tabelas.pdf,wayback,2026-09-29T17:22:15Z,"pollster_release (Ibope Inteligencia report of tables JOB0462-8, P.04A total / P.04B valid votes, valid base 2545) via Wayback; publication_date = pollster release page 'Data de Publicacao' (https://web.archive.org/web/20141006050636/http://www.eleicoes.ibopeinteligencia.com:80/Paginas/Antes-do-ultimo-debate-disputa-presidencial-permanece-inalterada.aspx, retrieved 2026-09-29T17:20:13Z; page header date 2014-10-02); G1 (https://g1.globo.com/politica/eleicoes/2014/noticia/2014/10/dilma-tem-40-marina-24-e-aecio-19-aponta-pesquisa-ibope.html) and Agencia Brasil both published 2014-10-02 with identical figures; contractor per pollster: IBOPE Inteligencia (self-funded; G1 agrees); Agencia Brasil says Rede Globo and O Estado de S. Paulo; 'Outros com menos de 1%' = 1% total and 1% valid (Eymael, Levy Fidelix, Mauro Iasi, Rui Costa Pimenta, Ze Maria, Eduardo Jorge)"
2014,1,Ibope,Ibope Inteligência,2014-09-29,2014-10-01,2014-10-03,3010,BR-00942/2014,main,Marina Silva,24,8,7,28,https://web.archive.org/web/20141108005631id_/http://eleicoes.ibopeinteligencia.com:80/Documents/Nacional%20-%20Relat%C3%B3rios/JOB_0462-8_BRASIL%20-%20Relat%C3%B3rio%20de%20tabelas.pdf,wayback,2026-09-29T17:22:15Z,"pollster_release (Ibope Inteligencia report of tables JOB0462-8, P.04A total / P.04B valid votes, valid base 2545) via Wayback; publication_date = pollster release page 'Data de Publicacao' (https://web.archive.org/web/20141006050636/http://www.eleicoes.ibopeinteligencia.com:80/Paginas/Antes-do-ultimo-debate-disputa-presidencial-permanece-inalterada.aspx, retrieved 2026-09-29T17:20:13Z; page header date 2014-10-02); G1 (https://g1.globo.com/politica/eleicoes/2014/noticia/2014/10/dilma-tem-40-marina-24-e-aecio-19-aponta-pesquisa-ibope.html) and Agencia Brasil both published 2014-10-02 with identical figures; contractor per pollster: IBOPE Inteligencia (self-funded; G1 agrees); Agencia Brasil says Rede Globo and O Estado de S. Paulo; 'Outros com menos de 1%' = 1% total and 1% valid (Eymael, Levy Fidelix, Mauro Iasi, Rui Costa Pimenta, Ze Maria, Eduardo Jorge)"
2014,1,Ibope,Ibope Inteligência,2014-09-29,2014-10-01,2014-10-03,3010,BR-00942/2014,main,Luciana Genro,1,8,7,1,https://web.archive.org/web/20141108005631id_/http://eleicoes.ibopeinteligencia.com:80/Documents/Nacional%20-%20Relat%C3%B3rios/JOB_0462-8_BRASIL%20-%20Relat%C3%B3rio%20de%20tabelas.pdf,wayback,2026-09-29T17:22:15Z,"pollster_release (Ibope Inteligencia report of tables JOB0462-8, P.04A total / P.04B valid votes, valid base 2545) via Wayback; publication_date = pollster release page 'Data de Publicacao' (https://web.archive.org/web/20141006050636/http://www.eleicoes.ibopeinteligencia.com:80/Paginas/Antes-do-ultimo-debate-disputa-presidencial-permanece-inalterada.aspx, retrieved 2026-09-29T17:20:13Z; page header date 2014-10-02); G1 (https://g1.globo.com/politica/eleicoes/2014/noticia/2014/10/dilma-tem-40-marina-24-e-aecio-19-aponta-pesquisa-ibope.html) and Agencia Brasil both published 2014-10-02 with identical figures; contractor per pollster: IBOPE Inteligencia (self-funded; G1 agrees); Agencia Brasil says Rede Globo and O Estado de S. Paulo; 'Outros com menos de 1%' = 1% total and 1% valid (Eymael, Levy Fidelix, Mauro Iasi, Rui Costa Pimenta, Ze Maria, Eduardo Jorge)"
2014,1,Ibope,Ibope Inteligência,2014-09-29,2014-10-01,2014-10-03,3010,BR-00942/2014,main,Pastor Everaldo,1,8,7,1,https://web.archive.org/web/20141108005631id_/http://eleicoes.ibopeinteligencia.com:80/Documents/Nacional%20-%20Relat%C3%B3rios/JOB_0462-8_BRASIL%20-%20Relat%C3%B3rio%20de%20tabelas.pdf,wayback,2026-09-29T17:22:15Z,"pollster_release (Ibope Inteligencia report of tables JOB0462-8, P.04A total / P.04B valid votes, valid base 2545) via Wayback; publication_date = pollster release page 'Data de Publicacao' (https://web.archive.org/web/20141006050636/http://www.eleicoes.ibopeinteligencia.com:80/Paginas/Antes-do-ultimo-debate-disputa-presidencial-permanece-inalterada.aspx, retrieved 2026-09-29T17:20:13Z; page header date 2014-10-02); G1 (https://g1.globo.com/politica/eleicoes/2014/noticia/2014/10/dilma-tem-40-marina-24-e-aecio-19-aponta-pesquisa-ibope.html) and Agencia Brasil both published 2014-10-02 with identical figures; contractor per pollster: IBOPE Inteligencia (self-funded; G1 agrees); Agencia Brasil says Rede Globo and O Estado de S. Paulo; 'Outros com menos de 1%' = 1% total and 1% valid (Eymael, Levy Fidelix, Mauro Iasi, Rui Costa Pimenta, Ze Maria, Eduardo Jorge)"
2014,1,Ibope,Ibope Inteligência,2014-09-29,2014-10-01,2014-10-03,3010,BR-00942/2014,main,Eduardo Jorge,,8,7,,https://web.archive.org/web/20141108005631id_/http://eleicoes.ibopeinteligencia.com:80/Documents/Nacional%20-%20Relat%C3%B3rios/JOB_0462-8_BRASIL%20-%20Relat%C3%B3rio%20de%20tabelas.pdf,wayback,2026-09-29T17:22:15Z,"pollster_release (Ibope Inteligencia report of tables JOB0462-8, P.04A total / P.04B valid votes, valid base 2545) via Wayback; publication_date = pollster release page 'Data de Publicacao' (https://web.archive.org/web/20141006050636/http://www.eleicoes.ibopeinteligencia.com:80/Paginas/Antes-do-ultimo-debate-disputa-presidencial-permanece-inalterada.aspx, retrieved 2026-09-29T17:20:13Z; page header date 2014-10-02); G1 (https://g1.globo.com/politica/eleicoes/2014/noticia/2014/10/dilma-tem-40-marina-24-e-aecio-19-aponta-pesquisa-ibope.html) and Agencia Brasil both published 2014-10-02 with identical figures; contractor per pollster: IBOPE Inteligencia (self-funded; G1 agrees); Agencia Brasil says Rede Globo and O Estado de S. Paulo; 'Outros com menos de 1%' = 1% total and 1% valid (Eymael, Levy Fidelix, Mauro Iasi, Rui Costa Pimenta, Ze Maria, Eduardo Jorge); Eduardo Jorge not printed individually by pollster (inside 'Outros com menos de 1%'); G1 prints 0%* (below 1%); share left empty"
