pollster,field_end,round,scenario,candidate,reason
Datafolha,2014-09-26,1,main,José Maria Eymael,no positive share printed
Datafolha,2014-09-26,1,main,Levy Fidelix,no positive share printed
Datafolha,2014-09-26,1,main,Mauro Iasi,no positive share printed
Datafolha,2014-09-26,1,main,Rui Costa Pimenta,no positive share printed
Datafolha,2014-09-26,1,main,Zé Maria,no positive share printed
Datafolha,2014-10-02,1,main,José Maria Eymael,no positive share printed
Datafolha,2014-10-02,1,main,Levy Fidelix,no positive share printed
Datafolha,2014-10-02,1,main,Mauro Iasi,no positive share printed
Datafolha,2014-10-02,1,main,Rui Costa Pimenta,no positive share printed
Datafolha,2014-10-02,1,main,Zé Maria,no positive share printed
Ibope,2014-10-01,1,main,Eduardo Jorge,no positive share printed
Sensus,2014-09-04,2,Dilma Rousseff vs Marina Silva,Marina Silva,basis undeterminable (source says valid votes; values sum to 80.4)
Sensus,2014-09-04,2,Dilma Rousseff vs Marina Silva,Dilma Rousseff,basis undeterminable (source says valid votes; values sum to 80.4)
Sensus,2014-09-04,2,Aécio Neves vs Dilma Rousseff,Dilma Rousseff,basis undeterminable (source says valid votes; values sum to 80.4)
Sensus,2014-09-04,2,Aécio Neves vs Dilma Rousseff,Aécio Neves,basis undeterminable (source says valid votes; values sum to 80.4)
