pollster,field_end,sample_size_research,field,research_value,verified_value,status,url,retrieved_utc,notes
Datafolha,2014-08-29,2874,sample_size,2874,2874,confirmed,http://media.folha.uol.com.br/datafolha/2014/09/01/intencao-de-voto-presidente.pdf,2026-09-29T17:29:55Z,"PDF cover ""28 e 29/08/2014""; METODOLOGIA: ""realizado do dia 28 ao dia 29 de agosto de 2014, foram realizadas 2.874 entrevistas"""
Datafolha,2014-08-29,2874,field_start,2014-08-28,2014-08-28,confirmed,http://media.folha.uol.com.br/datafolha/2014/09/01/intencao-de-voto-presidente.pdf,2026-09-29T17:29:55Z,"PDF cover ""28 e 29/08/2014""; METODOLOGIA: ""realizado do dia 28 ao dia 29 de agosto de 2014, foram realizadas 2.874 entrevistas"""
Datafolha,2014-08-29,2874,field_end,2014-08-29,2014-08-29,confirmed,http://media.folha.uol.com.br/datafolha/2014/09/01/intencao-de-voto-presidente.pdf,2026-09-29T17:29:55Z,"PDF cover ""28 e 29/08/2014""; METODOLOGIA: ""realizado do dia 28 ao dia 29 de agosto de 2014, foram realizadas 2.874 entrevistas"""
Datafolha,2014-08-29,2874,share_total_pct [Aécio Neves vs Dilma Rousseff] Aécio Neves,40,40,confirmed,http://media.folha.uol.com.br/datafolha/2014/09/01/intencao-de-voto-presidente.pdf,2026-09-29T17:29:55Z,"PDF p.57 chart ""2o turno - situacao A"", column ""28 e 29/8/14"": Dilma 48, Aecio 40 (same in P.6 table TOTAL column)"
Datafolha,2014-08-29,2874,share_total_pct [Aécio Neves vs Dilma Rousseff] Dilma Rousseff,48,48,confirmed,http://media.folha.uol.com.br/datafolha/2014/09/01/intencao-de-voto-presidente.pdf,2026-09-29T17:29:55Z,"PDF p.57 chart ""2o turno - situacao A"", column ""28 e 29/8/14"": Dilma 48, Aecio 40 (same in P.6 table TOTAL column)"
Datafolha,2014-08-29,2874,share_total_pct [Dilma Rousseff vs Marina Silva] Dilma Rousseff,40,40,confirmed,http://media.folha.uol.com.br/datafolha/2014/09/01/intencao-de-voto-presidente.pdf,2026-09-29T17:29:55Z,"PDF narrative p.2: ""Atualmente, Marina tem 50%, ante 40% da petista"" (same in P.6 table TOTAL column)"
Datafolha,2014-08-29,2874,share_total_pct [Dilma Rousseff vs Marina Silva] Marina Silva,50,50,confirmed,http://media.folha.uol.com.br/datafolha/2014/09/01/intencao-de-voto-presidente.pdf,2026-09-29T17:29:55Z,"PDF narrative p.2: ""Atualmente, Marina tem 50%, ante 40% da petista"" (same in P.6 table TOTAL column)"
Datafolha,2014-09-03,10054,sample_size,10054,10054,confirmed,http://media.folha.uol.com.br/datafolha/2014/09/04/intencao-de-voto-para-presidente.pdf,2026-09-29T17:29:57Z,"PDF cover ""01 a 03/09/2014""; METODOLOGIA p.5: ""realizado do dia 01 ao dia 03 de setembro de 2014, foram realizadas 10.054 entrevistas"""
Datafolha,2014-09-03,10054,field_start,2014-09-01,2014-09-01,confirmed,http://media.folha.uol.com.br/datafolha/2014/09/04/intencao-de-voto-para-presidente.pdf,2026-09-29T17:29:57Z,"PDF cover ""01 a 03/09/2014""; METODOLOGIA p.5: ""realizado do dia 01 ao dia 03 de setembro de 2014, foram realizadas 10.054 entrevistas""; Source-internal inconsistency: narrative p.3 says ""realizado entre os dias 2 e 3 de setembro de 2014"", but the cover, the methodology page and the table footers (""Data do campo: 01 a 03/09/2014"") all say 1-3 Sep, so 2014-09-01 is kept as confirmed"
Datafolha,2014-09-03,10054,field_end,2014-09-03,2014-09-03,confirmed,http://media.folha.uol.com.br/datafolha/2014/09/04/intencao-de-voto-para-presidente.pdf,2026-09-29T17:29:57Z,"PDF cover ""01 a 03/09/2014""; METODOLOGIA p.5: ""realizado do dia 01 ao dia 03 de setembro de 2014, foram realizadas 10.054 entrevistas"""
Datafolha,2014-09-03,10054,share_total_pct [Aécio Neves vs Dilma Rousseff] Aécio Neves,38,38,confirmed,http://media.folha.uol.com.br/datafolha/2014/09/04/intencao-de-voto-para-presidente.pdf,2026-09-29T17:29:57Z,"PDF narrative p.4: ""a petista teria 49% das intencoes de voto, ante 38% do tucano"""
Datafolha,2014-09-03,10054,share_total_pct [Aécio Neves vs Dilma Rousseff] Dilma Rousseff,49,49,confirmed,http://media.folha.uol.com.br/datafolha/2014/09/04/intencao-de-voto-para-presidente.pdf,2026-09-29T17:29:57Z,"PDF narrative p.4: ""a petista teria 49% das intencoes de voto, ante 38% do tucano"""
Datafolha,2014-09-03,10054,share_total_pct [Dilma Rousseff vs Marina Silva] Dilma Rousseff,41,41,confirmed,http://media.folha.uol.com.br/datafolha/2014/09/04/intencao-de-voto-para-presidente.pdf,2026-09-29T17:29:57Z,"PDF narrative p.4: ""Marina leva vantagem sobre Dilma (48% a 41%)"""
Datafolha,2014-09-03,10054,share_total_pct [Dilma Rousseff vs Marina Silva] Marina Silva,48,48,confirmed,http://media.folha.uol.com.br/datafolha/2014/09/04/intencao-de-voto-para-presidente.pdf,2026-09-29T17:29:57Z,"PDF narrative p.4: ""Marina leva vantagem sobre Dilma (48% a 41%)"""
Datafolha,2014-09-03,10054,share_total_pct [Aécio Neves vs Marina Silva] Aécio Neves,28,28,confirmed,http://media.folha.uol.com.br/datafolha/2014/09/04/intencao-de-voto-para-presidente.pdf,2026-09-29T17:29:57Z,"PDF narrative p.4: ""56% optariam por ela, e 28% pelo senador do PSDB"""
Datafolha,2014-09-03,10054,share_total_pct [Aécio Neves vs Marina Silva] Marina Silva,56,56,confirmed,http://media.folha.uol.com.br/datafolha/2014/09/04/intencao-de-voto-para-presidente.pdf,2026-09-29T17:29:57Z,"PDF narrative p.4: ""56% optariam por ela, e 28% pelo senador do PSDB"""
Datafolha,2014-09-09,10568,sample_size,10568,10568,confirmed,http://media.folha.uol.com.br/datafolha/2014/09/11/intencao_de_voto_e_avaliacao_presidente.pdf,2026-09-29T17:30:00Z,"PDF cover ""08 e 09/09/2014""; METODOLOGIA p.5: ""realizado do dia 08 ao dia 09 de setembro de 2014, foram realizadas 10.568 entrevistas"""
Datafolha,2014-09-09,10568,field_start,2014-09-08,2014-09-08,confirmed,http://media.folha.uol.com.br/datafolha/2014/09/11/intencao_de_voto_e_avaliacao_presidente.pdf,2026-09-29T17:30:00Z,"PDF cover ""08 e 09/09/2014""; METODOLOGIA p.5: ""realizado do dia 08 ao dia 09 de setembro de 2014, foram realizadas 10.568 entrevistas"""
Datafolha,2014-09-09,10568,field_end,2014-09-09,2014-09-09,confirmed,http://media.folha.uol.com.br/datafolha/2014/09/11/intencao_de_voto_e_avaliacao_presidente.pdf,2026-09-29T17:30:00Z,"PDF cover ""08 e 09/09/2014""; METODOLOGIA p.5: ""realizado do dia 08 ao dia 09 de setembro de 2014, foram realizadas 10.568 entrevistas"""
Datafolha,2014-09-09,10568,share_total_pct [Aécio Neves vs Dilma Rousseff] Aécio Neves,38,38,confirmed,http://media.folha.uol.com.br/datafolha/2014/09/11/intencao_de_voto_e_avaliacao_presidente.pdf,2026-09-29T17:30:00Z,"PDF narrative p.4: ""a petista teria 49% das intencoes de voto, ante 38% do tucano"""
Datafolha,2014-09-09,10568,share_total_pct [Aécio Neves vs Dilma Rousseff] Dilma Rousseff,49,49,confirmed,http://media.folha.uol.com.br/datafolha/2014/09/11/intencao_de_voto_e_avaliacao_presidente.pdf,2026-09-29T17:30:00Z,"PDF narrative p.4: ""a petista teria 49% das intencoes de voto, ante 38% do tucano"""
Datafolha,2014-09-09,10568,share_total_pct [Dilma Rousseff vs Marina Silva] Dilma Rousseff,43,43,confirmed,http://media.folha.uol.com.br/datafolha/2014/09/11/intencao_de_voto_e_avaliacao_presidente.pdf,2026-09-29T17:30:00Z,"PDF narrative p.4: ""a um empate tecnico no limite da margem de erro (47% a 43%)"" (Marina 47, Dilma 43)"
Datafolha,2014-09-09,10568,share_total_pct [Dilma Rousseff vs Marina Silva] Marina Silva,47,47,confirmed,http://media.folha.uol.com.br/datafolha/2014/09/11/intencao_de_voto_e_avaliacao_presidente.pdf,2026-09-29T17:30:00Z,"PDF narrative p.4: ""a um empate tecnico no limite da margem de erro (47% a 43%)"" (Marina 47, Dilma 43)"
Datafolha,2014-09-09,10568,share_total_pct [Aécio Neves vs Marina Silva] Aécio Neves,30,30,confirmed,http://media.folha.uol.com.br/datafolha/2014/09/11/intencao_de_voto_e_avaliacao_presidente.pdf,2026-09-29T17:30:00Z,"PDF narrative p.4: ""a candidata do PSB com 54% das intencoes de voto, ante 30% do adversario"""
Datafolha,2014-09-09,10568,share_total_pct [Aécio Neves vs Marina Silva] Marina Silva,54,54,confirmed,http://media.folha.uol.com.br/datafolha/2014/09/11/intencao_de_voto_e_avaliacao_presidente.pdf,2026-09-29T17:30:00Z,"PDF narrative p.4: ""a candidata do PSB com 54% das intencoes de voto, ante 30% do adversario"""
Datafolha,2014-09-18,5340,sample_size,5340,5340,confirmed,http://media.folha.uol.com.br/datafolha/2014/09/19/intencao_de_voto_presidente.pdf,2026-09-29T17:30:05Z,"PDF cover ""17 e 18/09/2014""; METODOLOGIA p.6: ""realizado do dia 17 ao dia 18 de setembro de 2014, foram realizadas 5340 entrevistas"""
Datafolha,2014-09-18,5340,field_start,2014-09-17,2014-09-17,confirmed,http://media.folha.uol.com.br/datafolha/2014/09/19/intencao_de_voto_presidente.pdf,2026-09-29T17:30:05Z,"PDF cover ""17 e 18/09/2014""; METODOLOGIA p.6: ""realizado do dia 17 ao dia 18 de setembro de 2014, foram realizadas 5340 entrevistas"""
Datafolha,2014-09-18,5340,field_end,2014-09-18,2014-09-18,confirmed,http://media.folha.uol.com.br/datafolha/2014/09/19/intencao_de_voto_presidente.pdf,2026-09-29T17:30:05Z,"PDF cover ""17 e 18/09/2014""; METODOLOGIA p.6: ""realizado do dia 17 ao dia 18 de setembro de 2014, foram realizadas 5340 entrevistas"""
Datafolha,2014-09-18,5340,share_total_pct [Aécio Neves vs Dilma Rousseff] Aécio Neves,39,39,confirmed,http://media.folha.uol.com.br/datafolha/2014/09/19/intencao_de_voto_presidente.pdf,2026-09-29T17:30:05Z,"PDF narrative p.4: ""a petista teria 49% das intencoes de voto, ante 39% do tucano"""
Datafolha,2014-09-18,5340,share_total_pct [Aécio Neves vs Dilma Rousseff] Dilma Rousseff,49,49,confirmed,http://media.folha.uol.com.br/datafolha/2014/09/19/intencao_de_voto_presidente.pdf,2026-09-29T17:30:05Z,"PDF narrative p.4: ""a petista teria 49% das intencoes de voto, ante 39% do tucano"""
Datafolha,2014-09-18,5340,share_total_pct [Dilma Rousseff vs Marina Silva] Dilma Rousseff,44,44,confirmed,http://media.folha.uol.com.br/datafolha/2014/09/19/intencao_de_voto_presidente.pdf,2026-09-29T17:30:05Z,"PDF narrative p.4: ""a candidata do PSB tem a preferencia de 46% dos eleitores, ante 44% da petista"""
Datafolha,2014-09-18,5340,share_total_pct [Dilma Rousseff vs Marina Silva] Marina Silva,46,46,confirmed,http://media.folha.uol.com.br/datafolha/2014/09/19/intencao_de_voto_presidente.pdf,2026-09-29T17:30:05Z,"PDF narrative p.4: ""a candidata do PSB tem a preferencia de 46% dos eleitores, ante 44% da petista"""
Datafolha,2014-09-18,5340,share_total_pct [Aécio Neves vs Marina Silva] Aécio Neves,35,35,confirmed,http://media.folha.uol.com.br/datafolha/2014/09/19/intencao_de_voto_presidente.pdf,2026-09-29T17:30:05Z,"PDF narrative p.4: ""a candidata do PSB teria 49%, ante 35% do senador mineiro"""
Datafolha,2014-09-18,5340,share_total_pct [Aécio Neves vs Marina Silva] Marina Silva,49,49,confirmed,http://media.folha.uol.com.br/datafolha/2014/09/19/intencao_de_voto_presidente.pdf,2026-09-29T17:30:05Z,"PDF narrative p.4: ""a candidata do PSB teria 49%, ante 35% do senador mineiro"""
Datafolha,2014-09-26,11474,sample_size,11474,11474,confirmed,http://media.folha.uol.com.br/datafolha/2014/09/27/intencaodevotoeavaliacaopresidente.pdf,2026-09-29T17:30:08Z,"PDF cover ""25 e 26/09/2014""; METODOLOGIA p.6: ""realizado do dia 25 ao dia 26 de setembro de 2014, foram realizadas 11474 entrevistas"""
Datafolha,2014-09-26,11474,field_start,2014-09-25,2014-09-25,confirmed,http://media.folha.uol.com.br/datafolha/2014/09/27/intencaodevotoeavaliacaopresidente.pdf,2026-09-29T17:30:08Z,"PDF cover ""25 e 26/09/2014""; METODOLOGIA p.6: ""realizado do dia 25 ao dia 26 de setembro de 2014, foram realizadas 11474 entrevistas"""
Datafolha,2014-09-26,11474,field_end,2014-09-26,2014-09-26,confirmed,http://media.folha.uol.com.br/datafolha/2014/09/27/intencaodevotoeavaliacaopresidente.pdf,2026-09-29T17:30:08Z,"PDF cover ""25 e 26/09/2014""; METODOLOGIA p.6: ""realizado do dia 25 ao dia 26 de setembro de 2014, foram realizadas 11474 entrevistas"""
Datafolha,2014-09-26,11474,share_total_pct [Aécio Neves vs Dilma Rousseff] Aécio Neves,39,39,confirmed,http://media.folha.uol.com.br/datafolha/2014/09/27/intencaodevotoeavaliacaopresidente.pdf,2026-09-29T17:30:08Z,"PDF narrative p.4: ""a petista teria 50% dos votos, ante 39% do adversario"""
Datafolha,2014-09-26,11474,share_total_pct [Aécio Neves vs Dilma Rousseff] Dilma Rousseff,50,50,confirmed,http://media.folha.uol.com.br/datafolha/2014/09/27/intencaodevotoeavaliacaopresidente.pdf,2026-09-29T17:30:08Z,"PDF narrative p.4: ""a petista teria 50% dos votos, ante 39% do adversario"""
Datafolha,2014-09-26,11474,share_total_pct [Dilma Rousseff vs Marina Silva] Dilma Rousseff,47,47,confirmed,http://media.folha.uol.com.br/datafolha/2014/09/27/intencaodevotoeavaliacaopresidente.pdf,2026-09-29T17:30:08Z,"PDF narrative p.4: ""vantagem da petista sobre a adversaria (47% a 43%)"""
Datafolha,2014-09-26,11474,share_total_pct [Dilma Rousseff vs Marina Silva] Marina Silva,43,43,confirmed,http://media.folha.uol.com.br/datafolha/2014/09/27/intencaodevotoeavaliacaopresidente.pdf,2026-09-29T17:30:08Z,"PDF narrative p.4: ""vantagem da petista sobre a adversaria (47% a 43%)"""
Datafolha,2014-09-26,11474,share_total_pct [first_round] Dilma Rousseff,40,40,confirmed,http://media.folha.uol.com.br/datafolha/2014/09/27/intencaodevotoeavaliacaopresidente.pdf,2026-09-29T17:30:08Z,"PDF narrative p.3: Dilma ""Com 40% das intencoes de voto"", Marina ""aparece com 27%"", Aecio ""de 17% para 18%"""
Datafolha,2014-09-26,11474,share_total_pct [first_round] Marina Silva,27,27,confirmed,http://media.folha.uol.com.br/datafolha/2014/09/27/intencaodevotoeavaliacaopresidente.pdf,2026-09-29T17:30:08Z,"PDF narrative p.3: Dilma ""Com 40% das intencoes de voto"", Marina ""aparece com 27%"", Aecio ""de 17% para 18%"""
Datafolha,2014-09-26,11474,share_total_pct [first_round] Aécio Neves,18,18,confirmed,http://media.folha.uol.com.br/datafolha/2014/09/27/intencaodevotoeavaliacaopresidente.pdf,2026-09-29T17:30:08Z,"PDF narrative p.3: Dilma ""Com 40% das intencoes de voto"", Marina ""aparece com 27%"", Aecio ""de 17% para 18%"""
Datafolha,2014-09-30,7520,sample_size,7520,7520,confirmed,http://media.folha.uol.com.br/datafolha/2014/10/01/intencao_de_voto_e_avaliacao_presidente.pdf,2026-09-29T17:30:12Z,"PDF cover ""29 e 30/09/2014""; METODOLOGIA p.5: ""realizado do dia 29 ao dia 30 de setembro de 2014, foram realizadas 7520 entrevistas"""
Datafolha,2014-09-30,7520,field_start,2014-09-29,2014-09-29,confirmed,http://media.folha.uol.com.br/datafolha/2014/10/01/intencao_de_voto_e_avaliacao_presidente.pdf,2026-09-29T17:30:12Z,"PDF cover ""29 e 30/09/2014""; METODOLOGIA p.5: ""realizado do dia 29 ao dia 30 de setembro de 2014, foram realizadas 7520 entrevistas"""
Datafolha,2014-09-30,7520,field_end,2014-09-30,2014-09-30,confirmed,http://media.folha.uol.com.br/datafolha/2014/10/01/intencao_de_voto_e_avaliacao_presidente.pdf,2026-09-29T17:30:12Z,"PDF cover ""29 e 30/09/2014""; METODOLOGIA p.5: ""realizado do dia 29 ao dia 30 de setembro de 2014, foram realizadas 7520 entrevistas"""
Datafolha,2014-09-30,7520,share_total_pct [Aécio Neves vs Dilma Rousseff] Aécio Neves,41,41,confirmed,http://media.folha.uol.com.br/datafolha/2014/10/01/intencao_de_voto_e_avaliacao_presidente.pdf,2026-09-29T17:30:12Z,"PDF narrative p.4: ""a petista teria 50% dos votos, ante 41% do adversario"""
Datafolha,2014-09-30,7520,share_total_pct [Aécio Neves vs Dilma Rousseff] Dilma Rousseff,50,50,confirmed,http://media.folha.uol.com.br/datafolha/2014/10/01/intencao_de_voto_e_avaliacao_presidente.pdf,2026-09-29T17:30:12Z,"PDF narrative p.4: ""a petista teria 50% dos votos, ante 41% do adversario"""
Datafolha,2014-09-30,7520,share_total_pct [Dilma Rousseff vs Marina Silva] Dilma Rousseff,49,49,confirmed,http://media.folha.uol.com.br/datafolha/2014/10/01/intencao_de_voto_e_avaliacao_presidente.pdf,2026-09-29T17:30:12Z,"PDF narrative p.4: ""A petista tem 49% neste cenario, ante 41% da candidata do PSB"""
Datafolha,2014-09-30,7520,share_total_pct [Dilma Rousseff vs Marina Silva] Marina Silva,41,41,confirmed,http://media.folha.uol.com.br/datafolha/2014/10/01/intencao_de_voto_e_avaliacao_presidente.pdf,2026-09-29T17:30:12Z,"PDF narrative p.4: ""A petista tem 49% neste cenario, ante 41% da candidata do PSB"""
Datafolha,2014-10-02,12022,sample_size,12022,12022,confirmed,http://media.folha.uol.com.br/datafolha/2014/10/03/intencao_de_voto_presidente_2.pdf,2026-09-29T17:30:15Z,"PDF cover ""01 e 02/10/2014""; METODOLOGIA p.6: ""realizado do dia 01 ao dia 02 de outubro de 2014, foram realizadas 12022 entrevistas"""
Datafolha,2014-10-02,12022,field_start,2014-10-01,2014-10-01,confirmed,http://media.folha.uol.com.br/datafolha/2014/10/03/intencao_de_voto_presidente_2.pdf,2026-09-29T17:30:15Z,"PDF cover ""01 e 02/10/2014""; METODOLOGIA p.6: ""realizado do dia 01 ao dia 02 de outubro de 2014, foram realizadas 12022 entrevistas"""
Datafolha,2014-10-02,12022,field_end,2014-10-02,2014-10-02,confirmed,http://media.folha.uol.com.br/datafolha/2014/10/03/intencao_de_voto_presidente_2.pdf,2026-09-29T17:30:15Z,"PDF cover ""01 e 02/10/2014""; METODOLOGIA p.6: ""realizado do dia 01 ao dia 02 de outubro de 2014, foram realizadas 12022 entrevistas"""
Datafolha,2014-10-02,12022,share_total_pct [Aécio Neves vs Dilma Rousseff] Aécio Neves,41,41,confirmed,http://media.folha.uol.com.br/datafolha/2014/10/03/intencao_de_voto_presidente_2.pdf,2026-09-29T17:30:15Z,"PDF narrative p.4: ""a petista teria 48% dos votos, ante 41% do adversario"""
Datafolha,2014-10-02,12022,share_total_pct [Aécio Neves vs Dilma Rousseff] Dilma Rousseff,48,48,confirmed,http://media.folha.uol.com.br/datafolha/2014/10/03/intencao_de_voto_presidente_2.pdf,2026-09-29T17:30:15Z,"PDF narrative p.4: ""a petista teria 48% dos votos, ante 41% do adversario"""
Datafolha,2014-10-02,12022,share_total_pct [Dilma Rousseff vs Marina Silva] Dilma Rousseff,48,48,confirmed,http://media.folha.uol.com.br/datafolha/2014/10/03/intencao_de_voto_presidente_2.pdf,2026-09-29T17:30:15Z,"PDF narrative p.4: ""vantagem da petista, que tem 48%, ante 41% da adversaria"""
Datafolha,2014-10-02,12022,share_total_pct [Dilma Rousseff vs Marina Silva] Marina Silva,41,41,confirmed,http://media.folha.uol.com.br/datafolha/2014/10/03/intencao_de_voto_presidente_2.pdf,2026-09-29T17:30:15Z,"PDF narrative p.4: ""vantagem da petista, que tem 48%, ante 41% da adversaria"""
Datafolha,2014-10-02,12022,share_total_pct [first_round] Dilma Rousseff,40,40,confirmed,http://media.folha.uol.com.br/datafolha/2014/10/03/intencao_de_voto_presidente_2.pdf,2026-09-29T17:30:15Z,"PDF narrative p.3: Dilma ""40% do eleitorado"", Marina ""com 24% das intencoes de voto"", Aecio ""que aparece com 21%"""
Datafolha,2014-10-02,12022,share_total_pct [first_round] Marina Silva,24,24,confirmed,http://media.folha.uol.com.br/datafolha/2014/10/03/intencao_de_voto_presidente_2.pdf,2026-09-29T17:30:15Z,"PDF narrative p.3: Dilma ""40% do eleitorado"", Marina ""com 24% das intencoes de voto"", Aecio ""que aparece com 21%"""
Datafolha,2014-10-02,12022,share_total_pct [first_round] Aécio Neves,21,21,confirmed,http://media.folha.uol.com.br/datafolha/2014/10/03/intencao_de_voto_presidente_2.pdf,2026-09-29T17:30:15Z,"PDF narrative p.3: Dilma ""40% do eleitorado"", Marina ""com 24% das intencoes de voto"", Aecio ""que aparece com 21%"""
Datafolha,2014-10-04,18116,sample_size,18116,18116,confirmed,http://media.folha.uol.com.br/datafolha/2014/10/04/intencao_de_voto_presidente.pdf,2026-09-29T17:30:18Z,"PDF cover ""03 e 04/10/2014""; METODOLOGIA p.5: ""realizado do dia 03 ao dia 04 de outubro de 2014, foram realizadas 18116 entrevistas"""
Datafolha,2014-10-04,18116,field_start,2014-10-03,2014-10-03,confirmed,http://media.folha.uol.com.br/datafolha/2014/10/04/intencao_de_voto_presidente.pdf,2026-09-29T17:30:18Z,"PDF cover ""03 e 04/10/2014""; METODOLOGIA p.5: ""realizado do dia 03 ao dia 04 de outubro de 2014, foram realizadas 18116 entrevistas"""
Datafolha,2014-10-04,18116,field_end,2014-10-04,2014-10-04,confirmed,http://media.folha.uol.com.br/datafolha/2014/10/04/intencao_de_voto_presidente.pdf,2026-09-29T17:30:18Z,"PDF cover ""03 e 04/10/2014""; METODOLOGIA p.5: ""realizado do dia 03 ao dia 04 de outubro de 2014, foram realizadas 18116 entrevistas"""
Datafolha,2014-10-04,18116,share_total_pct [Aécio Neves vs Dilma Rousseff] Aécio Neves,42,42,confirmed,http://media.folha.uol.com.br/datafolha/2014/10/04/intencao_de_voto_presidente.pdf,2026-09-29T17:30:18Z,"PDF narrative p.4: ""a petista teria 48% das intencoes de voto, ante 42% do tucano"""
Datafolha,2014-10-04,18116,share_total_pct [Aécio Neves vs Dilma Rousseff] Dilma Rousseff,48,48,confirmed,http://media.folha.uol.com.br/datafolha/2014/10/04/intencao_de_voto_presidente.pdf,2026-09-29T17:30:18Z,"PDF narrative p.4: ""a petista teria 48% das intencoes de voto, ante 42% do tucano"""
Datafolha,2014-10-04,18116,share_total_pct [Dilma Rousseff vs Marina Silva] Dilma Rousseff,49,49,confirmed,http://media.folha.uol.com.br/datafolha/2014/10/04/intencao_de_voto_presidente.pdf,2026-09-29T17:30:18Z,"PDF narrative p.4: ""a petista, que teria 49%, ante 39% da adversaria"""
Datafolha,2014-10-04,18116,share_total_pct [Dilma Rousseff vs Marina Silva] Marina Silva,39,39,confirmed,http://media.folha.uol.com.br/datafolha/2014/10/04/intencao_de_voto_presidente.pdf,2026-09-29T17:30:18Z,"PDF narrative p.4: ""a petista, que teria 49%, ante 39% da adversaria"""
Ibope,2014-08-25,2506,sample_size,2506,2506,confirmed,https://web.archive.org/web/20140917233506id_/http://eleicoes.ibopeinteligencia.com/Documents/Nacional%20-%20Relat%C3%B3rios/JOB_0462-3_BRASIL%20-%20Relat%C3%B3rio%20de%20tabelas.pdf,2026-09-29T17:30:43Z,"Report technical-specs page: ""A pesquisa foi realizada nos dias 23 a 25 de agosto de 2014""; ""Foram entrevistados 2.506 eleitores"""
Ibope,2014-08-25,2506,field_start,2014-08-23,2014-08-23,confirmed,https://web.archive.org/web/20140917233506id_/http://eleicoes.ibopeinteligencia.com/Documents/Nacional%20-%20Relat%C3%B3rios/JOB_0462-3_BRASIL%20-%20Relat%C3%B3rio%20de%20tabelas.pdf,2026-09-29T17:30:43Z,"Report technical-specs page: ""A pesquisa foi realizada nos dias 23 a 25 de agosto de 2014""; ""Foram entrevistados 2.506 eleitores"""
Ibope,2014-08-25,2506,field_end,2014-08-25,2014-08-25,confirmed,https://web.archive.org/web/20140917233506id_/http://eleicoes.ibopeinteligencia.com/Documents/Nacional%20-%20Relat%C3%B3rios/JOB_0462-3_BRASIL%20-%20Relat%C3%B3rio%20de%20tabelas.pdf,2026-09-29T17:30:43Z,"Report technical-specs page: ""A pesquisa foi realizada nos dias 23 a 25 de agosto de 2014""; ""Foram entrevistados 2.506 eleitores"""
Ibope,2014-08-25,2506,share_total_pct [Aécio Neves vs Dilma Rousseff] Aécio Neves,35,35,confirmed,https://web.archive.org/web/20140917233506id_/http://eleicoes.ibopeinteligencia.com/Documents/Nacional%20-%20Relat%C3%B3rios/JOB_0462-3_BRASIL%20-%20Relat%C3%B3rio%20de%20tabelas.pdf,2026-09-29T17:30:43Z,Report table P.06A TOTAL column
Ibope,2014-08-25,2506,share_total_pct [Aécio Neves vs Dilma Rousseff] Dilma Rousseff,41,41,confirmed,https://web.archive.org/web/20140917233506id_/http://eleicoes.ibopeinteligencia.com/Documents/Nacional%20-%20Relat%C3%B3rios/JOB_0462-3_BRASIL%20-%20Relat%C3%B3rio%20de%20tabelas.pdf,2026-09-29T17:30:43Z,Report table P.06A TOTAL column
Ibope,2014-08-25,2506,share_total_pct [Dilma Rousseff vs Marina Silva] Dilma Rousseff,36,36,confirmed,https://web.archive.org/web/20140917233506id_/http://eleicoes.ibopeinteligencia.com/Documents/Nacional%20-%20Relat%C3%B3rios/JOB_0462-3_BRASIL%20-%20Relat%C3%B3rio%20de%20tabelas.pdf,2026-09-29T17:30:43Z,Report table P.06B TOTAL column
Ibope,2014-08-25,2506,share_total_pct [Dilma Rousseff vs Marina Silva] Marina Silva,45,45,confirmed,https://web.archive.org/web/20140917233506id_/http://eleicoes.ibopeinteligencia.com/Documents/Nacional%20-%20Relat%C3%B3rios/JOB_0462-3_BRASIL%20-%20Relat%C3%B3rio%20de%20tabelas.pdf,2026-09-29T17:30:43Z,Report table P.06B TOTAL column
Ibope,2014-09-02,2506,sample_size,2506,2506,confirmed,https://web.archive.org/web/20150421063619id_/http://eleicoes.ibopeinteligencia.com/Documents/Nacional%20-%20Relat%C3%B3rios/JOB_0462-4_BRASIL%20-%20Relat%C3%B3rio%20de%20tabelas.pdf,2026-09-29T17:30:46Z,"Report technical-specs page: ""A pesquisa foi realizada nos dias 31 de agosto a 02 de setembro de 2014""; ""Foram entrevistados 2.506 votantes"""
Ibope,2014-09-02,2506,field_start,2014-08-31,2014-08-31,confirmed,https://web.archive.org/web/20150421063619id_/http://eleicoes.ibopeinteligencia.com/Documents/Nacional%20-%20Relat%C3%B3rios/JOB_0462-4_BRASIL%20-%20Relat%C3%B3rio%20de%20tabelas.pdf,2026-09-29T17:30:46Z,"Report technical-specs page: ""A pesquisa foi realizada nos dias 31 de agosto a 02 de setembro de 2014""; ""Foram entrevistados 2.506 votantes"""
Ibope,2014-09-02,2506,field_end,2014-09-02,2014-09-02,confirmed,https://web.archive.org/web/20150421063619id_/http://eleicoes.ibopeinteligencia.com/Documents/Nacional%20-%20Relat%C3%B3rios/JOB_0462-4_BRASIL%20-%20Relat%C3%B3rio%20de%20tabelas.pdf,2026-09-29T17:30:46Z,"Report technical-specs page: ""A pesquisa foi realizada nos dias 31 de agosto a 02 de setembro de 2014""; ""Foram entrevistados 2.506 votantes"""
Ibope,2014-09-02,2506,share_total_pct [Aécio Neves vs Dilma Rousseff] Aécio Neves,34,34,confirmed,https://web.archive.org/web/20150421063619id_/http://eleicoes.ibopeinteligencia.com/Documents/Nacional%20-%20Relat%C3%B3rios/JOB_0462-4_BRASIL%20-%20Relat%C3%B3rio%20de%20tabelas.pdf,2026-09-29T17:30:46Z,Report table P.06A TOTAL column
Ibope,2014-09-02,2506,share_total_pct [Aécio Neves vs Dilma Rousseff] Dilma Rousseff,47,47,confirmed,https://web.archive.org/web/20150421063619id_/http://eleicoes.ibopeinteligencia.com/Documents/Nacional%20-%20Relat%C3%B3rios/JOB_0462-4_BRASIL%20-%20Relat%C3%B3rio%20de%20tabelas.pdf,2026-09-29T17:30:46Z,Report table P.06A TOTAL column
Ibope,2014-09-02,2506,share_total_pct [Dilma Rousseff vs Marina Silva] Dilma Rousseff,39,39,confirmed,https://web.archive.org/web/20150421063619id_/http://eleicoes.ibopeinteligencia.com/Documents/Nacional%20-%20Relat%C3%B3rios/JOB_0462-4_BRASIL%20-%20Relat%C3%B3rio%20de%20tabelas.pdf,2026-09-29T17:30:46Z,Report table P.06B TOTAL column
Ibope,2014-09-02,2506,share_total_pct [Dilma Rousseff vs Marina Silva] Marina Silva,46,46,confirmed,https://web.archive.org/web/20150421063619id_/http://eleicoes.ibopeinteligencia.com/Documents/Nacional%20-%20Relat%C3%B3rios/JOB_0462-4_BRASIL%20-%20Relat%C3%B3rio%20de%20tabelas.pdf,2026-09-29T17:30:46Z,Report table P.06B TOTAL column
Ibope,2014-09-08,2002,sample_size,2002,2002,confirmed,https://web.archive.org/web/20150421055629id_/http://eleicoes.ibopeinteligencia.com/Documents/Nacional%20-%20Relat%C3%B3rios/JOB_2084-9_BRASIL%20-%20Relat%C3%B3rio%20de%20tabelas%20%28imprensa%29.pdf,2026-09-29T17:30:50Z,"Report technical-specs page: ""A pesquisa foi realizada nos dias 05 a 08 de setembro de 2014""; ""Foram entrevistados 2.002 eleitores"""
Ibope,2014-09-08,2002,field_start,2014-09-05,2014-09-05,confirmed,https://web.archive.org/web/20150421055629id_/http://eleicoes.ibopeinteligencia.com/Documents/Nacional%20-%20Relat%C3%B3rios/JOB_2084-9_BRASIL%20-%20Relat%C3%B3rio%20de%20tabelas%20%28imprensa%29.pdf,2026-09-29T17:30:50Z,"Report technical-specs page: ""A pesquisa foi realizada nos dias 05 a 08 de setembro de 2014""; ""Foram entrevistados 2.002 eleitores"""
Ibope,2014-09-08,2002,field_end,2014-09-08,2014-09-08,confirmed,https://web.archive.org/web/20150421055629id_/http://eleicoes.ibopeinteligencia.com/Documents/Nacional%20-%20Relat%C3%B3rios/JOB_2084-9_BRASIL%20-%20Relat%C3%B3rio%20de%20tabelas%20%28imprensa%29.pdf,2026-09-29T17:30:50Z,"Report technical-specs page: ""A pesquisa foi realizada nos dias 05 a 08 de setembro de 2014""; ""Foram entrevistados 2.002 eleitores"""
Ibope,2014-09-08,2002,share_total_pct [Aécio Neves vs Dilma Rousseff] Aécio Neves,33,33,confirmed,https://web.archive.org/web/20150421055629id_/http://eleicoes.ibopeinteligencia.com/Documents/Nacional%20-%20Relat%C3%B3rios/JOB_2084-9_BRASIL%20-%20Relat%C3%B3rio%20de%20tabelas%20%28imprensa%29.pdf,2026-09-29T17:30:50Z,Report table P.05A TOTAL column
Ibope,2014-09-08,2002,share_total_pct [Aécio Neves vs Dilma Rousseff] Dilma Rousseff,48,48,confirmed,https://web.archive.org/web/20150421055629id_/http://eleicoes.ibopeinteligencia.com/Documents/Nacional%20-%20Relat%C3%B3rios/JOB_2084-9_BRASIL%20-%20Relat%C3%B3rio%20de%20tabelas%20%28imprensa%29.pdf,2026-09-29T17:30:50Z,Report table P.05A TOTAL column
Ibope,2014-09-08,2002,share_total_pct [Dilma Rousseff vs Marina Silva] Dilma Rousseff,42,42,confirmed,https://web.archive.org/web/20150421055629id_/http://eleicoes.ibopeinteligencia.com/Documents/Nacional%20-%20Relat%C3%B3rios/JOB_2084-9_BRASIL%20-%20Relat%C3%B3rio%20de%20tabelas%20%28imprensa%29.pdf,2026-09-29T17:30:50Z,Report table P.05B TOTAL column
Ibope,2014-09-08,2002,share_total_pct [Dilma Rousseff vs Marina Silva] Marina Silva,43,43,confirmed,https://web.archive.org/web/20150421055629id_/http://eleicoes.ibopeinteligencia.com/Documents/Nacional%20-%20Relat%C3%B3rios/JOB_2084-9_BRASIL%20-%20Relat%C3%B3rio%20de%20tabelas%20%28imprensa%29.pdf,2026-09-29T17:30:50Z,Report table P.05B TOTAL column
Ibope,2014-09-08,2002,share_total_pct [Aécio Neves vs Marina Silva] Aécio Neves,27,27,confirmed,https://web.archive.org/web/20150421055629id_/http://eleicoes.ibopeinteligencia.com/Documents/Nacional%20-%20Relat%C3%B3rios/JOB_2084-9_BRASIL%20-%20Relat%C3%B3rio%20de%20tabelas%20%28imprensa%29.pdf,2026-09-29T17:30:50Z,Report table P.05C TOTAL column
Ibope,2014-09-08,2002,share_total_pct [Aécio Neves vs Marina Silva] Marina Silva,51,51,confirmed,https://web.archive.org/web/20150421055629id_/http://eleicoes.ibopeinteligencia.com/Documents/Nacional%20-%20Relat%C3%B3rios/JOB_2084-9_BRASIL%20-%20Relat%C3%B3rio%20de%20tabelas%20%28imprensa%29.pdf,2026-09-29T17:30:50Z,Report table P.05C TOTAL column
Ibope,2014-09-15,3010,sample_size,3010,3010,confirmed,https://web.archive.org/web/20150421062043id_/http://eleicoes.ibopeinteligencia.com/Documents/Nacional%20-%20Relat%C3%B3rios/JOB_0462-5_BRASIL%20-%20Relat%C3%B3rio%20de%20tabelas.pdf,2026-09-29T17:30:54Z,"Report technical-specs page: ""A pesquisa foi realizada nos dias 13 a 15 de setembro de 2014""; ""Foram entrevistados 3.010 votantes"""
Ibope,2014-09-15,3010,field_start,2014-09-13,2014-09-13,confirmed,https://web.archive.org/web/20150421062043id_/http://eleicoes.ibopeinteligencia.com/Documents/Nacional%20-%20Relat%C3%B3rios/JOB_0462-5_BRASIL%20-%20Relat%C3%B3rio%20de%20tabelas.pdf,2026-09-29T17:30:54Z,"Report technical-specs page: ""A pesquisa foi realizada nos dias 13 a 15 de setembro de 2014""; ""Foram entrevistados 3.010 votantes"""
Ibope,2014-09-15,3010,field_end,2014-09-15,2014-09-15,confirmed,https://web.archive.org/web/20150421062043id_/http://eleicoes.ibopeinteligencia.com/Documents/Nacional%20-%20Relat%C3%B3rios/JOB_0462-5_BRASIL%20-%20Relat%C3%B3rio%20de%20tabelas.pdf,2026-09-29T17:30:54Z,"Report technical-specs page: ""A pesquisa foi realizada nos dias 13 a 15 de setembro de 2014""; ""Foram entrevistados 3.010 votantes"""
Ibope,2014-09-15,3010,share_total_pct [Aécio Neves vs Dilma Rousseff] Aécio Neves,37,37,confirmed,https://web.archive.org/web/20150421062043id_/http://eleicoes.ibopeinteligencia.com/Documents/Nacional%20-%20Relat%C3%B3rios/JOB_0462-5_BRASIL%20-%20Relat%C3%B3rio%20de%20tabelas.pdf,2026-09-29T17:30:54Z,Report table P.06A TOTAL column
Ibope,2014-09-15,3010,share_total_pct [Aécio Neves vs Dilma Rousseff] Dilma Rousseff,44,44,confirmed,https://web.archive.org/web/20150421062043id_/http://eleicoes.ibopeinteligencia.com/Documents/Nacional%20-%20Relat%C3%B3rios/JOB_0462-5_BRASIL%20-%20Relat%C3%B3rio%20de%20tabelas.pdf,2026-09-29T17:30:54Z,Report table P.06A TOTAL column
Ibope,2014-09-15,3010,share_total_pct [Dilma Rousseff vs Marina Silva] Dilma Rousseff,40,40,confirmed,https://web.archive.org/web/20150421062043id_/http://eleicoes.ibopeinteligencia.com/Documents/Nacional%20-%20Relat%C3%B3rios/JOB_0462-5_BRASIL%20-%20Relat%C3%B3rio%20de%20tabelas.pdf,2026-09-29T17:30:54Z,Report table P.06B TOTAL column
Ibope,2014-09-15,3010,share_total_pct [Dilma Rousseff vs Marina Silva] Marina Silva,43,43,confirmed,https://web.archive.org/web/20150421062043id_/http://eleicoes.ibopeinteligencia.com/Documents/Nacional%20-%20Relat%C3%B3rios/JOB_0462-5_BRASIL%20-%20Relat%C3%B3rio%20de%20tabelas.pdf,2026-09-29T17:30:54Z,Report table P.06B TOTAL column
Ibope,2014-09-15,3010,share_total_pct [Aécio Neves vs Marina Silva] Aécio Neves,30,30,confirmed,https://web.archive.org/web/20150421062043id_/http://eleicoes.ibopeinteligencia.com/Documents/Nacional%20-%20Relat%C3%B3rios/JOB_0462-5_BRASIL%20-%20Relat%C3%B3rio%20de%20tabelas.pdf,2026-09-29T17:30:54Z,Report table P.06C TOTAL column
Ibope,2014-09-15,3010,share_total_pct [Aécio Neves vs Marina Silva] Marina Silva,48,48,confirmed,https://web.archive.org/web/20150421062043id_/http://eleicoes.ibopeinteligencia.com/Documents/Nacional%20-%20Relat%C3%B3rios/JOB_0462-5_BRASIL%20-%20Relat%C3%B3rio%20de%20tabelas.pdf,2026-09-29T17:30:54Z,Report table P.06C TOTAL column
Ibope,2014-09-22,3010,sample_size,3010,3010,confirmed,https://web.archive.org/web/20150501082410id_/http://eleicoes.ibopeinteligencia.com/Documents/Nacional%20-%20Relat%C3%B3rios/JOB_0462-6_BRASIL%20-%20Relat%C3%B3rio%20de%20tabelas.pdf,2026-09-29T17:30:56Z,"Report technical-specs page: ""A pesquisa foi realizada nos dias 20 a 22 de setembro de 2014""; ""Foram entrevistados 3.010 votantes"""
Ibope,2014-09-22,3010,field_start,2014-09-20,2014-09-20,confirmed,https://web.archive.org/web/20150501082410id_/http://eleicoes.ibopeinteligencia.com/Documents/Nacional%20-%20Relat%C3%B3rios/JOB_0462-6_BRASIL%20-%20Relat%C3%B3rio%20de%20tabelas.pdf,2026-09-29T17:30:56Z,"Report technical-specs page: ""A pesquisa foi realizada nos dias 20 a 22 de setembro de 2014""; ""Foram entrevistados 3.010 votantes"""
Ibope,2014-09-22,3010,field_end,2014-09-22,2014-09-22,confirmed,https://web.archive.org/web/20150501082410id_/http://eleicoes.ibopeinteligencia.com/Documents/Nacional%20-%20Relat%C3%B3rios/JOB_0462-6_BRASIL%20-%20Relat%C3%B3rio%20de%20tabelas.pdf,2026-09-29T17:30:56Z,"Report technical-specs page: ""A pesquisa foi realizada nos dias 20 a 22 de setembro de 2014""; ""Foram entrevistados 3.010 votantes"""
Ibope,2014-09-22,3010,share_total_pct [Aécio Neves vs Dilma Rousseff] Aécio Neves,35,35,confirmed,https://web.archive.org/web/20150501082410id_/http://eleicoes.ibopeinteligencia.com/Documents/Nacional%20-%20Relat%C3%B3rios/JOB_0462-6_BRASIL%20-%20Relat%C3%B3rio%20de%20tabelas.pdf,2026-09-29T17:30:56Z,Report table P.06A TOTAL column
Ibope,2014-09-22,3010,share_total_pct [Aécio Neves vs Dilma Rousseff] Dilma Rousseff,46,46,confirmed,https://web.archive.org/web/20150501082410id_/http://eleicoes.ibopeinteligencia.com/Documents/Nacional%20-%20Relat%C3%B3rios/JOB_0462-6_BRASIL%20-%20Relat%C3%B3rio%20de%20tabelas.pdf,2026-09-29T17:30:56Z,Report table P.06A TOTAL column
Ibope,2014-09-22,3010,share_total_pct [Dilma Rousseff vs Marina Silva] Dilma Rousseff,41,41,confirmed,https://web.archive.org/web/20150501082410id_/http://eleicoes.ibopeinteligencia.com/Documents/Nacional%20-%20Relat%C3%B3rios/JOB_0462-6_BRASIL%20-%20Relat%C3%B3rio%20de%20tabelas.pdf,2026-09-29T17:30:56Z,Report table P.06B TOTAL column
Ibope,2014-09-22,3010,share_total_pct [Dilma Rousseff vs Marina Silva] Marina Silva,41,41,confirmed,https://web.archive.org/web/20150501082410id_/http://eleicoes.ibopeinteligencia.com/Documents/Nacional%20-%20Relat%C3%B3rios/JOB_0462-6_BRASIL%20-%20Relat%C3%B3rio%20de%20tabelas.pdf,2026-09-29T17:30:56Z,Report table P.06B TOTAL column
Ibope,2014-09-22,3010,share_total_pct [Aécio Neves vs Marina Silva] Aécio Neves,31,31,confirmed,https://web.archive.org/web/20150501082410id_/http://eleicoes.ibopeinteligencia.com/Documents/Nacional%20-%20Relat%C3%B3rios/JOB_0462-6_BRASIL%20-%20Relat%C3%B3rio%20de%20tabelas.pdf,2026-09-29T17:30:56Z,Report table P.06C TOTAL column
Ibope,2014-09-22,3010,share_total_pct [Aécio Neves vs Marina Silva] Marina Silva,44,44,confirmed,https://web.archive.org/web/20150501082410id_/http://eleicoes.ibopeinteligencia.com/Documents/Nacional%20-%20Relat%C3%B3rios/JOB_0462-6_BRASIL%20-%20Relat%C3%B3rio%20de%20tabelas.pdf,2026-09-29T17:30:56Z,Report table P.06C TOTAL column
Ibope,2014-09-29,3010,sample_size,3010,3010,confirmed,https://web.archive.org/web/20160305113420id_/http://www.eleicoes.ibopeinteligencia.com/Documents/Nacional%20-%20Relat%C3%B3rios/JOB_0462-7_BRASIL%20-%20Relat%C3%B3rio%20de%20tabelas.pdf,2026-09-29T17:30:58Z,"Report technical-specs page: ""A pesquisa foi realizada nos dias 27 a 29 de setembro de 2014""; ""Foram entrevistados 3.010 votantes"""
Ibope,2014-09-29,3010,field_start,2014-09-27,2014-09-27,confirmed,https://web.archive.org/web/20160305113420id_/http://www.eleicoes.ibopeinteligencia.com/Documents/Nacional%20-%20Relat%C3%B3rios/JOB_0462-7_BRASIL%20-%20Relat%C3%B3rio%20de%20tabelas.pdf,2026-09-29T17:30:58Z,"Report technical-specs page: ""A pesquisa foi realizada nos dias 27 a 29 de setembro de 2014""; ""Foram entrevistados 3.010 votantes"""
Ibope,2014-09-29,3010,field_end,2014-09-29,2014-09-29,confirmed,https://web.archive.org/web/20160305113420id_/http://www.eleicoes.ibopeinteligencia.com/Documents/Nacional%20-%20Relat%C3%B3rios/JOB_0462-7_BRASIL%20-%20Relat%C3%B3rio%20de%20tabelas.pdf,2026-09-29T17:30:58Z,"Report technical-specs page: ""A pesquisa foi realizada nos dias 27 a 29 de setembro de 2014""; ""Foram entrevistados 3.010 votantes"""
Ibope,2014-09-29,3010,share_total_pct [Aécio Neves vs Dilma Rousseff] Aécio Neves,35,35,confirmed,https://web.archive.org/web/20160305113420id_/http://www.eleicoes.ibopeinteligencia.com/Documents/Nacional%20-%20Relat%C3%B3rios/JOB_0462-7_BRASIL%20-%20Relat%C3%B3rio%20de%20tabelas.pdf,2026-09-29T17:30:58Z,Report table P.06A TOTAL column
Ibope,2014-09-29,3010,share_total_pct [Aécio Neves vs Dilma Rousseff] Dilma Rousseff,45,45,confirmed,https://web.archive.org/web/20160305113420id_/http://www.eleicoes.ibopeinteligencia.com/Documents/Nacional%20-%20Relat%C3%B3rios/JOB_0462-7_BRASIL%20-%20Relat%C3%B3rio%20de%20tabelas.pdf,2026-09-29T17:30:58Z,Report table P.06A TOTAL column
Ibope,2014-09-29,3010,share_total_pct [Dilma Rousseff vs Marina Silva] Dilma Rousseff,42,42,confirmed,https://web.archive.org/web/20160305113420id_/http://www.eleicoes.ibopeinteligencia.com/Documents/Nacional%20-%20Relat%C3%B3rios/JOB_0462-7_BRASIL%20-%20Relat%C3%B3rio%20de%20tabelas.pdf,2026-09-29T17:30:58Z,Report table P.06B TOTAL column
Ibope,2014-09-29,3010,share_total_pct [Dilma Rousseff vs Marina Silva] Marina Silva,38,38,confirmed,https://web.archive.org/web/20160305113420id_/http://www.eleicoes.ibopeinteligencia.com/Documents/Nacional%20-%20Relat%C3%B3rios/JOB_0462-7_BRASIL%20-%20Relat%C3%B3rio%20de%20tabelas.pdf,2026-09-29T17:30:58Z,Report table P.06B TOTAL column
Ibope,2014-09-29,3010,share_total_pct [Aécio Neves vs Marina Silva] Aécio Neves,34,34,confirmed,https://web.archive.org/web/20160305113420id_/http://www.eleicoes.ibopeinteligencia.com/Documents/Nacional%20-%20Relat%C3%B3rios/JOB_0462-7_BRASIL%20-%20Relat%C3%B3rio%20de%20tabelas.pdf,2026-09-29T17:30:58Z,Report table P.06C TOTAL column
Ibope,2014-09-29,3010,share_total_pct [Aécio Neves vs Marina Silva] Marina Silva,38,38,confirmed,https://web.archive.org/web/20160305113420id_/http://www.eleicoes.ibopeinteligencia.com/Documents/Nacional%20-%20Relat%C3%B3rios/JOB_0462-7_BRASIL%20-%20Relat%C3%B3rio%20de%20tabelas.pdf,2026-09-29T17:30:58Z,Report table P.06C TOTAL column
Ibope,2014-10-01,3010,sample_size,3010,3010,confirmed,https://web.archive.org/web/20141108005631id_/http://eleicoes.ibopeinteligencia.com:80/Documents/Nacional%20-%20Relat%C3%B3rios/JOB_0462-8_BRASIL%20-%20Relat%C3%B3rio%20de%20tabelas.pdf,2026-09-29T17:31:00Z,"Report technical-specs page: ""A pesquisa foi realizada nos dias 29 de setembro a 01 de outubro de 2014""; ""Foram entrevistados 3.010 votantes"""
Ibope,2014-10-01,3010,field_start,2014-09-29,2014-09-29,confirmed,https://web.archive.org/web/20141108005631id_/http://eleicoes.ibopeinteligencia.com:80/Documents/Nacional%20-%20Relat%C3%B3rios/JOB_0462-8_BRASIL%20-%20Relat%C3%B3rio%20de%20tabelas.pdf,2026-09-29T17:31:00Z,"Report technical-specs page: ""A pesquisa foi realizada nos dias 29 de setembro a 01 de outubro de 2014""; ""Foram entrevistados 3.010 votantes"""
Ibope,2014-10-01,3010,field_end,2014-10-01,2014-10-01,confirmed,https://web.archive.org/web/20141108005631id_/http://eleicoes.ibopeinteligencia.com:80/Documents/Nacional%20-%20Relat%C3%B3rios/JOB_0462-8_BRASIL%20-%20Relat%C3%B3rio%20de%20tabelas.pdf,2026-09-29T17:31:00Z,"Report technical-specs page: ""A pesquisa foi realizada nos dias 29 de setembro a 01 de outubro de 2014""; ""Foram entrevistados 3.010 votantes"""
Ibope,2014-10-01,3010,share_total_pct [Aécio Neves vs Dilma Rousseff] Aécio Neves,33,33,confirmed,https://web.archive.org/web/20141108005631id_/http://eleicoes.ibopeinteligencia.com:80/Documents/Nacional%20-%20Relat%C3%B3rios/JOB_0462-8_BRASIL%20-%20Relat%C3%B3rio%20de%20tabelas.pdf,2026-09-29T17:31:00Z,Report table P.06A TOTAL column
Ibope,2014-10-01,3010,share_total_pct [Aécio Neves vs Dilma Rousseff] Dilma Rousseff,46,46,confirmed,https://web.archive.org/web/20141108005631id_/http://eleicoes.ibopeinteligencia.com:80/Documents/Nacional%20-%20Relat%C3%B3rios/JOB_0462-8_BRASIL%20-%20Relat%C3%B3rio%20de%20tabelas.pdf,2026-09-29T17:31:00Z,Report table P.06A TOTAL column
Ibope,2014-10-01,3010,share_total_pct [Dilma Rousseff vs Marina Silva] Dilma Rousseff,43,43,confirmed,https://web.archive.org/web/20141108005631id_/http://eleicoes.ibopeinteligencia.com:80/Documents/Nacional%20-%20Relat%C3%B3rios/JOB_0462-8_BRASIL%20-%20Relat%C3%B3rio%20de%20tabelas.pdf,2026-09-29T17:31:00Z,Report table P.06B TOTAL column
Ibope,2014-10-01,3010,share_total_pct [Dilma Rousseff vs Marina Silva] Marina Silva,36,36,confirmed,https://web.archive.org/web/20141108005631id_/http://eleicoes.ibopeinteligencia.com:80/Documents/Nacional%20-%20Relat%C3%B3rios/JOB_0462-8_BRASIL%20-%20Relat%C3%B3rio%20de%20tabelas.pdf,2026-09-29T17:31:00Z,Report table P.06B TOTAL column
Ibope,2014-10-01,3010,share_total_pct [Aécio Neves vs Marina Silva] Aécio Neves,33,33,confirmed,https://web.archive.org/web/20141108005631id_/http://eleicoes.ibopeinteligencia.com:80/Documents/Nacional%20-%20Relat%C3%B3rios/JOB_0462-8_BRASIL%20-%20Relat%C3%B3rio%20de%20tabelas.pdf,2026-09-29T17:31:00Z,Report table P.06C TOTAL column
Ibope,2014-10-01,3010,share_total_pct [Aécio Neves vs Marina Silva] Marina Silva,38,38,confirmed,https://web.archive.org/web/20141108005631id_/http://eleicoes.ibopeinteligencia.com:80/Documents/Nacional%20-%20Relat%C3%B3rios/JOB_0462-8_BRASIL%20-%20Relat%C3%B3rio%20de%20tabelas.pdf,2026-09-29T17:31:00Z,Report table P.06C TOTAL column
Ibope,2014-10-01,3010,share_total_pct [first_round] Dilma Rousseff,40,40,confirmed,https://web.archive.org/web/20141108005631id_/http://eleicoes.ibopeinteligencia.com:80/Documents/Nacional%20-%20Relat%C3%B3rios/JOB_0462-8_BRASIL%20-%20Relat%C3%B3rio%20de%20tabelas.pdf,2026-09-29T17:31:00Z,Report table P.04A TOTAL column (stimulated first round)
Ibope,2014-10-01,3010,share_total_pct [first_round] Aécio Neves,19,19,confirmed,https://web.archive.org/web/20141108005631id_/http://eleicoes.ibopeinteligencia.com:80/Documents/Nacional%20-%20Relat%C3%B3rios/JOB_0462-8_BRASIL%20-%20Relat%C3%B3rio%20de%20tabelas.pdf,2026-09-29T17:31:00Z,Report table P.04A TOTAL column (stimulated first round)
Ibope,2014-10-01,3010,share_total_pct [first_round] Marina Silva,24,24,confirmed,https://web.archive.org/web/20141108005631id_/http://eleicoes.ibopeinteligencia.com:80/Documents/Nacional%20-%20Relat%C3%B3rios/JOB_0462-8_BRASIL%20-%20Relat%C3%B3rio%20de%20tabelas.pdf,2026-09-29T17:31:00Z,Report table P.04A TOTAL column (stimulated first round)
Ibope,2014-10-04,3010,sample_size,3010,3010,confirmed,https://web.archive.org/web/20150501154218id_/http://eleicoes.ibopeinteligencia.com/Documents/Nacional%20-%20Relat%C3%B3rios/JOB_0462-9_BRASIL%20-%20Relat%C3%B3rio%20de%20tabelas%20%28final%29.pdf,2026-09-29T17:31:02Z,"Report technical-specs page: ""A pesquisa foi realizada nos dias 02 a 04 de outubro de 2014""; ""Foram entrevistados 3.010 votantes"""
Ibope,2014-10-04,3010,field_start,2014-10-02,2014-10-02,confirmed,https://web.archive.org/web/20150501154218id_/http://eleicoes.ibopeinteligencia.com/Documents/Nacional%20-%20Relat%C3%B3rios/JOB_0462-9_BRASIL%20-%20Relat%C3%B3rio%20de%20tabelas%20%28final%29.pdf,2026-09-29T17:31:02Z,"Report technical-specs page: ""A pesquisa foi realizada nos dias 02 a 04 de outubro de 2014""; ""Foram entrevistados 3.010 votantes"""
Ibope,2014-10-04,3010,field_end,2014-10-04,2014-10-04,confirmed,https://web.archive.org/web/20150501154218id_/http://eleicoes.ibopeinteligencia.com/Documents/Nacional%20-%20Relat%C3%B3rios/JOB_0462-9_BRASIL%20-%20Relat%C3%B3rio%20de%20tabelas%20%28final%29.pdf,2026-09-29T17:31:02Z,"Report technical-specs page: ""A pesquisa foi realizada nos dias 02 a 04 de outubro de 2014""; ""Foram entrevistados 3.010 votantes"""
Ibope,2014-10-04,3010,share_total_pct [Aécio Neves vs Dilma Rousseff] Aécio Neves,37,37,confirmed,https://web.archive.org/web/20150501154218id_/http://eleicoes.ibopeinteligencia.com/Documents/Nacional%20-%20Relat%C3%B3rios/JOB_0462-9_BRASIL%20-%20Relat%C3%B3rio%20de%20tabelas%20%28final%29.pdf,2026-09-29T17:31:02Z,Report table P.05A TOTAL column
Ibope,2014-10-04,3010,share_total_pct [Aécio Neves vs Dilma Rousseff] Dilma Rousseff,45,45,confirmed,https://web.archive.org/web/20150501154218id_/http://eleicoes.ibopeinteligencia.com/Documents/Nacional%20-%20Relat%C3%B3rios/JOB_0462-9_BRASIL%20-%20Relat%C3%B3rio%20de%20tabelas%20%28final%29.pdf,2026-09-29T17:31:02Z,Report table P.05A TOTAL column
Ibope,2014-10-04,3010,share_total_pct [Dilma Rousseff vs Marina Silva] Dilma Rousseff,45,45,confirmed,https://web.archive.org/web/20150501154218id_/http://eleicoes.ibopeinteligencia.com/Documents/Nacional%20-%20Relat%C3%B3rios/JOB_0462-9_BRASIL%20-%20Relat%C3%B3rio%20de%20tabelas%20%28final%29.pdf,2026-09-29T17:31:02Z,Report table P.05B TOTAL column
Ibope,2014-10-04,3010,share_total_pct [Dilma Rousseff vs Marina Silva] Marina Silva,37,37,confirmed,https://web.archive.org/web/20150501154218id_/http://eleicoes.ibopeinteligencia.com/Documents/Nacional%20-%20Relat%C3%B3rios/JOB_0462-9_BRASIL%20-%20Relat%C3%B3rio%20de%20tabelas%20%28final%29.pdf,2026-09-29T17:31:02Z,Report table P.05B TOTAL column
Ibope,2014-10-04,3010,share_total_pct [Aécio Neves vs Marina Silva] Aécio Neves,39,39,confirmed,https://web.archive.org/web/20150501154218id_/http://eleicoes.ibopeinteligencia.com/Documents/Nacional%20-%20Relat%C3%B3rios/JOB_0462-9_BRASIL%20-%20Relat%C3%B3rio%20de%20tabelas%20%28final%29.pdf,2026-09-29T17:31:02Z,Report table P.05C TOTAL column
Ibope,2014-10-04,3010,share_total_pct [Aécio Neves vs Marina Silva] Marina Silva,36,36,confirmed,https://web.archive.org/web/20150501154218id_/http://eleicoes.ibopeinteligencia.com/Documents/Nacional%20-%20Relat%C3%B3rios/JOB_0462-9_BRASIL%20-%20Relat%C3%B3rio%20de%20tabelas%20%28final%29.pdf,2026-09-29T17:31:02Z,Report table P.05C TOTAL column
MDA,2014-08-24,2002,sample_size,2002,2002,confirmed,https://data.cnt.org.br/wp-content/uploads/2025/07/%C2%AA%20Pesquisa%20CNT%20+%20MDA%20%E2%80%93%20S%C3%ADntese.pdf_9.pdf,2026-09-29T17:31:04Z,"Relatorio Sintese Rodada 120: cover ""21 a 24 de agosto de 2014""; DADOS TECNICOS ""2.002 entrevistas""; PERIODO DE COLETA ""21 a 24 de agosto de 2014"""
MDA,2014-08-24,2002,field_start,2014-08-21,2014-08-21,confirmed,https://data.cnt.org.br/wp-content/uploads/2025/07/%C2%AA%20Pesquisa%20CNT%20+%20MDA%20%E2%80%93%20S%C3%ADntese.pdf_9.pdf,2026-09-29T17:31:04Z,"Relatorio Sintese Rodada 120: cover ""21 a 24 de agosto de 2014""; DADOS TECNICOS ""2.002 entrevistas""; PERIODO DE COLETA ""21 a 24 de agosto de 2014"""
MDA,2014-08-24,2002,field_end,2014-08-24,2014-08-24,confirmed,https://data.cnt.org.br/wp-content/uploads/2025/07/%C2%AA%20Pesquisa%20CNT%20+%20MDA%20%E2%80%93%20S%C3%ADntese.pdf_9.pdf,2026-09-29T17:31:04Z,"Relatorio Sintese Rodada 120: cover ""21 a 24 de agosto de 2014""; DADOS TECNICOS ""2.002 entrevistas""; PERIODO DE COLETA ""21 a 24 de agosto de 2014"""
MDA,2014-08-24,2002,share_total_pct [Aécio Neves vs Dilma Rousseff] Dilma Rousseff,43.0,43.0,confirmed,https://data.cnt.org.br/wp-content/uploads/2025/07/%C2%AA%20Pesquisa%20CNT%20+%20MDA%20%E2%80%93%20S%C3%ADntese.pdf_9.pdf,2026-09-29T17:31:04Z,Rodada 120 Tabela 6 (2o turno cenario 1)
MDA,2014-08-24,2002,share_total_pct [Aécio Neves vs Dilma Rousseff] Aécio Neves,33.3,33.3,confirmed,https://data.cnt.org.br/wp-content/uploads/2025/07/%C2%AA%20Pesquisa%20CNT%20+%20MDA%20%E2%80%93%20S%C3%ADntese.pdf_9.pdf,2026-09-29T17:31:04Z,Rodada 120 Tabela 6 (2o turno cenario 1)
MDA,2014-08-24,2002,share_total_pct [Dilma Rousseff vs Marina Silva] Marina Silva,43.7,43.7,confirmed,https://data.cnt.org.br/wp-content/uploads/2025/07/%C2%AA%20Pesquisa%20CNT%20+%20MDA%20%E2%80%93%20S%C3%ADntese.pdf_9.pdf,2026-09-29T17:31:04Z,Rodada 120 Tabela 7 (2o turno cenario 2)
MDA,2014-08-24,2002,share_total_pct [Dilma Rousseff vs Marina Silva] Dilma Rousseff,37.8,37.8,confirmed,https://data.cnt.org.br/wp-content/uploads/2025/07/%C2%AA%20Pesquisa%20CNT%20+%20MDA%20%E2%80%93%20S%C3%ADntese.pdf_9.pdf,2026-09-29T17:31:04Z,Rodada 120 Tabela 7 (2o turno cenario 2)
MDA,2014-08-24,2002,share_total_pct [Aécio Neves vs Marina Silva] Marina Silva,48.9,48.9,confirmed,https://data.cnt.org.br/wp-content/uploads/2025/07/%C2%AA%20Pesquisa%20CNT%20+%20MDA%20%E2%80%93%20S%C3%ADntese.pdf_9.pdf,2026-09-29T17:31:04Z,Rodada 120 Tabela 8 (2o turno cenario 3)
MDA,2014-08-24,2002,share_total_pct [Aécio Neves vs Marina Silva] Aécio Neves,25.2,25.2,confirmed,https://data.cnt.org.br/wp-content/uploads/2025/07/%C2%AA%20Pesquisa%20CNT%20+%20MDA%20%E2%80%93%20S%C3%ADntese.pdf_9.pdf,2026-09-29T17:31:04Z,Rodada 120 Tabela 8 (2o turno cenario 3)
MDA,2014-09-07,2002,sample_size,2002,2002,confirmed,https://data.cnt.org.br/wp-content/uploads/2025/07/%C2%AA%20Pesquisa%20CNT%20+%20MDA%20%E2%80%93%20S%C3%ADntese.pdf_10.pdf,2026-09-29T17:31:06Z,"Relatorio Sintese Rodada 121: cover ""5 a 7 de setembro de 2014 / Registro TSE: BR - 00574/2014""; DADOS TECNICOS ""2.002 entrevistas""; PERIODO DE COLETA ""5 a 7 de setembro de 2014"""
MDA,2014-09-07,2002,field_start,2014-09-05,2014-09-05,confirmed,https://data.cnt.org.br/wp-content/uploads/2025/07/%C2%AA%20Pesquisa%20CNT%20+%20MDA%20%E2%80%93%20S%C3%ADntese.pdf_10.pdf,2026-09-29T17:31:06Z,"Relatorio Sintese Rodada 121: cover ""5 a 7 de setembro de 2014 / Registro TSE: BR - 00574/2014""; DADOS TECNICOS ""2.002 entrevistas""; PERIODO DE COLETA ""5 a 7 de setembro de 2014"""
MDA,2014-09-07,2002,field_end,2014-09-07,2014-09-07,confirmed,https://data.cnt.org.br/wp-content/uploads/2025/07/%C2%AA%20Pesquisa%20CNT%20+%20MDA%20%E2%80%93%20S%C3%ADntese.pdf_10.pdf,2026-09-29T17:31:06Z,"Relatorio Sintese Rodada 121: cover ""5 a 7 de setembro de 2014 / Registro TSE: BR - 00574/2014""; DADOS TECNICOS ""2.002 entrevistas""; PERIODO DE COLETA ""5 a 7 de setembro de 2014"""
MDA,2014-09-07,2002,share_total_pct [Aécio Neves vs Dilma Rousseff] Dilma Rousseff,47.5,47.5,confirmed,https://data.cnt.org.br/wp-content/uploads/2025/07/%C2%AA%20Pesquisa%20CNT%20+%20MDA%20%E2%80%93%20S%C3%ADntese.pdf_10.pdf,2026-09-29T17:31:06Z,Rodada 121 Tabela 3 (2o turno cenario 1)
MDA,2014-09-07,2002,share_total_pct [Aécio Neves vs Dilma Rousseff] Aécio Neves,33.7,33.7,confirmed,https://data.cnt.org.br/wp-content/uploads/2025/07/%C2%AA%20Pesquisa%20CNT%20+%20MDA%20%E2%80%93%20S%C3%ADntese.pdf_10.pdf,2026-09-29T17:31:06Z,Rodada 121 Tabela 3 (2o turno cenario 1)
MDA,2014-09-07,2002,share_total_pct [Dilma Rousseff vs Marina Silva] Marina Silva,45.5,45.5,confirmed,https://data.cnt.org.br/wp-content/uploads/2025/07/%C2%AA%20Pesquisa%20CNT%20+%20MDA%20%E2%80%93%20S%C3%ADntese.pdf_10.pdf,2026-09-29T17:31:06Z,Rodada 121 Tabela 4 (2o turno cenario 2)
MDA,2014-09-07,2002,share_total_pct [Dilma Rousseff vs Marina Silva] Dilma Rousseff,42.7,42.7,confirmed,https://data.cnt.org.br/wp-content/uploads/2025/07/%C2%AA%20Pesquisa%20CNT%20+%20MDA%20%E2%80%93%20S%C3%ADntese.pdf_10.pdf,2026-09-29T17:31:06Z,Rodada 121 Tabela 4 (2o turno cenario 2)
MDA,2014-09-07,2002,share_total_pct [Aécio Neves vs Marina Silva] Marina Silva,52.2,52.2,confirmed,https://data.cnt.org.br/wp-content/uploads/2025/07/%C2%AA%20Pesquisa%20CNT%20+%20MDA%20%E2%80%93%20S%C3%ADntese.pdf_10.pdf,2026-09-29T17:31:06Z,Rodada 121 Tabela 5 (2o turno cenario 3)
MDA,2014-09-07,2002,share_total_pct [Aécio Neves vs Marina Silva] Aécio Neves,26.7,26.7,confirmed,https://data.cnt.org.br/wp-content/uploads/2025/07/%C2%AA%20Pesquisa%20CNT%20+%20MDA%20%E2%80%93%20S%C3%ADntese.pdf_10.pdf,2026-09-29T17:31:06Z,Rodada 121 Tabela 5 (2o turno cenario 3)
MDA,2014-09-07,2002,share_total_pct [first_round] Dilma Rousseff,38.1,38.1,confirmed,https://data.cnt.org.br/wp-content/uploads/2025/07/%C2%AA%20Pesquisa%20CNT%20+%20MDA%20%E2%80%93%20S%C3%ADntese.pdf_10.pdf,2026-09-29T17:31:06Z,Rodada 121 Tabela 2 (estimulada 1o turno)
MDA,2014-09-07,2002,share_total_pct [first_round] Marina Silva,33.5,33.5,confirmed,https://data.cnt.org.br/wp-content/uploads/2025/07/%C2%AA%20Pesquisa%20CNT%20+%20MDA%20%E2%80%93%20S%C3%ADntese.pdf_10.pdf,2026-09-29T17:31:06Z,Rodada 121 Tabela 2 (estimulada 1o turno)
MDA,2014-09-07,2002,share_total_pct [first_round] Aécio Neves,14.7,14.7,confirmed,https://data.cnt.org.br/wp-content/uploads/2025/07/%C2%AA%20Pesquisa%20CNT%20+%20MDA%20%E2%80%93%20S%C3%ADntese.pdf_10.pdf,2026-09-29T17:31:06Z,Rodada 121 Tabela 2 (estimulada 1o turno)
MDA,2014-09-21,2002,sample_size,2002,2002,confirmed,https://web.archive.org/web/20150408124553/http://www.cnt.org.br/Imagens%20CNT/PDFs%20CNT/Pesquisa%20CNT%20MDA/Relatorio%20SINTESE%20-%20CNT%20SETEMBRO2014%20-%20R122%20-%20FINAL.pdf,2026-09-29T17:31:08Z,"Relatorio Sintese Rodada 122: cover ""20 a 21 de setembro de 2014 / Registro TSE: BR - 00753/2014""; DADOS TECNICOS ""2.002 entrevistas""; PERIODO DE COLETA ""20 a 21 de setembro de 2014"""
MDA,2014-09-21,2002,field_start,2014-09-20,2014-09-20,confirmed,https://web.archive.org/web/20150408124553/http://www.cnt.org.br/Imagens%20CNT/PDFs%20CNT/Pesquisa%20CNT%20MDA/Relatorio%20SINTESE%20-%20CNT%20SETEMBRO2014%20-%20R122%20-%20FINAL.pdf,2026-09-29T17:31:08Z,"Relatorio Sintese Rodada 122: cover ""20 a 21 de setembro de 2014 / Registro TSE: BR - 00753/2014""; DADOS TECNICOS ""2.002 entrevistas""; PERIODO DE COLETA ""20 a 21 de setembro de 2014"""
MDA,2014-09-21,2002,field_end,2014-09-21,2014-09-21,confirmed,https://web.archive.org/web/20150408124553/http://www.cnt.org.br/Imagens%20CNT/PDFs%20CNT/Pesquisa%20CNT%20MDA/Relatorio%20SINTESE%20-%20CNT%20SETEMBRO2014%20-%20R122%20-%20FINAL.pdf,2026-09-29T17:31:08Z,"Relatorio Sintese Rodada 122: cover ""20 a 21 de setembro de 2014 / Registro TSE: BR - 00753/2014""; DADOS TECNICOS ""2.002 entrevistas""; PERIODO DE COLETA ""20 a 21 de setembro de 2014"""
MDA,2014-09-21,2002,share_total_pct [Aécio Neves vs Dilma Rousseff] Dilma Rousseff,45.5,45.5,confirmed,https://web.archive.org/web/20150408124553/http://www.cnt.org.br/Imagens%20CNT/PDFs%20CNT/Pesquisa%20CNT%20MDA/Relatorio%20SINTESE%20-%20CNT%20SETEMBRO2014%20-%20R122%20-%20FINAL.pdf,2026-09-29T17:31:08Z,Rodada 122 Tabela 6 (2o turno cenario 1)
MDA,2014-09-21,2002,share_total_pct [Aécio Neves vs Dilma Rousseff] Aécio Neves,36.5,36.5,confirmed,https://web.archive.org/web/20150408124553/http://www.cnt.org.br/Imagens%20CNT/PDFs%20CNT/Pesquisa%20CNT%20MDA/Relatorio%20SINTESE%20-%20CNT%20SETEMBRO2014%20-%20R122%20-%20FINAL.pdf,2026-09-29T17:31:08Z,Rodada 122 Tabela 6 (2o turno cenario 1)
MDA,2014-09-21,2002,share_total_pct [Dilma Rousseff vs Marina Silva] Dilma Rousseff,42.0,42.0,confirmed,https://web.archive.org/web/20150408124553/http://www.cnt.org.br/Imagens%20CNT/PDFs%20CNT/Pesquisa%20CNT%20MDA/Relatorio%20SINTESE%20-%20CNT%20SETEMBRO2014%20-%20R122%20-%20FINAL.pdf,2026-09-29T17:31:08Z,Rodada 122 Tabela 7 (2o turno cenario 2)
MDA,2014-09-21,2002,share_total_pct [Dilma Rousseff vs Marina Silva] Marina Silva,41.0,41.0,confirmed,https://web.archive.org/web/20150408124553/http://www.cnt.org.br/Imagens%20CNT/PDFs%20CNT/Pesquisa%20CNT%20MDA/Relatorio%20SINTESE%20-%20CNT%20SETEMBRO2014%20-%20R122%20-%20FINAL.pdf,2026-09-29T17:31:08Z,Rodada 122 Tabela 7 (2o turno cenario 2)
MDA,2014-09-21,2002,share_total_pct [Aécio Neves vs Marina Silva] Marina Silva,43.1,43.1,confirmed,https://web.archive.org/web/20150408124553/http://www.cnt.org.br/Imagens%20CNT/PDFs%20CNT/Pesquisa%20CNT%20MDA/Relatorio%20SINTESE%20-%20CNT%20SETEMBRO2014%20-%20R122%20-%20FINAL.pdf,2026-09-29T17:31:08Z,Rodada 122 Tabela 8 (2o turno cenario 3)
MDA,2014-09-21,2002,share_total_pct [Aécio Neves vs Marina Silva] Aécio Neves,32.9,32.9,confirmed,https://web.archive.org/web/20150408124553/http://www.cnt.org.br/Imagens%20CNT/PDFs%20CNT/Pesquisa%20CNT%20MDA/Relatorio%20SINTESE%20-%20CNT%20SETEMBRO2014%20-%20R122%20-%20FINAL.pdf,2026-09-29T17:31:08Z,Rodada 122 Tabela 8 (2o turno cenario 3)
MDA,2014-09-21,2002,share_total_pct [first_round] Dilma Rousseff,36.0,36.0,confirmed,https://web.archive.org/web/20150408124553/http://www.cnt.org.br/Imagens%20CNT/PDFs%20CNT/Pesquisa%20CNT%20MDA/Relatorio%20SINTESE%20-%20CNT%20SETEMBRO2014%20-%20R122%20-%20FINAL.pdf,2026-09-29T17:31:08Z,Rodada 122 Tabela 2 (estimulada 1o turno)
MDA,2014-09-21,2002,share_total_pct [first_round] Marina Silva,27.4,27.4,confirmed,https://web.archive.org/web/20150408124553/http://www.cnt.org.br/Imagens%20CNT/PDFs%20CNT/Pesquisa%20CNT%20MDA/Relatorio%20SINTESE%20-%20CNT%20SETEMBRO2014%20-%20R122%20-%20FINAL.pdf,2026-09-29T17:31:08Z,Rodada 122 Tabela 2 (estimulada 1o turno)
MDA,2014-09-21,2002,share_total_pct [first_round] Aécio Neves,17.6,17.6,confirmed,https://web.archive.org/web/20150408124553/http://www.cnt.org.br/Imagens%20CNT/PDFs%20CNT/Pesquisa%20CNT%20MDA/Relatorio%20SINTESE%20-%20CNT%20SETEMBRO2014%20-%20R122%20-%20FINAL.pdf,2026-09-29T17:31:08Z,Rodada 122 Tabela 2 (estimulada 1o turno)
MDA,2014-09-28,2002,sample_size,2002,2002,confirmed,https://data.cnt.org.br/wp-content/uploads/2025/07/%C2%AA%20Pesquisa%20CNT%20+%20MDA%20%E2%80%93%20S%C3%ADntese.pdf_11.pdf,2026-09-29T17:31:09Z,"Relatorio Sintese Rodada 123: cover ""27 e 28 de setembro de 2014 / Registro TSE: BR - 00892/2014""; DADOS TECNICOS ""2.002 entrevistas""; PERIODO DE COLETA ""27 a 28 de setembro de 2014"""
MDA,2014-09-28,2002,field_start,2014-09-27,2014-09-27,confirmed,https://data.cnt.org.br/wp-content/uploads/2025/07/%C2%AA%20Pesquisa%20CNT%20+%20MDA%20%E2%80%93%20S%C3%ADntese.pdf_11.pdf,2026-09-29T17:31:09Z,"Relatorio Sintese Rodada 123: cover ""27 e 28 de setembro de 2014 / Registro TSE: BR - 00892/2014""; DADOS TECNICOS ""2.002 entrevistas""; PERIODO DE COLETA ""27 a 28 de setembro de 2014"""
MDA,2014-09-28,2002,field_end,2014-09-28,2014-09-28,confirmed,https://data.cnt.org.br/wp-content/uploads/2025/07/%C2%AA%20Pesquisa%20CNT%20+%20MDA%20%E2%80%93%20S%C3%ADntese.pdf_11.pdf,2026-09-29T17:31:09Z,"Relatorio Sintese Rodada 123: cover ""27 e 28 de setembro de 2014 / Registro TSE: BR - 00892/2014""; DADOS TECNICOS ""2.002 entrevistas""; PERIODO DE COLETA ""27 a 28 de setembro de 2014"""
MDA,2014-09-28,2002,share_total_pct [Aécio Neves vs Dilma Rousseff] Dilma Rousseff,49.1,49.1,confirmed,https://data.cnt.org.br/wp-content/uploads/2025/07/%C2%AA%20Pesquisa%20CNT%20+%20MDA%20%E2%80%93%20S%C3%ADntese.pdf_11.pdf,2026-09-29T17:31:09Z,Rodada 123 Tabela 6 (2o turno cenario 1)
MDA,2014-09-28,2002,share_total_pct [Aécio Neves vs Dilma Rousseff] Aécio Neves,36.8,36.8,confirmed,https://data.cnt.org.br/wp-content/uploads/2025/07/%C2%AA%20Pesquisa%20CNT%20+%20MDA%20%E2%80%93%20S%C3%ADntese.pdf_11.pdf,2026-09-29T17:31:09Z,Rodada 123 Tabela 6 (2o turno cenario 1)
MDA,2014-09-28,2002,share_total_pct [Dilma Rousseff vs Marina Silva] Dilma Rousseff,47.7,47.7,confirmed,https://data.cnt.org.br/wp-content/uploads/2025/07/%C2%AA%20Pesquisa%20CNT%20+%20MDA%20%E2%80%93%20S%C3%ADntese.pdf_11.pdf,2026-09-29T17:31:09Z,Rodada 123 Tabela 7 (2o turno cenario 2)
MDA,2014-09-28,2002,share_total_pct [Dilma Rousseff vs Marina Silva] Marina Silva,38.7,38.7,confirmed,https://data.cnt.org.br/wp-content/uploads/2025/07/%C2%AA%20Pesquisa%20CNT%20+%20MDA%20%E2%80%93%20S%C3%ADntese.pdf_11.pdf,2026-09-29T17:31:09Z,Rodada 123 Tabela 7 (2o turno cenario 2)
MDA,2014-09-28,2002,share_total_pct [Aécio Neves vs Marina Silva] Marina Silva,41.1,41.1,confirmed,https://data.cnt.org.br/wp-content/uploads/2025/07/%C2%AA%20Pesquisa%20CNT%20+%20MDA%20%E2%80%93%20S%C3%ADntese.pdf_11.pdf,2026-09-29T17:31:09Z,Rodada 123 Tabela 8 (2o turno cenario 3)
MDA,2014-09-28,2002,share_total_pct [Aécio Neves vs Marina Silva] Aécio Neves,36.0,36.0,confirmed,https://data.cnt.org.br/wp-content/uploads/2025/07/%C2%AA%20Pesquisa%20CNT%20+%20MDA%20%E2%80%93%20S%C3%ADntese.pdf_11.pdf,2026-09-29T17:31:09Z,Rodada 123 Tabela 8 (2o turno cenario 3)
MDA,2014-09-28,2002,share_total_pct [first_round] Dilma Rousseff,40.4,40.4,confirmed,https://data.cnt.org.br/wp-content/uploads/2025/07/%C2%AA%20Pesquisa%20CNT%20+%20MDA%20%E2%80%93%20S%C3%ADntese.pdf_11.pdf,2026-09-29T17:31:09Z,Rodada 123 Tabela 2 (estimulada 1o turno)
MDA,2014-09-28,2002,share_total_pct [first_round] Marina Silva,25.2,25.2,confirmed,https://data.cnt.org.br/wp-content/uploads/2025/07/%C2%AA%20Pesquisa%20CNT%20+%20MDA%20%E2%80%93%20S%C3%ADntese.pdf_11.pdf,2026-09-29T17:31:09Z,Rodada 123 Tabela 2 (estimulada 1o turno)
MDA,2014-09-28,2002,share_total_pct [first_round] Aécio Neves,19.8,19.8,confirmed,https://data.cnt.org.br/wp-content/uploads/2025/07/%C2%AA%20Pesquisa%20CNT%20+%20MDA%20%E2%80%93%20S%C3%ADntese.pdf_11.pdf,2026-09-29T17:31:09Z,Rodada 123 Tabela 2 (estimulada 1o turno)
MDA,2014-10-03,2002,sample_size,2002,2002,confirmed,https://data.cnt.org.br/wp-content/uploads/2025/07/%C2%AA%20Pesquisa%20CNT%20+%20MDA%20%E2%80%93%20S%C3%ADntese.pdf_12.pdf,2026-09-29T17:31:11Z,"Relatorio Sintese Rodada 124: cover ""2 e 3 de outubro de 2014 / Registro TSE: BR - 01032/2014""; DADOS TECNICOS ""2.002 entrevistas""; PERIODO DE COLETA ""2 e 3 de outubro de 2014"""
MDA,2014-10-03,2002,field_start,2014-10-02,2014-10-02,confirmed,https://data.cnt.org.br/wp-content/uploads/2025/07/%C2%AA%20Pesquisa%20CNT%20+%20MDA%20%E2%80%93%20S%C3%ADntese.pdf_12.pdf,2026-09-29T17:31:11Z,"Relatorio Sintese Rodada 124: cover ""2 e 3 de outubro de 2014 / Registro TSE: BR - 01032/2014""; DADOS TECNICOS ""2.002 entrevistas""; PERIODO DE COLETA ""2 e 3 de outubro de 2014"""
MDA,2014-10-03,2002,field_end,2014-10-03,2014-10-03,confirmed,https://data.cnt.org.br/wp-content/uploads/2025/07/%C2%AA%20Pesquisa%20CNT%20+%20MDA%20%E2%80%93%20S%C3%ADntese.pdf_12.pdf,2026-09-29T17:31:11Z,"Relatorio Sintese Rodada 124: cover ""2 e 3 de outubro de 2014 / Registro TSE: BR - 01032/2014""; DADOS TECNICOS ""2.002 entrevistas""; PERIODO DE COLETA ""2 e 3 de outubro de 2014"""
MDA,2014-10-03,2002,share_total_pct [Aécio Neves vs Dilma Rousseff] Dilma Rousseff,46.0,46.0,confirmed,https://data.cnt.org.br/wp-content/uploads/2025/07/%C2%AA%20Pesquisa%20CNT%20+%20MDA%20%E2%80%93%20S%C3%ADntese.pdf_12.pdf,2026-09-29T17:31:11Z,Rodada 124 Tabela 4 (2o turno cenario 1)
MDA,2014-10-03,2002,share_total_pct [Aécio Neves vs Dilma Rousseff] Aécio Neves,40.8,40.8,confirmed,https://data.cnt.org.br/wp-content/uploads/2025/07/%C2%AA%20Pesquisa%20CNT%20+%20MDA%20%E2%80%93%20S%C3%ADntese.pdf_12.pdf,2026-09-29T17:31:11Z,Rodada 124 Tabela 4 (2o turno cenario 1)
MDA,2014-10-03,2002,share_total_pct [Dilma Rousseff vs Marina Silva] Dilma Rousseff,47.6,47.6,confirmed,https://data.cnt.org.br/wp-content/uploads/2025/07/%C2%AA%20Pesquisa%20CNT%20+%20MDA%20%E2%80%93%20S%C3%ADntese.pdf_12.pdf,2026-09-29T17:31:11Z,Rodada 124 Tabela 5 (2o turno cenario 2)
MDA,2014-10-03,2002,share_total_pct [Dilma Rousseff vs Marina Silva] Marina Silva,37.9,37.9,confirmed,https://data.cnt.org.br/wp-content/uploads/2025/07/%C2%AA%20Pesquisa%20CNT%20+%20MDA%20%E2%80%93%20S%C3%ADntese.pdf_12.pdf,2026-09-29T17:31:11Z,Rodada 124 Tabela 5 (2o turno cenario 2)
MDA,2014-10-03,2002,share_total_pct [Aécio Neves vs Marina Silva] Aécio Neves,43.0,43.0,confirmed,https://data.cnt.org.br/wp-content/uploads/2025/07/%C2%AA%20Pesquisa%20CNT%20+%20MDA%20%E2%80%93%20S%C3%ADntese.pdf_12.pdf,2026-09-29T17:31:11Z,Rodada 124 Tabela 6 (2o turno cenario 3)
MDA,2014-10-03,2002,share_total_pct [Aécio Neves vs Marina Silva] Marina Silva,37.1,37.1,confirmed,https://data.cnt.org.br/wp-content/uploads/2025/07/%C2%AA%20Pesquisa%20CNT%20+%20MDA%20%E2%80%93%20S%C3%ADntese.pdf_12.pdf,2026-09-29T17:31:11Z,Rodada 124 Tabela 6 (2o turno cenario 3)
MDA,2014-10-03,2002,share_total_pct [first_round] Dilma Rousseff,40.6,40.6,confirmed,https://data.cnt.org.br/wp-content/uploads/2025/07/%C2%AA%20Pesquisa%20CNT%20+%20MDA%20%E2%80%93%20S%C3%ADntese.pdf_12.pdf,2026-09-29T17:31:11Z,Rodada 124 Tabela 2 (estimulada 1o turno)
MDA,2014-10-03,2002,share_total_pct [first_round] Aécio Neves,24.0,24.0,confirmed,https://data.cnt.org.br/wp-content/uploads/2025/07/%C2%AA%20Pesquisa%20CNT%20+%20MDA%20%E2%80%93%20S%C3%ADntese.pdf_12.pdf,2026-09-29T17:31:11Z,Rodada 124 Tabela 2 (estimulada 1o turno)
MDA,2014-10-03,2002,share_total_pct [first_round] Marina Silva,21.4,21.4,confirmed,https://data.cnt.org.br/wp-content/uploads/2025/07/%C2%AA%20Pesquisa%20CNT%20+%20MDA%20%E2%80%93%20S%C3%ADntese.pdf_12.pdf,2026-09-29T17:31:11Z,Rodada 124 Tabela 2 (estimulada 1o turno)
Vox Populi,2014-09-09,2000,sample_size,2000,2000,confirmed,https://agenciabrasil.ebc.com.br/politica/noticia/2014-09/vox-populi-dilma-tem-36-das-intencoes-de-voto-marina-28-e-aecio-15,2026-09-29T17:31:11Z,"Agencia Brasil article ""Publicado em 10/09/2014"": ""Foram feitas 2 mil entrevistas em 147 cidades. O levantamento foi feito na segunda-feira (8) e ontem (9)"" (month/year taken from the publication date; sample printed as ""2 mil"")"
Vox Populi,2014-09-09,2000,field_start,2014-09-08,2014-09-08,confirmed,https://agenciabrasil.ebc.com.br/politica/noticia/2014-09/vox-populi-dilma-tem-36-das-intencoes-de-voto-marina-28-e-aecio-15,2026-09-29T17:31:11Z,"Agencia Brasil article ""Publicado em 10/09/2014"": ""Foram feitas 2 mil entrevistas em 147 cidades. O levantamento foi feito na segunda-feira (8) e ontem (9)"" (month/year taken from the publication date; sample printed as ""2 mil"")"
Vox Populi,2014-09-09,2000,field_end,2014-09-09,2014-09-09,confirmed,https://agenciabrasil.ebc.com.br/politica/noticia/2014-09/vox-populi-dilma-tem-36-das-intencoes-de-voto-marina-28-e-aecio-15,2026-09-29T17:31:11Z,"Agencia Brasil article ""Publicado em 10/09/2014"": ""Foram feitas 2 mil entrevistas em 147 cidades. O levantamento foi feito na segunda-feira (8) e ontem (9)"" (month/year taken from the publication date; sample printed as ""2 mil"")"
Vox Populi,2014-09-09,2000,share_total_pct [Dilma Rousseff vs Marina Silva] Marina Silva,42,42,confirmed,https://agenciabrasil.ebc.com.br/politica/noticia/2014-09/vox-populi-dilma-tem-36-das-intencoes-de-voto-marina-28-e-aecio-15,2026-09-29T17:31:11Z,"Article: ""Marina teria 42% das intencoes e Dilma, 41%"""
Vox Populi,2014-09-09,2000,share_total_pct [Dilma Rousseff vs Marina Silva] Dilma Rousseff,41,41,confirmed,https://agenciabrasil.ebc.com.br/politica/noticia/2014-09/vox-populi-dilma-tem-36-das-intencoes-de-voto-marina-28-e-aecio-15,2026-09-29T17:31:11Z,"Article: ""Marina teria 42% das intencoes e Dilma, 41%"""
Vox Populi,2014-09-09,2000,share_total_pct [Aécio Neves vs Dilma Rousseff] Dilma Rousseff,44,44,confirmed,https://agenciabrasil.ebc.com.br/politica/noticia/2014-09/vox-populi-dilma-tem-36-das-intencoes-de-voto-marina-28-e-aecio-15,2026-09-29T17:31:11Z,"Article: ""a candidata do PT venceria com 44% das intencoes contra 36% do candidato tucano"""
Vox Populi,2014-09-09,2000,share_total_pct [Aécio Neves vs Dilma Rousseff] Aécio Neves,36,36,confirmed,https://agenciabrasil.ebc.com.br/politica/noticia/2014-09/vox-populi-dilma-tem-36-das-intencoes-de-voto-marina-28-e-aecio-15,2026-09-29T17:31:11Z,"Article: ""a candidata do PT venceria com 44% das intencoes contra 36% do candidato tucano"""
Vox Populi,2014-09-09,2000,share_total_pct [first_round] Dilma Rousseff,36,36,confirmed,https://agenciabrasil.ebc.com.br/politica/noticia/2014-09/vox-populi-dilma-tem-36-das-intencoes-de-voto-marina-28-e-aecio-15,2026-09-29T17:31:11Z,"Article: Dilma ""com 36% das intencoes de voto"", Marina ""com 28%"", Aecio ""com 15%"""
Vox Populi,2014-09-09,2000,share_total_pct [first_round] Marina Silva,28,28,confirmed,https://agenciabrasil.ebc.com.br/politica/noticia/2014-09/vox-populi-dilma-tem-36-das-intencoes-de-voto-marina-28-e-aecio-15,2026-09-29T17:31:11Z,"Article: Dilma ""com 36% das intencoes de voto"", Marina ""com 28%"", Aecio ""com 15%"""
Vox Populi,2014-09-09,2000,share_total_pct [first_round] Aécio Neves,15,15,confirmed,https://agenciabrasil.ebc.com.br/politica/noticia/2014-09/vox-populi-dilma-tem-36-das-intencoes-de-voto-marina-28-e-aecio-15,2026-09-29T17:31:11Z,"Article: Dilma ""com 36% das intencoes de voto"", Marina ""com 28%"", Aecio ""com 15%"""
Vox Populi,2014-09-14,2000,sample_size,2000,2000,confirmed,https://web.archive.org/web/20140918033124/http://noticias.r7.com/eleicoes-2014/vox-populi-mostra-dilma-9-pontos-a-frente-de-marina-16092014,2026-09-29T17:31:13Z,"R7 article (Wayback 2014-09-18): ""A pesquisa ouviu 2.000 eleitores entre sabado (13) e domingo (14)"" (month/year from article context and snapshot)"
Vox Populi,2014-09-14,2000,field_start,2014-09-13,2014-09-13,confirmed,https://web.archive.org/web/20140918033124/http://noticias.r7.com/eleicoes-2014/vox-populi-mostra-dilma-9-pontos-a-frente-de-marina-16092014,2026-09-29T17:31:13Z,"R7 article (Wayback 2014-09-18): ""A pesquisa ouviu 2.000 eleitores entre sabado (13) e domingo (14)"" (month/year from article context and snapshot)"
Vox Populi,2014-09-14,2000,field_end,2014-09-14,2014-09-14,confirmed,https://web.archive.org/web/20140918033124/http://noticias.r7.com/eleicoes-2014/vox-populi-mostra-dilma-9-pontos-a-frente-de-marina-16092014,2026-09-29T17:31:13Z,"R7 article (Wayback 2014-09-18): ""A pesquisa ouviu 2.000 eleitores entre sabado (13) e domingo (14)"" (month/year from article context and snapshot)"
Vox Populi,2014-09-14,2000,share_total_pct [Dilma Rousseff vs Marina Silva] Marina Silva,42,42,confirmed,https://web.archive.org/web/20140918033124/http://noticias.r7.com/eleicoes-2014/vox-populi-mostra-dilma-9-pontos-a-frente-de-marina-16092014,2026-09-29T17:31:13Z,"Article: ""tem 42% das intencoes de voto, enquanto a petista registra 41%"""
Vox Populi,2014-09-14,2000,share_total_pct [Dilma Rousseff vs Marina Silva] Dilma Rousseff,41,41,confirmed,https://web.archive.org/web/20140918033124/http://noticias.r7.com/eleicoes-2014/vox-populi-mostra-dilma-9-pontos-a-frente-de-marina-16092014,2026-09-29T17:31:13Z,"Article: ""tem 42% das intencoes de voto, enquanto a petista registra 41%"""
Vox Populi,2014-09-14,2000,share_total_pct [Aécio Neves vs Dilma Rousseff] Dilma Rousseff,47,47,confirmed,https://web.archive.org/web/20140918033124/http://noticias.r7.com/eleicoes-2014/vox-populi-mostra-dilma-9-pontos-a-frente-de-marina-16092014,2026-09-29T17:31:13Z,"Article: ""a presidente derrota o tucano por 47% a 36%"""
Vox Populi,2014-09-14,2000,share_total_pct [Aécio Neves vs Dilma Rousseff] Aécio Neves,36,36,confirmed,https://web.archive.org/web/20140918033124/http://noticias.r7.com/eleicoes-2014/vox-populi-mostra-dilma-9-pontos-a-frente-de-marina-16092014,2026-09-29T17:31:13Z,"Article: ""a presidente derrota o tucano por 47% a 36%"""
Vox Populi,2014-09-21,2000,sample_size,2000,2000,confirmed,https://web.archive.org/web/20140925114801/http://noticias.r7.com:80/eleicoes-2014/dilma-amplia-vantagem-e-venceria-marina-no-2-turno-diz-vox-populi-23092014,2026-09-29T17:31:15Z,"R7 article (Wayback 2014-09-25): ""2.000 entrevistas feitas com eleitores, entre o ultimo sabado (20) e o ultimo domingo (21)"""
Vox Populi,2014-09-21,2000,field_start,2014-09-20,2014-09-20,confirmed,https://web.archive.org/web/20140925114801/http://noticias.r7.com:80/eleicoes-2014/dilma-amplia-vantagem-e-venceria-marina-no-2-turno-diz-vox-populi-23092014,2026-09-29T17:31:15Z,"R7 article (Wayback 2014-09-25): ""2.000 entrevistas feitas com eleitores, entre o ultimo sabado (20) e o ultimo domingo (21)"""
Vox Populi,2014-09-21,2000,field_end,2014-09-21,2014-09-21,confirmed,https://web.archive.org/web/20140925114801/http://noticias.r7.com:80/eleicoes-2014/dilma-amplia-vantagem-e-venceria-marina-no-2-turno-diz-vox-populi-23092014,2026-09-29T17:31:15Z,"R7 article (Wayback 2014-09-25): ""2.000 entrevistas feitas com eleitores, entre o ultimo sabado (20) e o ultimo domingo (21)"""
Vox Populi,2014-09-21,2000,share_total_pct [Dilma Rousseff vs Marina Silva] Dilma Rousseff,46,46,confirmed,https://web.archive.org/web/20140925114801/http://noticias.r7.com:80/eleicoes-2014/dilma-amplia-vantagem-e-venceria-marina-no-2-turno-diz-vox-populi-23092014,2026-09-29T17:31:15Z,"Article: ""a presidente tem 46% das intencoes de voto, contra 39% da ex-senadora"""
Vox Populi,2014-09-21,2000,share_total_pct [Dilma Rousseff vs Marina Silva] Marina Silva,39,39,confirmed,https://web.archive.org/web/20140925114801/http://noticias.r7.com:80/eleicoes-2014/dilma-amplia-vantagem-e-venceria-marina-no-2-turno-diz-vox-populi-23092014,2026-09-29T17:31:15Z,"Article: ""a presidente tem 46% das intencoes de voto, contra 39% da ex-senadora"""
Vox Populi,2014-09-21,2000,share_total_pct [Aécio Neves vs Dilma Rousseff] Dilma Rousseff,49,49,confirmed,https://web.archive.org/web/20140925114801/http://noticias.r7.com:80/eleicoes-2014/dilma-amplia-vantagem-e-venceria-marina-no-2-turno-diz-vox-populi-23092014,2026-09-29T17:31:15Z,"Article: ""a presidente tem 49% das intencoes de voto, contra 34% do senador"""
Vox Populi,2014-09-21,2000,share_total_pct [Aécio Neves vs Dilma Rousseff] Aécio Neves,34,34,confirmed,https://web.archive.org/web/20140925114801/http://noticias.r7.com:80/eleicoes-2014/dilma-amplia-vantagem-e-venceria-marina-no-2-turno-diz-vox-populi-23092014,2026-09-29T17:31:15Z,"Article: ""a presidente tem 49% das intencoes de voto, contra 34% do senador"""
Vox Populi,2014-09-24,2000,sample_size,2000,2000,confirmed,https://agenciabrasil.ebc.com.br/politica/noticia/2014-09/vox-populi-dilma-tem-38-das-intencoes-de-voto-marina-25-e-aecio-17,2026-09-29T17:31:15Z,"Agencia Brasil article ""Publicado em 25/09/2014"": ""Foram feitas 2 mil entrevistas em 147 cidades. O levantamento foi feito na terca (23) e ontem (24)"" (sample printed as ""2 mil"")"
Vox Populi,2014-09-24,2000,field_start,2014-09-23,2014-09-23,confirmed,https://agenciabrasil.ebc.com.br/politica/noticia/2014-09/vox-populi-dilma-tem-38-das-intencoes-de-voto-marina-25-e-aecio-17,2026-09-29T17:31:15Z,"Agencia Brasil article ""Publicado em 25/09/2014"": ""Foram feitas 2 mil entrevistas em 147 cidades. O levantamento foi feito na terca (23) e ontem (24)"" (sample printed as ""2 mil"")"
Vox Populi,2014-09-24,2000,field_end,2014-09-24,2014-09-24,confirmed,https://agenciabrasil.ebc.com.br/politica/noticia/2014-09/vox-populi-dilma-tem-38-das-intencoes-de-voto-marina-25-e-aecio-17,2026-09-29T17:31:15Z,"Agencia Brasil article ""Publicado em 25/09/2014"": ""Foram feitas 2 mil entrevistas em 147 cidades. O levantamento foi feito na terca (23) e ontem (24)"" (sample printed as ""2 mil"")"
Vox Populi,2014-09-24,2000,share_total_pct [Dilma Rousseff vs Marina Silva] Dilma Rousseff,42,42,confirmed,https://agenciabrasil.ebc.com.br/politica/noticia/2014-09/vox-populi-dilma-tem-38-das-intencoes-de-voto-marina-25-e-aecio-17,2026-09-29T17:31:15Z,"Article: ""A petista tinha 41% e foi para 42%, enquanto a candidata do PSB passou de 42% para 41%"""
Vox Populi,2014-09-24,2000,share_total_pct [Dilma Rousseff vs Marina Silva] Marina Silva,41,41,confirmed,https://agenciabrasil.ebc.com.br/politica/noticia/2014-09/vox-populi-dilma-tem-38-das-intencoes-de-voto-marina-25-e-aecio-17,2026-09-29T17:31:15Z,"Article: ""A petista tinha 41% e foi para 42%, enquanto a candidata do PSB passou de 42% para 41%"""
Vox Populi,2014-09-24,2000,share_total_pct [Aécio Neves vs Dilma Rousseff] Dilma Rousseff,45,45,confirmed,https://agenciabrasil.ebc.com.br/politica/noticia/2014-09/vox-populi-dilma-tem-38-das-intencoes-de-voto-marina-25-e-aecio-17,2026-09-29T17:31:15Z,"Article: ""a candidata do PT venceria com 45% das intencoes de voto contra 37% do candidato tucano"""
Vox Populi,2014-09-24,2000,share_total_pct [Aécio Neves vs Dilma Rousseff] Aécio Neves,37,37,confirmed,https://agenciabrasil.ebc.com.br/politica/noticia/2014-09/vox-populi-dilma-tem-38-das-intencoes-de-voto-marina-25-e-aecio-17,2026-09-29T17:31:15Z,"Article: ""a candidata do PT venceria com 45% das intencoes de voto contra 37% do candidato tucano"""
Vox Populi,2014-09-24,2000,share_total_pct [first_round] Dilma Rousseff,38,38,confirmed,https://agenciabrasil.ebc.com.br/politica/noticia/2014-09/vox-populi-dilma-tem-38-das-intencoes-de-voto-marina-25-e-aecio-17,2026-09-29T17:31:15Z,"Article: Dilma ""com 38%"", Marina ""aparece com 25%"", Aecio ""com 17%"""
Vox Populi,2014-09-24,2000,share_total_pct [first_round] Marina Silva,25,25,confirmed,https://agenciabrasil.ebc.com.br/politica/noticia/2014-09/vox-populi-dilma-tem-38-das-intencoes-de-voto-marina-25-e-aecio-17,2026-09-29T17:31:15Z,"Article: Dilma ""com 38%"", Marina ""aparece com 25%"", Aecio ""com 17%"""
Vox Populi,2014-09-24,2000,share_total_pct [first_round] Aécio Neves,17,17,confirmed,https://agenciabrasil.ebc.com.br/politica/noticia/2014-09/vox-populi-dilma-tem-38-das-intencoes-de-voto-marina-25-e-aecio-17,2026-09-29T17:31:15Z,"Article: Dilma ""com 38%"", Marina ""aparece com 25%"", Aecio ""com 17%"""
Vox Populi,2014-09-28,2000,sample_size,2000,2000,confirmed,https://web.archive.org/web/20141002104558/http://noticias.r7.com:80/eleicoes-2014/vox-populi-indica-vantagem-menor-no-1-turno-mas-dilma-venceria-marina-no-2-29092014,2026-09-29T17:31:17Z,"R7 article (Wayback 2014-10-02): ""ouviu 2.000 eleitores de 147 cidades brasileiras entre o ultimo sabado (27) e o domingo (28)"""
Vox Populi,2014-09-28,2000,field_start,2014-09-27,2014-09-27,confirmed,https://web.archive.org/web/20141002104558/http://noticias.r7.com:80/eleicoes-2014/vox-populi-indica-vantagem-menor-no-1-turno-mas-dilma-venceria-marina-no-2-29092014,2026-09-29T17:31:17Z,"R7 article (Wayback 2014-10-02): ""ouviu 2.000 eleitores de 147 cidades brasileiras entre o ultimo sabado (27) e o domingo (28)"""
Vox Populi,2014-09-28,2000,field_end,2014-09-28,2014-09-28,confirmed,https://web.archive.org/web/20141002104558/http://noticias.r7.com:80/eleicoes-2014/vox-populi-indica-vantagem-menor-no-1-turno-mas-dilma-venceria-marina-no-2-29092014,2026-09-29T17:31:17Z,"R7 article (Wayback 2014-10-02): ""ouviu 2.000 eleitores de 147 cidades brasileiras entre o ultimo sabado (27) e o domingo (28)"""
Vox Populi,2014-09-28,2000,share_total_pct [Dilma Rousseff vs Marina Silva] Dilma Rousseff,46,46,confirmed,https://web.archive.org/web/20141002104558/http://noticias.r7.com:80/eleicoes-2014/vox-populi-indica-vantagem-menor-no-1-turno-mas-dilma-venceria-marina-no-2-29092014,2026-09-29T17:31:17Z,"Article: ""a presidente tem 46% das intencoes de voto, contra 39% da ex-senadora"""
Vox Populi,2014-09-28,2000,share_total_pct [Dilma Rousseff vs Marina Silva] Marina Silva,39,39,confirmed,https://web.archive.org/web/20141002104558/http://noticias.r7.com:80/eleicoes-2014/vox-populi-indica-vantagem-menor-no-1-turno-mas-dilma-venceria-marina-no-2-29092014,2026-09-29T17:31:17Z,"Article: ""a presidente tem 46% das intencoes de voto, contra 39% da ex-senadora"""
Vox Populi,2014-09-28,2000,share_total_pct [Aécio Neves vs Dilma Rousseff] Dilma Rousseff,48,48,confirmed,https://web.archive.org/web/20141002104558/http://noticias.r7.com:80/eleicoes-2014/vox-populi-indica-vantagem-menor-no-1-turno-mas-dilma-venceria-marina-no-2-29092014,2026-09-29T17:31:17Z,"Article: ""a presidente tem 48% da preferencia, contra 38% do tucano"""
Vox Populi,2014-09-28,2000,share_total_pct [Aécio Neves vs Dilma Rousseff] Aécio Neves,38,38,confirmed,https://web.archive.org/web/20141002104558/http://noticias.r7.com:80/eleicoes-2014/vox-populi-indica-vantagem-menor-no-1-turno-mas-dilma-venceria-marina-no-2-29092014,2026-09-29T17:31:17Z,"Article: ""a presidente tem 48% da preferencia, contra 38% do tucano"""
Vox Populi,2014-09-28,2000,share_total_pct [first_round] Dilma Rousseff,40,40,confirmed,https://web.archive.org/web/20141002104558/http://noticias.r7.com:80/eleicoes-2014/vox-populi-indica-vantagem-menor-no-1-turno-mas-dilma-venceria-marina-no-2-29092014,2026-09-29T17:31:17Z,"Article: Dilma ""manteve os 40%"", Marina ""marcou 24%"", Aecio ""registrou 18%"""
Vox Populi,2014-09-28,2000,share_total_pct [first_round] Marina Silva,24,24,confirmed,https://web.archive.org/web/20141002104558/http://noticias.r7.com:80/eleicoes-2014/vox-populi-indica-vantagem-menor-no-1-turno-mas-dilma-venceria-marina-no-2-29092014,2026-09-29T17:31:17Z,"Article: Dilma ""manteve os 40%"", Marina ""marcou 24%"", Aecio ""registrou 18%"""
Vox Populi,2014-09-28,2000,share_total_pct [first_round] Aécio Neves,18,18,confirmed,https://web.archive.org/web/20141002104558/http://noticias.r7.com:80/eleicoes-2014/vox-populi-indica-vantagem-menor-no-1-turno-mas-dilma-venceria-marina-no-2-29092014,2026-09-29T17:31:17Z,"Article: Dilma ""manteve os 40%"", Marina ""marcou 24%"", Aecio ""registrou 18%"""
Vox Populi,2014-10-04,2000,sample_size,2000,2000,confirmed,https://web.archive.org/web/20141006184447/http://noticias.r7.com/eleicoes-2014/vox-populi-mostra-dilma-na-lideranca-e-aecio-a-frente-de-marina-04102014,2026-09-29T17:31:20Z,"R7 article (Wayback 2014-10-06): ""ouviu 2.000 pessoas de 147 cidades brasileiras entre a ultima sexta-feira (3) e este sabado (4)"""
Vox Populi,2014-10-04,2000,field_start,2014-10-03,2014-10-03,confirmed,https://web.archive.org/web/20141006184447/http://noticias.r7.com/eleicoes-2014/vox-populi-mostra-dilma-na-lideranca-e-aecio-a-frente-de-marina-04102014,2026-09-29T17:31:20Z,"R7 article (Wayback 2014-10-06): ""ouviu 2.000 pessoas de 147 cidades brasileiras entre a ultima sexta-feira (3) e este sabado (4)"""
Vox Populi,2014-10-04,2000,field_end,2014-10-04,2014-10-04,confirmed,https://web.archive.org/web/20141006184447/http://noticias.r7.com/eleicoes-2014/vox-populi-mostra-dilma-na-lideranca-e-aecio-a-frente-de-marina-04102014,2026-09-29T17:31:20Z,"R7 article (Wayback 2014-10-06): ""ouviu 2.000 pessoas de 147 cidades brasileiras entre a ultima sexta-feira (3) e este sabado (4)"""
Vox Populi,2014-10-04,2000,share_total_pct [Aécio Neves vs Dilma Rousseff] Dilma Rousseff,46,46,confirmed,https://web.archive.org/web/20141006184447/http://noticias.r7.com/eleicoes-2014/vox-populi-mostra-dilma-na-lideranca-e-aecio-a-frente-de-marina-04102014,2026-09-29T17:31:20Z,"Article: ""a petista tem 46% contra 41% do tucano"""
Vox Populi,2014-10-04,2000,share_total_pct [Aécio Neves vs Dilma Rousseff] Aécio Neves,41,41,confirmed,https://web.archive.org/web/20141006184447/http://noticias.r7.com/eleicoes-2014/vox-populi-mostra-dilma-na-lideranca-e-aecio-a-frente-de-marina-04102014,2026-09-29T17:31:20Z,"Article: ""a petista tem 46% contra 41% do tucano"""
Vox Populi,2014-10-04,2000,share_total_pct [Dilma Rousseff vs Marina Silva] Dilma Rousseff,48,48,confirmed,https://web.archive.org/web/20141006184447/http://noticias.r7.com/eleicoes-2014/vox-populi-mostra-dilma-na-lideranca-e-aecio-a-frente-de-marina-04102014,2026-09-29T17:31:20Z,"Article: ""a candidata do PT tem 48% contra 37% de Marina Silva"""
Vox Populi,2014-10-04,2000,share_total_pct [Dilma Rousseff vs Marina Silva] Marina Silva,37,37,confirmed,https://web.archive.org/web/20141006184447/http://noticias.r7.com/eleicoes-2014/vox-populi-mostra-dilma-na-lideranca-e-aecio-a-frente-de-marina-04102014,2026-09-29T17:31:20Z,"Article: ""a candidata do PT tem 48% contra 37% de Marina Silva"""
Vox Populi,2014-10-04,2000,share_total_pct [first_round] Dilma Rousseff,41,41,confirmed,https://web.archive.org/web/20141006184447/http://noticias.r7.com/eleicoes-2014/vox-populi-mostra-dilma-na-lideranca-e-aecio-a-frente-de-marina-04102014,2026-09-29T17:31:20Z,"Article: Dilma ""possui agora 41%"", Aecio ""chegou a 23%"", Marina ""20% agora"""
Vox Populi,2014-10-04,2000,share_total_pct [first_round] Aécio Neves,23,23,confirmed,https://web.archive.org/web/20141006184447/http://noticias.r7.com/eleicoes-2014/vox-populi-mostra-dilma-na-lideranca-e-aecio-a-frente-de-marina-04102014,2026-09-29T17:31:20Z,"Article: Dilma ""possui agora 41%"", Aecio ""chegou a 23%"", Marina ""20% agora"""
Vox Populi,2014-10-04,2000,share_total_pct [first_round] Marina Silva,20,20,confirmed,https://web.archive.org/web/20141006184447/http://noticias.r7.com/eleicoes-2014/vox-populi-mostra-dilma-na-lideranca-e-aecio-a-frente-de-marina-04102014,2026-09-29T17:31:20Z,"Article: Dilma ""possui agora 41%"", Aecio ""chegou a 23%"", Marina ""20% agora"""
Sensus,2014-09-04,2000,sample_size,2000,2000,confirmed,https://www.meon.com.br/noticias/marina-empataria-com-dilma-em-1o-turno-diz-sensus,2026-09-29T17:31:20Z,"MEON (Conteudo Estadao, 06 set. 2014): ""realizada entre 1 e 4 de setembro""; ""realizada com dois mil eleitores"""
Sensus,2014-09-04,2000,field_start,2014-09-01,2014-09-01,confirmed,https://www.meon.com.br/noticias/marina-empataria-com-dilma-em-1o-turno-diz-sensus,2026-09-29T17:31:20Z,"MEON (Conteudo Estadao, 06 set. 2014): ""realizada entre 1 e 4 de setembro""; ""realizada com dois mil eleitores"""
Sensus,2014-09-04,2000,field_end,2014-09-04,2014-09-04,confirmed,https://www.meon.com.br/noticias/marina-empataria-com-dilma-em-1o-turno-diz-sensus,2026-09-29T17:31:20Z,"MEON (Conteudo Estadao, 06 set. 2014): ""realizada entre 1 e 4 de setembro""; ""realizada com dois mil eleitores"""
Sensus,2014-09-04,2000,share_total_pct [Dilma Rousseff vs Marina Silva] Marina Silva,47.6,47.6,confirmed,https://www.meon.com.br/noticias/marina-empataria-com-dilma-em-1o-turno-diz-sensus,2026-09-29T17:31:20Z,"Article: ""Marina venceria Dilma, com 47,6% contra 32,8% dos votos validos""; CAUTION: the page labels 47,6/32,8 as ""dos votos validos"", but the two sum to 80.4, so they cannot be valid-vote shares of a two-way runoff. The numbers match the research share_total_pct values, but the page does not itself say they are total-respondent shares. No second source was found; the original IstoE article was not located"
Sensus,2014-09-04,2000,share_total_pct [Dilma Rousseff vs Marina Silva] Dilma Rousseff,32.8,32.8,confirmed,https://www.meon.com.br/noticias/marina-empataria-com-dilma-em-1o-turno-diz-sensus,2026-09-29T17:31:20Z,"Article: ""Marina venceria Dilma, com 47,6% contra 32,8% dos votos validos""; CAUTION: the page labels 47,6/32,8 as ""dos votos validos"", but the two sum to 80.4, so they cannot be valid-vote shares of a two-way runoff. The numbers match the research share_total_pct values, but the page does not itself say they are total-respondent shares. No second source was found; the original IstoE article was not located"
Sensus,2014-09-04,2000,share_total_pct [Aécio Neves vs Dilma Rousseff] Dilma Rousseff,39.3,39.3,confirmed,https://www.meon.com.br/noticias/marina-empataria-com-dilma-em-1o-turno-diz-sensus,2026-09-29T17:31:20Z,"Article: ""entre Dilma e Aecio, os indices seriam de 39,3% e 35,4%"""
Sensus,2014-09-04,2000,share_total_pct [Aécio Neves vs Dilma Rousseff] Aécio Neves,35.4,35.4,confirmed,https://www.meon.com.br/noticias/marina-empataria-com-dilma-em-1o-turno-diz-sensus,2026-09-29T17:31:20Z,"Article: ""entre Dilma e Aecio, os indices seriam de 39,3% e 35,4%"""
Sensus,2014-09-26,2000,sample_size,2000,2000,confirmed,https://www.meon.com.br/noticias/sensus-dilma-e-marina-estao-empatadas-no-2o-turno,2026-09-29T17:31:20Z,"MEON (Conteudo Estadao, 27 set. 2014): ""realizada de 21 a 26 de setembro""; ""Foram consultados 2 mil eleitores"""
Sensus,2014-09-26,2000,field_start,2014-09-21,2014-09-21,confirmed,https://www.meon.com.br/noticias/sensus-dilma-e-marina-estao-empatadas-no-2o-turno,2026-09-29T17:31:20Z,"MEON (Conteudo Estadao, 27 set. 2014): ""realizada de 21 a 26 de setembro""; ""Foram consultados 2 mil eleitores"""
Sensus,2014-09-26,2000,field_end,2014-09-26,2014-09-26,confirmed,https://www.meon.com.br/noticias/sensus-dilma-e-marina-estao-empatadas-no-2o-turno,2026-09-29T17:31:20Z,"MEON (Conteudo Estadao, 27 set. 2014): ""realizada de 21 a 26 de setembro""; ""Foram consultados 2 mil eleitores"""
Sensus,2014-09-26,2000,share_total_pct [Dilma Rousseff vs Marina Silva] Dilma Rousseff,40.5,40.5,confirmed,https://www.meon.com.br/noticias/sensus-dilma-e-marina-estao-empatadas-no-2o-turno,2026-09-29T17:31:20Z,"Article: ""Dilma (40,5%) aparece tecnicamente empatada com Marina (40,4%)"""
Sensus,2014-09-26,2000,share_total_pct [Dilma Rousseff vs Marina Silva] Marina Silva,40.4,40.4,confirmed,https://www.meon.com.br/noticias/sensus-dilma-e-marina-estao-empatadas-no-2o-turno,2026-09-29T17:31:20Z,"Article: ""Dilma (40,5%) aparece tecnicamente empatada com Marina (40,4%)"""
Sensus,2014-09-26,2000,share_total_pct [Aécio Neves vs Dilma Rousseff] Dilma Rousseff,43.4,43.4,confirmed,https://www.meon.com.br/noticias/sensus-dilma-e-marina-estao-empatadas-no-2o-turno,2026-09-29T17:31:20Z,"Article: ""a petista venceria por 43,4% a 38,2%"""
Sensus,2014-09-26,2000,share_total_pct [Aécio Neves vs Dilma Rousseff] Aécio Neves,38.2,38.2,confirmed,https://www.meon.com.br/noticias/sensus-dilma-e-marina-estao-empatadas-no-2o-turno,2026-09-29T17:31:20Z,"Article: ""a petista venceria por 43,4% a 38,2%"""
Sensus,2014-10-03,2000,sample_size,2000,2000,confirmed,https://jornalggn.com.br/eleicoes/pesquisa-isto-e-sensus-coloca-dilma-14-pontos-a-frente-de-marina/,2026-09-29T17:38:54Z,"GGN article (3 Oct 2014): ""realizada entre os dias 30 de setembro e 3 de outubro de 2014 com 2 mil eleitores em 136 municipios""; curl with its default User-Agent got HTTP 403 at 17:31:21Z; re-fetched with a browser User-Agent (HTTP 200) and cross-read via WebFetch; both show the same text"
Sensus,2014-10-03,2000,field_start,2014-09-30,2014-09-30,confirmed,https://jornalggn.com.br/eleicoes/pesquisa-isto-e-sensus-coloca-dilma-14-pontos-a-frente-de-marina/,2026-09-29T17:38:54Z,"GGN article (3 Oct 2014): ""realizada entre os dias 30 de setembro e 3 de outubro de 2014 com 2 mil eleitores em 136 municipios""; curl with its default User-Agent got HTTP 403 at 17:31:21Z; re-fetched with a browser User-Agent (HTTP 200) and cross-read via WebFetch; both show the same text"
Sensus,2014-10-03,2000,field_end,2014-10-03,2014-10-03,confirmed,https://jornalggn.com.br/eleicoes/pesquisa-isto-e-sensus-coloca-dilma-14-pontos-a-frente-de-marina/,2026-09-29T17:38:54Z,"GGN article (3 Oct 2014): ""realizada entre os dias 30 de setembro e 3 de outubro de 2014 com 2 mil eleitores em 136 municipios""; curl with its default User-Agent got HTTP 403 at 17:31:21Z; re-fetched with a browser User-Agent (HTTP 200) and cross-read via WebFetch; both show the same text"
Sensus,2014-10-03,2000,share_total_pct [Dilma Rousseff vs Marina Silva] Dilma Rousseff,44.0,44.0,confirmed,https://jornalggn.com.br/eleicoes/pesquisa-isto-e-sensus-coloca-dilma-14-pontos-a-frente-de-marina/,2026-09-29T17:38:54Z,"Article: ""Dilma aparece com 44% das intencoes de voto e venceria Marina, que tem 37,6%"""
Sensus,2014-10-03,2000,share_total_pct [Dilma Rousseff vs Marina Silva] Marina Silva,37.6,37.6,confirmed,https://jornalggn.com.br/eleicoes/pesquisa-isto-e-sensus-coloca-dilma-14-pontos-a-frente-de-marina/,2026-09-29T17:38:54Z,"Article: ""Dilma aparece com 44% das intencoes de voto e venceria Marina, que tem 37,6%"""
Sensus,2014-10-03,2000,share_total_pct [Aécio Neves vs Dilma Rousseff] Dilma Rousseff,45.8,45.8,confirmed,https://jornalggn.com.br/eleicoes/pesquisa-isto-e-sensus-coloca-dilma-14-pontos-a-frente-de-marina/,2026-09-29T17:38:54Z,"Article: ""a petista tem a preferencia de 45,8% dos eleitores, ante 36,9%, do tucano"""
Sensus,2014-10-03,2000,share_total_pct [Aécio Neves vs Dilma Rousseff] Aécio Neves,36.9,36.9,confirmed,https://jornalggn.com.br/eleicoes/pesquisa-isto-e-sensus-coloca-dilma-14-pontos-a-frente-de-marina/,2026-09-29T17:38:54Z,"Article: ""a petista tem a preferencia de 45,8% dos eleitores, ante 36,9%, do tucano"""
