variant,model,round_type,horizon,n_rounds,mae,margin_abs_error,brier_first,log_first,coverage_80,coverage_94
single_regime,B,first round,1,3,3.1853534041711775,6.1261047680468295,0.016526402936334905,-0.06030976224570212,0.6944444444444445,0.9166666666666666
single_regime,B,first round,7,3,4.544345080550566,8.674351524090232,0.0726087862834016,-0.1801775346771103,0.7777777777777778,0.8333333333333334
single_regime,B,first round,14,3,5.2065213660482135,7.340999406695602,0.062243932166940484,-0.16508987714596973,0.7777777777777778,0.8333333333333334
single_regime,B,first round,30,2,6.884051606264131,3.6110926942804973,0.132657247049603,-0.22904354580076577,0.5833333333333334,0.5833333333333334
single_regime,B,runoff,1,3,0.9634032771135731,1.9268065542271462,0.05246204694764824,-0.13086518459365637,0.6666666666666666,0.6666666666666666
single_regime,B,runoff,7,2,1.7907993542303728,3.5815987084607457,0.12200189767604339,-0.21490630641066882,0.5,0.5
single_regime,B,runoff,14,1,1.3924735595513553,2.7849471191027106,,,,
single_regime,C,first round,1,3,3.3199588835389964,6.877556803973886,1.5431890226573622e-05,-0.0025445513060978462,0.7388888888888889,0.85
single_regime,C,first round,7,3,5.447877073436989,11.602229660209494,0.06670263049867504,-0.19401551033908146,0.7111111111111111,0.8333333333333334
single_regime,C,first round,14,3,6.0107978066560035,8.391688068988397,0.04300365530453295,-0.16164233587083834,0.7222222222222222,0.8333333333333334
single_regime,C,first round,30,1,3.88535151891778,8.596619928620811,,,,
single_regime,C,runoff,1,3,0.7624696888285621,1.5249393776571243,2.926661486340502e-05,-0.002298442992726823,0.6666666666666666,0.6666666666666666
single_regime,C,runoff,7,2,2.459276294515025,4.91855258903005,0.081969666293749,-0.1687111736596869,0.5,0.5
single_regime,C,runoff,14,1,1.785766925838594,3.571533851677188,,,,
single_regime,D,first round,1,1,1.4116642387968734,3.9773590103677208,,,,
single_regime,D,first round,7,1,1.7472758362917382,4.655833703659994,,,,
single_regime,D,first round,30,1,2.187914924225216,3.3295238260767306,,,,
single_regime,D,runoff,1,1,2.512477655508782,5.024955311017564,,,,
single_regime,D,runoff,7,1,2.050751705638433,4.101503411276866,,,,
single_regime,D,runoff,14,1,1.4541522598770342,2.9083045197540685,,,,
single_regime,E,first round,1,3,2.666568754682436,5.0936047411460175,0.01917106134675738,-0.06601329391026374,0.8333333333333334,0.9166666666666666
single_regime,E,first round,7,3,4.476427438388683,9.156682919754646,0.0456531867312121,-0.14333880301210752,0.7222222222222222,0.7777777777777778
single_regime,E,first round,14,3,4.731875671467843,9.103357699046349,0.04991385595514833,-0.14750153202083746,0.7777777777777778,0.7777777777777778
single_regime,E,first round,30,2,7.345874873760444,4.0211061081478245,0.060609556609704324,-0.15235060757072866,0.48333333333333334,0.6666666666666666
single_regime,E,runoff,1,3,0.5660340340387174,1.1320680680774509,0.020778474047654878,-0.08012707007068592,1.0,1.0
single_regime,E,runoff,7,2,1.816590291185955,3.6331805823718053,0.041552991185701674,-0.1154487689564198,0.5,1.0
single_regime,E,runoff,14,1,1.3004335254174784,2.600867050835051,0.029570494154766737,-0.129647062241275,1.0,1.0
single_regime,E0,first round,1,3,2.5814346788951394,5.116657252948287,1.9770070282281327e-07,-0.0003748776503711797,0.25,0.39999999999999997
single_regime,E0,first round,7,3,4.4153511819881395,9.167988116396181,0.005680597121629177,-0.036624112336115865,0.41111111111111115,0.4666666666666666
single_regime,E0,first round,14,3,4.684025196485991,9.078549558978194,0.013631223431185169,-0.05827065210515119,0.3277777777777778,0.5222222222222223
single_regime,E0,first round,30,2,7.277319857306756,3.9604023080166133,0.016826198861577032,-0.07114853280612599,0.2833333333333333,0.48333333333333334
single_regime,E0,runoff,1,3,0.5701991092341387,1.140398218468277,3.501374094117037e-05,-0.0033829420054528503,1.0,1.0
single_regime,E0,runoff,7,2,1.8306407318910303,3.661281463782065,0.006100466747037129,-0.040683061297773444,0.5,0.5
single_regime,E0,runoff,14,1,1.3171772268830182,2.6343544537660355,0.005431315252916338,-0.0535188976345477,1.0,1.0
single_regime,F,first round,1,3,2.3347874196328235,7.610627746240638,0.08402724927569061,-0.15649974600531463,0.75,0.8333333333333334
single_regime,F,first round,7,3,4.791420001242193,12.730610990199779,0.18988521393573796,-0.31744462554791025,0.6111111111111112,0.7777777777777778
single_regime,F,first round,14,3,4.771018842546923,12.633494863555958,0.17308064238593937,-0.2990365610770688,0.6111111111111112,0.6944444444444445
single_regime,F,first round,30,2,7.031132173479901,5.875488902934559,0.16542922353180556,-0.2831669059196921,0.5833333333333334,0.75
single_regime,F,runoff,1,3,0.4222753607081131,0.844550721416141,0.06583735845593713,-0.15041617949537633,1.0,1.0
single_regime,F,runoff,7,2,1.4594692324459704,2.9189384648916663,0.10682935783926857,-0.2008392611513941,0.5,1.0
single_regime,F,runoff,14,1,0.661854944655623,1.3237098893109946,0.08390557321929201,-0.22919154618438817,1.0,1.0
two_regime,B,first round,1,3,3.1853534041711775,6.1261047680468295,0.016526402936334905,-0.06030976224570212,0.6944444444444445,0.9166666666666666
two_regime,B,first round,7,3,4.544345080550566,8.674351524090232,0.0726087862834016,-0.1801775346771103,0.7777777777777778,0.8333333333333334
two_regime,B,first round,14,3,5.2065213660482135,7.340999406695602,0.062243932166940484,-0.16508987714596973,0.7777777777777778,0.8333333333333334
two_regime,B,first round,30,2,6.884051606264131,3.6110926942804973,0.132657247049603,-0.22904354580076577,0.5833333333333334,0.5833333333333334
two_regime,B,runoff,1,3,0.9634032771135731,1.9268065542271462,0.05246204694764824,-0.13086518459365637,0.6666666666666666,0.6666666666666666
two_regime,B,runoff,7,2,1.7907993542303728,3.5815987084607457,0.12200189767604339,-0.21490630641066882,0.5,0.5
two_regime,B,runoff,14,1,1.3924735595513553,2.7849471191027106,,,,
two_regime,C,first round,1,3,3.3199588835389964,6.877556803973886,1.5431890226573622e-05,-0.0025445513060978462,0.7388888888888889,0.85
two_regime,C,first round,7,3,5.447877073436989,11.602229660209494,0.06670263049867504,-0.19401551033908146,0.7111111111111111,0.8333333333333334
two_regime,C,first round,14,3,6.0107978066560035,8.391688068988397,0.04300365530453295,-0.16164233587083834,0.7222222222222222,0.8333333333333334
two_regime,C,first round,30,1,3.88535151891778,8.596619928620811,,,,
two_regime,C,runoff,1,3,0.7624696888285621,1.5249393776571243,2.926661486340502e-05,-0.002298442992726823,0.6666666666666666,0.6666666666666666
two_regime,C,runoff,7,2,2.459276294515025,4.91855258903005,0.081969666293749,-0.1687111736596869,0.5,0.5
two_regime,C,runoff,14,1,1.785766925838594,3.571533851677188,,,,
two_regime,D,first round,1,1,1.4116642387968734,3.9773590103677208,,,,
two_regime,D,first round,7,1,1.7472758362917382,4.655833703659994,,,,
two_regime,D,first round,30,1,2.187914924225216,3.3295238260767306,,,,
two_regime,D,runoff,1,1,2.512477655508782,5.024955311017564,,,,
two_regime,D,runoff,7,1,2.050751705638433,4.101503411276866,,,,
two_regime,D,runoff,14,1,1.4541522598770342,2.9083045197540685,,,,
two_regime,E,first round,1,3,2.6415009436496106,5.064875060216611,0.0175860834118957,-0.06271934957749542,0.8333333333333334,0.9166666666666666
two_regime,E,first round,7,3,4.46703509067225,9.124008527175354,0.047248366212928,-0.15350434314097086,0.7777777777777778,0.7777777777777778
two_regime,E,first round,14,3,4.790683989991872,9.10043621679235,0.059146666743525346,-0.1708250846213841,0.7777777777777778,0.8611111111111112
two_regime,E,first round,30,2,7.374843316364581,4.145895167843939,0.06641382468157797,-0.16630638046072885,0.48333333333333334,0.75
two_regime,E,runoff,1,3,0.5326865231827256,1.065373046365499,0.021173526496739554,-0.08108219492433699,1.0,1.0
two_regime,E,runoff,7,2,1.7277381503001301,3.4554763006002887,0.056590743846363596,-0.13872926019504292,0.5,1.0
two_regime,E,runoff,14,1,1.2835014364042223,2.567002872808553,0.04094905416360232,-0.15442148213281592,1.0,1.0
two_regime,E0,first round,1,3,2.5584608618900515,5.051010387377972,4.498395368015019e-07,-0.0005138244027731487,0.27777777777777773,0.45555555555555555
two_regime,E0,first round,7,3,4.4150465103848955,9.15657295183445,0.00596563145722917,-0.04883618667773332,0.41111111111111115,0.6555555555555556
two_regime,E0,first round,14,3,4.740850359735815,9.073342660327786,0.02211312328189885,-0.09044597398792471,0.4666666666666666,0.7944444444444444
two_regime,E0,first round,30,2,7.300506468089986,4.114339360855441,0.024329578156132736,-0.09336500828254435,0.3833333333333333,0.48333333333333334
two_regime,E0,runoff,1,3,0.5368696993169427,1.073739398633886,8.124062461015588e-05,-0.0049775405939605335,1.0,1.0
two_regime,E0,runoff,7,2,1.7422222584089013,3.4844445168178018,0.01565408011177243,-0.06800807042732984,0.5,0.5
two_regime,E0,runoff,14,1,1.3004694503365428,2.6009389006730785,0.00983011557782886,-0.0726862620199191,1.0,1.0
two_regime,F,first round,1,3,2.323277093829042,7.528964865802879,0.08257475565783441,-0.15575176314535055,0.75,0.8333333333333334
two_regime,F,first round,7,3,4.790257404436235,12.67962661175926,0.1917468427803705,-0.3270001413592261,0.6111111111111112,0.7777777777777778
two_regime,F,first round,14,3,4.8175693752769755,12.595089577690489,0.1819553393023068,-0.31607054555079456,0.6111111111111112,0.7777777777777778
two_regime,F,first round,30,2,7.071287829633754,5.9734036502693915,0.17062977788208034,-0.2961367569406501,0.5833333333333334,0.75
two_regime,F,runoff,1,3,0.5269211750721455,1.053842350144104,0.069222665590788,-0.1599386872557997,1.0,1.0
two_regime,F,runoff,7,2,1.4850660846126509,2.970132169225204,0.12615155064633896,-0.22432636516341342,1.0,1.0
two_regime,F,runoff,14,1,0.7006169660268071,1.4012339320536262,0.09489157952951155,-0.24567108249247893,1.0,1.0
