variant,model,round_type,horizon,n_categories,coverage_80,coverage_94,width_80,width_94
single_regime,B,first round,1,15,0.7333333333333333,0.9333333333333333,8.840543809502169,12.378248078424958
single_regime,B,first round,7,15,0.8,0.8666666666666667,12.515954650219442,17.73474824991764
single_regime,B,first round,14,15,0.8,0.8666666666666667,13.71513172533674,19.33756604057761
single_regime,B,first round,30,11,0.5454545454545454,0.5454545454545454,13.781177657255723,19.873409754509904
single_regime,B,runoff,1,6,0.6666666666666666,0.6666666666666666,3.0598690994937527,4.4627967248947895
single_regime,B,runoff,7,4,0.5,0.5,4.606448006377306,6.7184707606152045
single_regime,C,first round,1,15,0.7333333333333333,0.8666666666666667,8.962281824266325,12.679480589160262
single_regime,C,first round,7,15,0.7333333333333333,0.8666666666666667,15.006482207959726,21.305796563507176
single_regime,C,first round,14,15,0.7333333333333333,0.8666666666666667,16.042919822526354,22.720220787072208
single_regime,C,runoff,1,6,0.6666666666666666,0.6666666666666666,2.077861267486386,3.03054547688271
single_regime,C,runoff,7,4,0.5,0.5,6.325961843373751,9.226369128368464
single_regime,E,first round,1,15,0.8666666666666667,0.9333333333333333,7.9675514998449115,11.63524638992011
single_regime,E,first round,7,15,0.7333333333333333,0.8,8.944427157160698,13.060172527912831
single_regime,E,first round,14,15,0.8,0.8,9.771482267539223,14.31167630285105
single_regime,E,first round,30,11,0.45454545454545453,0.6363636363636364,10.455663062745865,15.582292770329257
single_regime,E,runoff,1,6,1.0,1.0,4.007374377750445,6.972557497578536
single_regime,E,runoff,7,4,0.5,1.0,4.58792949867108,8.020199332913313
single_regime,E,runoff,14,2,1.0,1.0,5.025926245530059,8.973601054608963
single_regime,E0,first round,1,15,0.26666666666666666,0.4,2.580554866534229,3.8352022833852604
single_regime,E0,first round,7,15,0.4,0.4666666666666667,4.604680367963744,7.0412876286090595
single_regime,E0,first round,14,15,0.3333333333333333,0.5333333333333333,5.9774059648279,8.995974029805838
single_regime,E0,first round,30,11,0.2727272727272727,0.45454545454545453,6.3266093480280405,10.122712766909205
single_regime,E0,runoff,1,6,1.0,1.0,2.0628554026285832,3.204535649617514
single_regime,E0,runoff,7,4,0.5,0.5,2.2046636581420884,4.073765525817869
single_regime,E0,runoff,14,2,1.0,1.0,2.9830936431884822,5.646445503234858
single_regime,F,first round,1,15,0.8,0.8666666666666667,7.208347405105495,10.533644717988327
single_regime,F,first round,7,15,0.6666666666666666,0.8,8.231974112724236,12.174471063319817
single_regime,F,first round,14,15,0.6666666666666666,0.7333333333333333,9.146915053564635,13.460030717202526
single_regime,F,first round,30,11,0.5454545454545454,0.7272727272727273,10.186706363486435,15.456209045171967
single_regime,F,runoff,1,6,1.0,1.0,4.374565294632852,8.12545747055412
single_regime,F,runoff,7,4,0.5,1.0,5.132623529133614,9.596004012203291
single_regime,F,runoff,14,2,1.0,1.0,5.766577764791634,10.418920872516466
two_regime,B,first round,1,15,0.7333333333333333,0.9333333333333333,8.840543809502169,12.378248078424958
two_regime,B,first round,7,15,0.8,0.8666666666666667,12.515954650219442,17.73474824991764
two_regime,B,first round,14,15,0.8,0.8666666666666667,13.71513172533674,19.33756604057761
two_regime,B,first round,30,11,0.5454545454545454,0.5454545454545454,13.781177657255723,19.873409754509904
two_regime,B,runoff,1,6,0.6666666666666666,0.6666666666666666,3.0598690994937527,4.4627967248947895
two_regime,B,runoff,7,4,0.5,0.5,4.606448006377306,6.7184707606152045
two_regime,C,first round,1,15,0.7333333333333333,0.8666666666666667,8.962281824266325,12.679480589160262
two_regime,C,first round,7,15,0.7333333333333333,0.8666666666666667,15.006482207959726,21.305796563507176
two_regime,C,first round,14,15,0.7333333333333333,0.8666666666666667,16.042919822526354,22.720220787072208
two_regime,C,runoff,1,6,0.6666666666666666,0.6666666666666666,2.077861267486386,3.03054547688271
two_regime,C,runoff,7,4,0.5,0.5,6.325961843373751,9.226369128368464
two_regime,E,first round,1,15,0.8666666666666667,0.9333333333333333,8.090269134808114,11.872692041400262
two_regime,E,first round,7,15,0.8,0.8,9.362531945667905,14.194526714857146
two_regime,E,first round,14,15,0.8,0.8666666666666667,10.782594778385379,16.513939086740347
two_regime,E,first round,30,11,0.45454545454545453,0.7272727272727273,11.000312213066112,16.80135844908118
two_regime,E,runoff,1,6,1.0,1.0,4.232657715654,7.363329942140901
two_regime,E,runoff,7,4,0.5,1.0,5.219888191622502,9.819835799089967
two_regime,E,runoff,14,2,1.0,1.0,5.473649223373734,9.99088171446553
two_regime,E0,first round,1,15,0.26666666666666666,0.4666666666666667,2.7381331049285533,4.32446428143302
two_regime,E0,first round,7,15,0.4,0.6666666666666666,5.110934945561584,8.998899524420267
two_regime,E0,first round,14,15,0.4666666666666667,0.8,7.290792115583584,12.241105299676578
two_regime,E0,first round,30,11,0.36363636363636365,0.45454545454545453,7.125944477878221,11.982026542937165
two_regime,E0,runoff,1,6,1.0,1.0,2.307658894856772,3.6291663106282535
two_regime,E0,runoff,7,4,0.5,0.5,2.630699539184576,6.404311408996575
two_regime,E0,runoff,14,2,1.0,1.0,3.3523990631103473,6.98820110321045
two_regime,F,first round,1,15,0.8,0.8666666666666667,7.426424615437346,10.885643079845948
two_regime,F,first round,7,15,0.6666666666666666,0.8,8.713181071827806,13.421714416221569
two_regime,F,first round,14,15,0.6666666666666666,0.8,10.17757695043002,15.71421239441663
two_regime,F,first round,30,11,0.5454545454545454,0.7272727272727273,10.77616336338556,16.549557588988844
two_regime,F,runoff,1,6,1.0,1.0,4.912140387729274,8.898681034441331
two_regime,F,runoff,7,4,1.0,1.0,6.096095737689337,11.559266326866451
two_regime,F,runoff,14,2,1.0,1.0,6.466924623248527,12.102330509596147
