election,round,horizon,cutoff,variant,n_polls,categories,model,n_train,train_elections,sigma_mean,mu_rank1_mean,mu_rank1_q03,mu_rank1_q97,mu_rank2_mean,mu_rank2_q03,mu_rank2_q97,mu_rest_mean,mu_rest_q03,mu_rest_q97
2014,1,1,2014-10-04,E,17,Dilma Rousseff|Marina Silva|Aécio Neves|Others,E,11,2018+2022,2.439295640213404,0.0,0.0,0.0,0.0,0.0,0.0,0.0,0.0,0.0
2014,1,1,2014-10-04,F,17,Dilma Rousseff|Marina Silva|Aécio Neves|Others,F,11,2018+2022,1.2199010586862287,3.242107487643023,1.3559301199798452,4.8085620507845,1.6005456168254155,-0.061849802671519474,3.16496245131861,-1.4734464653238855,-2.3429825526256574,-0.5563287082808384
2014,1,7,2014-09-28,E,13,Dilma Rousseff|Marina Silva|Aécio Neves|Others,E,11,2018+2022,2.4307089863287756,0.0,0.0,0.0,0.0,0.0,0.0,0.0,0.0,0.0
2014,1,7,2014-09-28,F,13,Dilma Rousseff|Marina Silva|Aécio Neves|Others,F,11,2018+2022,1.2119749166388796,3.2584158239801444,1.4434894506886595,4.8220306485992745,1.601686159683166,-0.14822493202969267,3.236631771281149,-1.475093262572454,-2.381726135632545,-0.5522094909962552
2014,1,14,2014-09-21,E,12,Dilma Rousseff|Marina Silva|Aécio Neves|Others,E,11,2018+2022,2.4371720323441144,0.0,0.0,0.0,0.0,0.0,0.0,0.0,0.0,0.0
2014,1,14,2014-09-21,F,12,Dilma Rousseff|Marina Silva|Aécio Neves|Others,F,11,2018+2022,1.2188679184728242,3.247175332562755,1.5442326548435918,4.8479072882648255,1.587040661345846,-0.08225723693015817,3.0880928780822825,-1.4702526276206418,-2.3402349322102944,-0.5105282712238037
2014,2,1,2014-10-25,E,15,Dilma Rousseff|Aécio Neves,E,2,2018+2022,0.7625252750916973,0.0,0.0,0.0,,,,,,
2014,2,1,2014-10-25,F,15,Dilma Rousseff|Aécio Neves,F,2,2018+2022,1.0337700691897298,-0.21152021380036357,-1.8623545487223234,1.5468158935324852,,,,,,
2018,1,1,2018-10-06,E,50,Jair Bolsonaro|Fernando Haddad|Ciro Gomes|Geraldo Alckmin|Marina Silva|Others,E,9,2014+2022,3.4629332069023,0.0,0.0,0.0,0.0,0.0,0.0,0.0,0.0,0.0
2018,1,1,2018-10-06,F,50,Jair Bolsonaro|Fernando Haddad|Ciro Gomes|Geraldo Alckmin|Marina Silva|Others,F,9,2014+2022,2.958735857785928,-0.7248081499094575,-4.0146337107962236,2.56351472326175,3.0523343761078894,-0.4327603275007655,6.192181633988824,-1.1242450074807686,-3.4532978657397106,1.235232458786069
2018,1,7,2018-09-30,E,38,Jair Bolsonaro|Fernando Haddad|Ciro Gomes|Geraldo Alckmin|Marina Silva|Others,E,9,2014+2022,3.4737593697899296,0.0,0.0,0.0,0.0,0.0,0.0,0.0,0.0,0.0
2018,1,7,2018-09-30,F,38,Jair Bolsonaro|Fernando Haddad|Ciro Gomes|Geraldo Alckmin|Marina Silva|Others,F,9,2014+2022,2.9806162470823603,-0.7524035748293154,-4.002774990775397,2.634626877020626,3.056851890458768,-0.5719937816970805,6.223002937732452,-1.148615613789875,-3.40256271458892,1.2593627991159166
2018,1,14,2018-09-23,E,29,Jair Bolsonaro|Fernando Haddad|Ciro Gomes|Geraldo Alckmin|Marina Silva|Others,E,9,2014+2022,3.459159565688562,0.0,0.0,0.0,0.0,0.0,0.0,0.0,0.0,0.0
2018,1,14,2018-09-23,F,29,Jair Bolsonaro|Fernando Haddad|Ciro Gomes|Geraldo Alckmin|Marina Silva|Others,F,9,2014+2022,2.9873547140713566,-0.6884203682518554,-3.7813629446921717,2.540835454591719,3.0557232670511456,-0.5035771391973793,6.233680156094992,-1.1531045187017057,-3.5205394260953065,1.2112552168998334
2018,1,30,2018-09-07,E,12,Jair Bolsonaro|Marina Silva|Ciro Gomes|Geraldo Alckmin|Fernando Haddad|Others,E,9,2014+2022,3.4623325150050013,0.0,0.0,0.0,0.0,0.0,0.0,0.0,0.0,0.0
2018,1,30,2018-09-07,F,12,Jair Bolsonaro|Marina Silva|Ciro Gomes|Geraldo Alckmin|Fernando Haddad|Others,F,9,2014+2022,2.9838103826275417,-0.7540408499958536,-3.9653280983226944,2.5842376168848986,3.0282723981938804,-0.6001383812810817,6.151460570664205,-1.127579839753348,-3.4452500436853106,1.2167076316688294
2018,2,1,2018-10-27,E,25,Jair Bolsonaro|Fernando Haddad,E,2,2014+2022,1.598768156052017,0.0,0.0,0.0,,,,,,
2018,2,1,2018-10-27,F,25,Jair Bolsonaro|Fernando Haddad,F,2,2014+2022,1.5485680101700565,-0.6539377422460199,-2.6922016258226296,1.5532919423697102,,,,,,
2018,2,7,2018-10-21,E,15,Jair Bolsonaro|Fernando Haddad,E,2,2014+2022,1.5855329943314436,0.0,0.0,0.0,,,,,,
2018,2,7,2018-10-21,F,15,Jair Bolsonaro|Fernando Haddad,F,2,2014+2022,1.5453651508836277,-0.6313776493247838,-2.68325496569735,1.740690360036832,,,,,,
2022,1,1,2022-10-01,E,73,Lula|Jair Bolsonaro|Ciro Gomes|Simone Tebet|Others,E,10,2014+2018,3.5116602867622535,0.0,0.0,0.0,0.0,0.0,0.0,0.0,0.0,0.0
2022,1,1,2022-10-01,F,73,Lula|Jair Bolsonaro|Ciro Gomes|Simone Tebet|Others,F,10,2014+2018,3.250612299933311,-0.11232487627306284,-3.385022568955831,3.3934095679237006,2.578802644999404,-1.0741827602918894,5.869415729161767,-1.0995362417994234,-3.3415149167727036,1.2761585645389262
2022,1,7,2022-09-25,E,57,Lula|Jair Bolsonaro|Ciro Gomes|Simone Tebet|Others,E,10,2014+2018,3.507310878626208,0.0,0.0,0.0,0.0,0.0,0.0,0.0,0.0,0.0
2022,1,7,2022-09-25,F,57,Lula|Jair Bolsonaro|Ciro Gomes|Simone Tebet|Others,F,10,2014+2018,3.2284564896632206,-0.08927480794238686,-3.5369556214201516,3.313946581332421,2.61466804740665,-1.039071809252014,6.008158454996135,-1.0966219389386593,-3.41516890160803,1.251690450788957
2022,1,14,2022-09-18,E,46,Lula|Jair Bolsonaro|Ciro Gomes|Simone Tebet|Others,E,10,2014+2018,3.5078841530510165,0.0,0.0,0.0,0.0,0.0,0.0,0.0,0.0,0.0
2022,1,14,2022-09-18,F,46,Lula|Jair Bolsonaro|Ciro Gomes|Simone Tebet|Others,F,10,2014+2018,3.237894331443814,-0.08145034831476626,-3.5927338967701727,3.3805391373472187,2.6727361450485394,-0.8816801420466798,5.978750966830142,-1.0955731015197703,-3.3601298604521195,1.2156540513238683
2022,1,30,2022-09-02,E,26,Lula|Jair Bolsonaro|Ciro Gomes|Simone Tebet|Others,E,10,2014+2018,3.510137370790263,0.0,0.0,0.0,0.0,0.0,0.0,0.0,0.0,0.0
2022,1,30,2022-09-02,F,26,Lula|Jair Bolsonaro|Ciro Gomes|Simone Tebet|Others,F,10,2014+2018,3.234958169389796,-0.05686738705585216,-3.4756595778946813,3.3334154237764446,2.670263489018758,-1.009891231277652,5.969922348876939,-1.1393366272957888,-3.3866159304985874,1.1115182710549087
2022,2,1,2022-10-29,E,46,Lula|Jair Bolsonaro,E,2,2014+2018,1.5302518922974322,0.0,0.0,0.0,,,,,,
2022,2,1,2022-10-29,F,46,Lula|Jair Bolsonaro,F,2,2014+2018,1.6848527884294762,-0.5537405225445112,-2.8773602652350045,1.8088756638309138,,,,,,
2022,2,7,2022-10-23,E,28,Lula|Jair Bolsonaro,E,2,2014+2018,1.5558386253751249,0.0,0.0,0.0,,,,,,
2022,2,7,2022-10-23,F,28,Lula|Jair Bolsonaro,F,2,2014+2018,1.7039727367455817,-0.5243760226983684,-2.7116943997038003,2.0249630937811043,,,,,,
2022,2,14,2022-10-16,E,16,Lula|Jair Bolsonaro,E,2,2014+2018,1.5344280718572856,0.0,0.0,0.0,,,,,,
2022,2,14,2022-10-16,F,16,Lula|Jair Bolsonaro,F,2,2014+2018,1.6880070440146715,-0.5562524996361914,-2.7828201627579747,1.8273886214868011,,,,,,
2014,1,1,2014-10-04,E,17,Dilma Rousseff|Marina Silva|Aécio Neves|Others,E,11,2018+2022,2.459122211570523,0.0,0.0,0.0,0.0,0.0,0.0,0.0,0.0,0.0
2014,1,1,2014-10-04,F,17,Dilma Rousseff|Marina Silva|Aécio Neves|Others,F,11,2018+2022,1.1976530260086695,3.3036680069951117,1.4480597176294188,4.8465366720363035,1.6164180380458395,-0.017117208739046937,3.157473471353003,-1.4938780237672578,-2.3492772202915453,-0.5921089220911283
2014,1,7,2014-09-28,E,13,Dilma Rousseff|Marina Silva|Aécio Neves|Others,E,11,2018+2022,2.4504595365121697,0.0,0.0,0.0,0.0,0.0,0.0,0.0,0.0,0.0
2014,1,7,2014-09-28,F,13,Dilma Rousseff|Marina Silva|Aécio Neves|Others,F,11,2018+2022,1.189892635045015,3.3198003585020244,1.532917528688077,4.855761529533024,1.6174731106919766,-0.10129782185367675,3.2276482403988327,-1.4955202153754403,-2.3850181182220513,-0.5885897787847851
2014,1,14,2014-09-21,E,12,Dilma Rousseff|Marina Silva|Aécio Neves|Others,E,11,2018+2022,2.4569662012337443,0.0,0.0,0.0,0.0,0.0,0.0,0.0,0.0,0.0
2014,1,14,2014-09-21,F,12,Dilma Rousseff|Marina Silva|Aécio Neves|Others,F,11,2018+2022,1.1966099158052683,3.308763408159479,1.633276035232675,4.884723760985555,1.6031048035069129,-0.038973144886026066,3.078187987945558,-1.490785674469674,-2.346733239624608,-0.5478933042471199
2014,2,1,2014-10-25,E,15,Dilma Rousseff|Aécio Neves,E,2,2018+2022,0.8845454901633878,0.0,0.0,0.0,,,,,,
2014,2,1,2014-10-25,F,15,Dilma Rousseff|Aécio Neves,F,2,2018+2022,0.799619869123041,-0.3002989505825912,-1.697597249904057,1.2319033757737057,,,,,,
2018,1,1,2018-10-06,E,50,Jair Bolsonaro|Fernando Haddad|Ciro Gomes|Geraldo Alckmin|Marina Silva|Others,E,9,2014+2022,3.50186477159053,0.0,0.0,0.0,0.0,0.0,0.0,0.0,0.0,0.0
2018,1,1,2018-10-06,F,50,Jair Bolsonaro|Fernando Haddad|Ciro Gomes|Geraldo Alckmin|Marina Silva|Others,F,9,2014+2022,2.9810761128709564,-0.7078522927196549,-4.015609311720421,2.5959287537781077,3.091221618763663,-0.41981235380437193,6.2441353688561,-1.1542533213934147,-3.4994447642045117,1.2203941764523154
2018,1,7,2018-09-30,E,38,Jair Bolsonaro|Fernando Haddad|Ciro Gomes|Geraldo Alckmin|Marina Silva|Others,E,9,2014+2022,3.5127569856618868,0.0,0.0,0.0,0.0,0.0,0.0,0.0,0.0,0.0
2018,1,7,2018-09-30,F,38,Jair Bolsonaro|Fernando Haddad|Ciro Gomes|Geraldo Alckmin|Marina Silva|Others,F,9,2014+2022,3.003112283261087,-0.7356766413208916,-4.004061104269596,2.6656629573892174,3.095516600907365,-0.5589856966218165,6.275743063340309,-1.1786728002413749,-3.4424265326079273,1.246240352798106
2018,1,14,2018-09-23,E,29,Jair Bolsonaro|Fernando Haddad|Ciro Gomes|Geraldo Alckmin|Marina Silva|Others,E,9,2014+2022,3.498102346615538,0.0,0.0,0.0,0.0,0.0,0.0,0.0,0.0,0.0
2018,1,14,2018-09-23,F,29,Jair Bolsonaro|Fernando Haddad|Ciro Gomes|Geraldo Alckmin|Marina Silva|Others,F,9,2014+2022,3.0098819064688223,-0.6713622632231668,-3.779787229717879,2.5773002129823874,3.0943771639840607,-0.48555732017701936,6.292628929510189,-1.183146400677026,-3.5676460101132244,1.1988343792652183
2018,1,30,2018-09-07,E,12,Jair Bolsonaro|Marina Silva|Ciro Gomes|Geraldo Alckmin|Fernando Haddad|Others,E,9,2014+2022,3.5012690646882287,0.0,0.0,0.0,0.0,0.0,0.0,0.0,0.0,0.0
2018,1,30,2018-09-07,F,12,Jair Bolsonaro|Marina Silva|Ciro Gomes|Geraldo Alckmin|Fernando Haddad|Others,F,9,2014+2022,3.0062578151050348,-0.7372579165168063,-3.96283846167522,2.6121779492834123,3.0668420646343684,-0.5851578639754843,6.214123903084512,-1.1574843940896045,-3.4914321454033863,1.201869192924238
2018,2,1,2018-10-27,E,25,Jair Bolsonaro|Fernando Haddad,E,2,2014+2022,1.537380435145048,0.0,0.0,0.0,,,,,,
2018,2,1,2018-10-27,F,25,Jair Bolsonaro|Fernando Haddad,F,2,2014+2022,1.4969820356785595,-0.6233111808543822,-2.618593643892113,1.533237434836171,,,,,,
2018,2,7,2018-10-21,E,15,Jair Bolsonaro|Fernando Haddad,E,2,2014+2022,1.5241789221407134,0.0,0.0,0.0,,,,,,
2018,2,7,2018-10-21,F,15,Jair Bolsonaro|Fernando Haddad,F,2,2014+2022,1.4940184561520504,-0.6011350275606148,-2.624192246804298,1.730965765587012,,,,,,
2022,1,1,2022-10-01,E,73,Lula|Jair Bolsonaro|Ciro Gomes|Simone Tebet|Others,E,10,2014+2018,3.5632076275425133,0.0,0.0,0.0,0.0,0.0,0.0,0.0,0.0,0.0
2022,1,1,2022-10-01,F,73,Lula|Jair Bolsonaro|Ciro Gomes|Simone Tebet|Others,F,10,2014+2018,3.2850486453817935,-0.06130374714860335,-3.360061832634686,3.459307993623872,2.6119088298350723,-1.0708262244469917,5.917748636659508,-1.140944842058415,-3.398413213589964,1.2560659342872398
2022,1,7,2022-09-25,E,57,Lula|Jair Bolsonaro|Ciro Gomes|Simone Tebet|Others,E,10,2014+2018,3.5587784594864953,0.0,0.0,0.0,0.0,0.0,0.0,0.0,0.0,0.0
2022,1,7,2022-09-25,F,57,Lula|Jair Bolsonaro|Ciro Gomes|Simone Tebet|Others,F,10,2014+2018,3.262755747749249,-0.03790123374136243,-3.512381829836719,3.389277361781176,2.648176300635372,-1.02896161618382,6.066102034408736,-1.1381493761385972,-3.475883517494405,1.2320445797955721
2022,1,14,2022-09-18,E,46,Lula|Jair Bolsonaro|Ciro Gomes|Simone Tebet|Others,E,10,2014+2018,3.559366688896298,0.0,0.0,0.0,0.0,0.0,0.0,0.0,0.0,0.0
2022,1,14,2022-09-18,F,46,Lula|Jair Bolsonaro|Ciro Gomes|Simone Tebet|Others,F,10,2014+2018,3.2722272382460815,-0.03009373339698537,-3.5665245455341443,3.455263753041418,2.7065427996578144,-0.8761126093216962,6.042434053031567,-1.1370410817942957,-3.4149515851582266,1.1955344165813049
2022,1,30,2022-09-02,E,26,Lula|Jair Bolsonaro|Ciro Gomes|Simone Tebet|Others,E,10,2014+2018,3.5617283302767584,0.0,0.0,0.0,0.0,0.0,0.0,0.0,0.0,0.0
2022,1,30,2022-09-02,F,26,Lula|Jair Bolsonaro|Ciro Gomes|Simone Tebet|Others,F,10,2014+2018,3.269251196232077,-0.005389610117022761,-3.4478733739043648,3.4199121065805334,2.7041518683914756,-1.0017227222439014,6.038228524161474,-1.1812659133163026,-3.450292904762489,1.0906611154397259
2022,2,1,2022-10-29,E,46,Lula|Jair Bolsonaro,E,2,2014+2018,1.5003157510836944,0.0,0.0,0.0,,,,,,
2022,2,1,2022-10-29,F,46,Lula|Jair Bolsonaro,F,2,2014+2018,1.5128380585195065,-0.6107105187318466,-2.8072291319697573,1.6150977668487576,,,,,,
2022,2,7,2022-10-23,E,28,Lula|Jair Bolsonaro,E,2,2014+2018,1.5257217780926973,0.0,0.0,0.0,,,,,,
2022,2,7,2022-10-23,F,28,Lula|Jair Bolsonaro,F,2,2014+2018,1.5316028259419805,-0.5818200971366648,-2.6117301127000228,1.834328732862792,,,,,,
2022,2,14,2022-10-16,E,16,Lula|Jair Bolsonaro,E,2,2014+2018,1.5044595281760584,0.0,0.0,0.0,,,,,,
2022,2,14,2022-10-16,F,16,Lula|Jair Bolsonaro,F,2,2014+2018,1.5164858286095364,-0.6125404545128665,-2.6595841433780625,1.620297337393173,,,,,,
