election,round,category,role,forecast,actual,deviation,variant
2014,1,Dilma Rousseff,rank1,46.32172488083099,41.594007494553985,-4.727717386277007,two_regime
2014,1,Marina Silva,rest,24.1031358736134,21.31879298162934,-2.7843428919840605,two_regime
2014,1,Aécio Neves,rank2,26.661686940495326,33.547332753709576,6.88564581321425,two_regime
2014,1,Others,rest,2.913452305060272,3.5398667701070963,0.6264144650468242,two_regime
2014,2,Dilma Rousseff,rank1,52.756458561897276,51.639136102365356,-1.1173224595319198,two_regime
2018,1,Jair Bolsonaro,rank1,41.56769731616622,46.03144813120364,4.463750815037422,two_regime
2018,1,Fernando Haddad,rank2,27.88551709067376,29.277750312611076,1.3922332219373175,two_regime
2018,1,Ciro Gomes,rest,12.194322031053817,12.46546252562885,0.2711404945750324,two_regime
2018,1,Geraldo Alckmin,rest,6.780074227423737,4.760685980814576,-2.019388246609161,two_regime
2018,1,Marina Silva,rest,2.5553559274929367,0.9991317295687487,-1.556224197924188,two_regime
2018,1,Others,rest,9.01703340718962,6.46552132017311,-2.55151208701651,two_regime
2018,2,Jair Bolsonaro,rank1,55.2724943561554,55.13023128003058,-0.14226307612482003,two_regime
2022,1,Lula,rank1,45.850422671735394,48.43071985986874,2.5802971881333434,two_regime
2022,1,Jair Bolsonaro,rank2,41.08540573585611,43.19755255444699,2.1121468185908796,two_regime
2022,1,Ciro Gomes,rest,5.753649507194382,3.0443166324365536,-2.7093328747578282,two_regime
2022,1,Simone Tebet,rest,5.2915506859070645,4.15751897371929,-1.1340317121877748,two_regime
2022,1,Others,rest,2.0189713993070093,1.1698919795284297,-0.8490794197785796,two_regime
2022,2,Lula,rank1,51.253428679466246,50.90240511717216,-0.35102356229408826,two_regime
2014,1,Dilma Rousseff,rank1,46.27860701191957,41.594007494553985,-4.684599517365584,single_regime
2014,1,Marina Silva,rest,24.29525937272983,21.31879298162934,-2.976466391100491,single_regime
2014,1,Aécio Neves,rank2,26.51150269888135,33.547332753709576,7.035830054828224,single_regime
2014,1,Others,rest,2.9146309164692483,3.5398667701070963,0.625235853637848,single_regime
2014,2,Dilma Rousseff,rank1,52.6817659816742,51.639136102365356,-1.0426298793088407,single_regime
2018,1,Jair Bolsonaro,rank1,41.450843301092526,46.03144813120364,4.580604830111113,single_regime
2018,1,Fernando Haddad,rank2,27.868311875083265,29.277750312611076,1.409438437527811,single_regime
2018,1,Ciro Gomes,rest,12.349874767680877,12.46546252562885,0.11558775794797249,single_regime
2018,1,Geraldo Alckmin,rest,6.900600826968296,4.760685980814576,-2.1399148461537205,single_regime
2018,1,Marina Silva,rest,2.4128589568343872,0.9991317295687487,-1.4137272272656385,single_regime
2018,1,Others,rest,9.01751027234072,6.46552132017311,-2.5519889521676102,single_regime
2018,2,Jair Bolsonaro,rank1,55.451836283683775,55.13023128003058,-0.3216050036531968,single_regime
2022,1,Lula,rank1,45.853331037097504,48.43071985986874,2.5773888227712334,single_regime
2022,1,Jair Bolsonaro,rank2,41.07853952574305,43.19755255444699,2.1190130287039466,single_regime
2022,1,Ciro Gomes,rest,5.7060949445508,3.0443166324365536,-2.661778312114246,single_regime
2022,1,Simone Tebet,rest,5.306307737157394,4.15751897371929,-1.1487887634381044,single_regime
2022,1,Others,rest,2.05572675545125,1.1698919795284297,-0.8858347759228202,single_regime
2022,2,Lula,rank1,51.24876756191254,50.90240511717216,-0.3463624447403788,single_regime
