election,round,pollster,release_field_end,poll_id,candidate,wikipedia_total_share,release_total_share,release_valid_share,status,release_source
2014,1,Datafolha,2014-10-04,2014-1-f35288908a,Dilma Rousseff,40.0,40.0,44.0,verified_match,https://g1.globo.com/politica/eleicoes/2014/noticia/2014/10/datafolha-votos-validos-dilma-tem-44-aecio-26-e-marina-24.html
2014,1,Datafolha,2014-10-04,2014-1-f35288908a,Aécio Neves,24.0,24.0,26.0,verified_match,https://g1.globo.com/politica/eleicoes/2014/noticia/2014/10/datafolha-votos-validos-dilma-tem-44-aecio-26-e-marina-24.html
2014,1,Datafolha,2014-10-04,2014-1-f35288908a,Marina Silva,22.0,22.0,24.0,verified_match,https://g1.globo.com/politica/eleicoes/2014/noticia/2014/10/datafolha-votos-validos-dilma-tem-44-aecio-26-e-marina-24.html
2014,1,Datafolha,2014-10-04,2014-1-f35288908a,Luciana Genro,1.0,1.0,2.0,verified_match,https://g1.globo.com/politica/eleicoes/2014/noticia/2014/10/datafolha-votos-validos-dilma-tem-44-aecio-26-e-marina-24.html
2014,1,Datafolha,2014-10-04,2014-1-f35288908a,Pastor Everaldo,1.0,1.0,1.0,verified_match,https://g1.globo.com/politica/eleicoes/2014/noticia/2014/10/datafolha-votos-validos-dilma-tem-44-aecio-26-e-marina-24.html
2014,1,Datafolha,2014-10-04,2014-1-f35288908a,Eduardo Jorge,1.0,1.0,1.0,verified_match,https://g1.globo.com/politica/eleicoes/2014/noticia/2014/10/datafolha-votos-validos-dilma-tem-44-aecio-26-e-marina-24.html
2014,1,Datafolha,2014-10-04,2014-1-f35288908a,Levy Fidelix,,0.0,1.0,candidate_not_in_parsed_row,https://g1.globo.com/politica/eleicoes/2014/noticia/2014/10/datafolha-votos-validos-dilma-tem-44-aecio-26-e-marina-24.html
2014,1,Datafolha,2014-10-04,2014-1-f35288908a,Zé Maria,,0.0,0.0,candidate_not_in_parsed_row,https://g1.globo.com/politica/eleicoes/2014/noticia/2014/10/datafolha-votos-validos-dilma-tem-44-aecio-26-e-marina-24.html
2014,1,Datafolha,2014-10-04,2014-1-f35288908a,Rui Costa Pimenta,,0.0,0.0,candidate_not_in_parsed_row,https://g1.globo.com/politica/eleicoes/2014/noticia/2014/10/datafolha-votos-validos-dilma-tem-44-aecio-26-e-marina-24.html
2014,1,Datafolha,2014-10-04,2014-1-f35288908a,José Maria Eymael,,0.0,0.0,candidate_not_in_parsed_row,https://g1.globo.com/politica/eleicoes/2014/noticia/2014/10/datafolha-votos-validos-dilma-tem-44-aecio-26-e-marina-24.html
2014,1,Datafolha,2014-10-04,2014-1-f35288908a,Mauro Iasi,,0.0,0.0,candidate_not_in_parsed_row,https://g1.globo.com/politica/eleicoes/2014/noticia/2014/10/datafolha-votos-validos-dilma-tem-44-aecio-26-e-marina-24.html
2014,1,Ibope,2014-10-04,,Dilma Rousseff,,40.0,46.0,missing_in_wikipedia,https://g1.globo.com/politica/eleicoes/2014/noticia/2014/10/ibope-votos-validos-dilma-tem-46-aecio-27-e-marina-24.html
2014,1,Ibope,2014-10-04,,Aécio Neves,,24.0,27.0,missing_in_wikipedia,https://g1.globo.com/politica/eleicoes/2014/noticia/2014/10/ibope-votos-validos-dilma-tem-46-aecio-27-e-marina-24.html
2014,1,Ibope,2014-10-04,,Marina Silva,,21.0,24.0,missing_in_wikipedia,https://g1.globo.com/politica/eleicoes/2014/noticia/2014/10/ibope-votos-validos-dilma-tem-46-aecio-27-e-marina-24.html
2014,1,Ibope,2014-10-04,,Pastor Everaldo,,1.0,1.0,missing_in_wikipedia,https://g1.globo.com/politica/eleicoes/2014/noticia/2014/10/ibope-votos-validos-dilma-tem-46-aecio-27-e-marina-24.html
2014,1,Ibope,2014-10-04,,Luciana Genro,,1.0,1.0,missing_in_wikipedia,https://g1.globo.com/politica/eleicoes/2014/noticia/2014/10/ibope-votos-validos-dilma-tem-46-aecio-27-e-marina-24.html
2014,1,Ibope,2014-10-04,,Eduardo Jorge,,1.0,1.0,missing_in_wikipedia,https://g1.globo.com/politica/eleicoes/2014/noticia/2014/10/ibope-votos-validos-dilma-tem-46-aecio-27-e-marina-24.html
2014,1,Ibope,2014-10-04,,Zé Maria,,0.0,0.0,missing_in_wikipedia,https://g1.globo.com/politica/eleicoes/2014/noticia/2014/10/ibope-votos-validos-dilma-tem-46-aecio-27-e-marina-24.html
2014,1,Ibope,2014-10-04,,Rui Costa Pimenta,,0.0,0.0,missing_in_wikipedia,https://g1.globo.com/politica/eleicoes/2014/noticia/2014/10/ibope-votos-validos-dilma-tem-46-aecio-27-e-marina-24.html
2014,1,Ibope,2014-10-04,,José Maria Eymael,,0.0,0.0,missing_in_wikipedia,https://g1.globo.com/politica/eleicoes/2014/noticia/2014/10/ibope-votos-validos-dilma-tem-46-aecio-27-e-marina-24.html
2014,1,Ibope,2014-10-04,,Levy Fidelix,,0.0,0.0,missing_in_wikipedia,https://g1.globo.com/politica/eleicoes/2014/noticia/2014/10/ibope-votos-validos-dilma-tem-46-aecio-27-e-marina-24.html
2014,1,Ibope,2014-10-04,,Mauro Iasi,,0.0,0.0,missing_in_wikipedia,https://g1.globo.com/politica/eleicoes/2014/noticia/2014/10/ibope-votos-validos-dilma-tem-46-aecio-27-e-marina-24.html
2014,2,Datafolha,2014-10-25,2014-2-9dbddd8e64,Dilma Rousseff,47.0,47.0,52.0,verified_match,https://g1.globo.com/politica/eleicoes/2014/noticia/2014/10/dilma-tem-52-e-aecio-48-dos-votos-validos-diz-datafolha.html
2014,2,Datafolha,2014-10-25,2014-2-9dbddd8e64,Aécio Neves,43.0,43.0,48.0,verified_match,https://g1.globo.com/politica/eleicoes/2014/noticia/2014/10/dilma-tem-52-e-aecio-48-dos-votos-validos-diz-datafolha.html
2014,2,Ibope,2014-10-25,2014-2-5256484555,Dilma Rousseff,49.0,49.0,53.0,verified_match,https://g1.globo.com/politica/eleicoes/2014/noticia/2014/10/dilma-tem-53-e-aecio-47-dos-votos-validos-aponta-ibope.html
2014,2,Ibope,2014-10-25,2014-2-5256484555,Aécio Neves,43.0,43.0,47.0,verified_match,https://g1.globo.com/politica/eleicoes/2014/noticia/2014/10/dilma-tem-53-e-aecio-47-dos-votos-validos-aponta-ibope.html
2018,1,Datafolha,2018-10-06,2018-1-b390b62225,Jair Bolsonaro,36.0,36.0,40.0,verified_match,"https://www.correiobraziliense.com.br/app/noticia/politica/2018/10/06/interna_politica,710634/datafolha-presidente-pesquisa-eleicoes.shtml | https://agenciabrasil.ebc.com.br/politica/noticia/2018-10/pesquisa-datafolha-para-presidente"
2018,1,Datafolha,2018-10-06,2018-1-b390b62225,Fernando Haddad,22.0,22.0,25.0,verified_match,"https://www.correiobraziliense.com.br/app/noticia/politica/2018/10/06/interna_politica,710634/datafolha-presidente-pesquisa-eleicoes.shtml | https://agenciabrasil.ebc.com.br/politica/noticia/2018-10/pesquisa-datafolha-para-presidente"
2018,1,Datafolha,2018-10-06,2018-1-b390b62225,Ciro Gomes,13.0,13.0,15.0,verified_match,"https://www.correiobraziliense.com.br/app/noticia/politica/2018/10/06/interna_politica,710634/datafolha-presidente-pesquisa-eleicoes.shtml | https://agenciabrasil.ebc.com.br/politica/noticia/2018-10/pesquisa-datafolha-para-presidente"
2018,1,Datafolha,2018-10-06,2018-1-b390b62225,Geraldo Alckmin,7.0,7.0,8.0,verified_match,"https://www.correiobraziliense.com.br/app/noticia/politica/2018/10/06/interna_politica,710634/datafolha-presidente-pesquisa-eleicoes.shtml | https://agenciabrasil.ebc.com.br/politica/noticia/2018-10/pesquisa-datafolha-para-presidente"
2018,1,Datafolha,2018-10-06,2018-1-b390b62225,Marina Silva,3.0,3.0,3.0,verified_match,"https://www.correiobraziliense.com.br/app/noticia/politica/2018/10/06/interna_politica,710634/datafolha-presidente-pesquisa-eleicoes.shtml | https://agenciabrasil.ebc.com.br/politica/noticia/2018-10/pesquisa-datafolha-para-presidente"
2018,1,Datafolha,2018-10-06,2018-1-b390b62225,João Amoêdo,3.0,3.0,3.0,verified_match,"https://www.correiobraziliense.com.br/app/noticia/politica/2018/10/06/interna_politica,710634/datafolha-presidente-pesquisa-eleicoes.shtml | https://agenciabrasil.ebc.com.br/politica/noticia/2018-10/pesquisa-datafolha-para-presidente"
2018,1,Datafolha,2018-10-06,2018-1-b390b62225,Alvaro Dias,2.0,2.0,2.0,verified_match,"https://www.correiobraziliense.com.br/app/noticia/politica/2018/10/06/interna_politica,710634/datafolha-presidente-pesquisa-eleicoes.shtml | https://agenciabrasil.ebc.com.br/politica/noticia/2018-10/pesquisa-datafolha-para-presidente"
2018,1,Datafolha,2018-10-06,2018-1-b390b62225,Henrique Meirelles,2.0,2.0,2.0,verified_match,"https://www.correiobraziliense.com.br/app/noticia/politica/2018/10/06/interna_politica,710634/datafolha-presidente-pesquisa-eleicoes.shtml | https://agenciabrasil.ebc.com.br/politica/noticia/2018-10/pesquisa-datafolha-para-presidente"
2018,1,Datafolha,2018-10-06,2018-1-b390b62225,Cabo Daciolo,,1.0,1.0,candidate_not_in_parsed_row,"https://www.correiobraziliense.com.br/app/noticia/politica/2018/10/06/interna_politica,710634/datafolha-presidente-pesquisa-eleicoes.shtml | https://agenciabrasil.ebc.com.br/politica/noticia/2018-10/pesquisa-datafolha-para-presidente"
2018,1,Datafolha,2018-10-06,2018-1-b390b62225,Guilherme Boulos,,1.0,1.0,candidate_not_in_parsed_row,"https://www.correiobraziliense.com.br/app/noticia/politica/2018/10/06/interna_politica,710634/datafolha-presidente-pesquisa-eleicoes.shtml | https://agenciabrasil.ebc.com.br/politica/noticia/2018-10/pesquisa-datafolha-para-presidente"
2018,1,Datafolha,2018-10-06,2018-1-b390b62225,Vera Lúcia,,0.0,0.0,candidate_not_in_parsed_row,"https://www.correiobraziliense.com.br/app/noticia/politica/2018/10/06/interna_politica,710634/datafolha-presidente-pesquisa-eleicoes.shtml | https://agenciabrasil.ebc.com.br/politica/noticia/2018-10/pesquisa-datafolha-para-presidente"
2018,1,Datafolha,2018-10-06,2018-1-b390b62225,João Goulart Filho,,0.0,0.0,candidate_not_in_parsed_row,"https://www.correiobraziliense.com.br/app/noticia/politica/2018/10/06/interna_politica,710634/datafolha-presidente-pesquisa-eleicoes.shtml | https://agenciabrasil.ebc.com.br/politica/noticia/2018-10/pesquisa-datafolha-para-presidente"
2018,1,Datafolha,2018-10-06,2018-1-b390b62225,José Maria Eymael,,0.0,0.0,candidate_not_in_parsed_row,"https://www.correiobraziliense.com.br/app/noticia/politica/2018/10/06/interna_politica,710634/datafolha-presidente-pesquisa-eleicoes.shtml | https://agenciabrasil.ebc.com.br/politica/noticia/2018-10/pesquisa-datafolha-para-presidente"
2018,1,Ibope,2018-10-06,2018-1-3ac36c7edf,Jair Bolsonaro,36.0,36.0,41.0,verified_match,https://agenciabrasil.ebc.com.br/politica/noticia/2018-10/pesquisa-ibope-para-presidente-da-republica | https://especiais.gazetadopovo.com.br/eleicoes/2018/pesquisas-eleitorais/ibope/ibope-bolsonaro-chega-41-dos-votos-validos-haddad-tem-25/
2018,1,Ibope,2018-10-06,2018-1-3ac36c7edf,Fernando Haddad,22.0,22.0,25.0,verified_match,https://agenciabrasil.ebc.com.br/politica/noticia/2018-10/pesquisa-ibope-para-presidente-da-republica | https://especiais.gazetadopovo.com.br/eleicoes/2018/pesquisas-eleitorais/ibope/ibope-bolsonaro-chega-41-dos-votos-validos-haddad-tem-25/
2018,1,Ibope,2018-10-06,2018-1-3ac36c7edf,Ciro Gomes,11.0,11.0,13.0,verified_match,https://agenciabrasil.ebc.com.br/politica/noticia/2018-10/pesquisa-ibope-para-presidente-da-republica | https://especiais.gazetadopovo.com.br/eleicoes/2018/pesquisas-eleitorais/ibope/ibope-bolsonaro-chega-41-dos-votos-validos-haddad-tem-25/
2018,1,Ibope,2018-10-06,2018-1-3ac36c7edf,Geraldo Alckmin,7.0,7.0,8.0,verified_match,https://agenciabrasil.ebc.com.br/politica/noticia/2018-10/pesquisa-ibope-para-presidente-da-republica | https://especiais.gazetadopovo.com.br/eleicoes/2018/pesquisas-eleitorais/ibope/ibope-bolsonaro-chega-41-dos-votos-validos-haddad-tem-25/
2018,1,Ibope,2018-10-06,2018-1-3ac36c7edf,Marina Silva,3.0,3.0,3.0,verified_match,https://agenciabrasil.ebc.com.br/politica/noticia/2018-10/pesquisa-ibope-para-presidente-da-republica | https://especiais.gazetadopovo.com.br/eleicoes/2018/pesquisas-eleitorais/ibope/ibope-bolsonaro-chega-41-dos-votos-validos-haddad-tem-25/
2018,1,Ibope,2018-10-06,2018-1-3ac36c7edf,João Amoêdo,2.0,2.0,3.0,verified_match,https://agenciabrasil.ebc.com.br/politica/noticia/2018-10/pesquisa-ibope-para-presidente-da-republica | https://especiais.gazetadopovo.com.br/eleicoes/2018/pesquisas-eleitorais/ibope/ibope-bolsonaro-chega-41-dos-votos-validos-haddad-tem-25/
2018,1,Ibope,2018-10-06,2018-1-3ac36c7edf,Henrique Meirelles,2.0,2.0,2.0,verified_match,https://agenciabrasil.ebc.com.br/politica/noticia/2018-10/pesquisa-ibope-para-presidente-da-republica | https://especiais.gazetadopovo.com.br/eleicoes/2018/pesquisas-eleitorais/ibope/ibope-bolsonaro-chega-41-dos-votos-validos-haddad-tem-25/
2018,1,Ibope,2018-10-06,2018-1-3ac36c7edf,Cabo Daciolo,,2.0,2.0,candidate_not_in_parsed_row,https://agenciabrasil.ebc.com.br/politica/noticia/2018-10/pesquisa-ibope-para-presidente-da-republica | https://especiais.gazetadopovo.com.br/eleicoes/2018/pesquisas-eleitorais/ibope/ibope-bolsonaro-chega-41-dos-votos-validos-haddad-tem-25/
2018,1,Ibope,2018-10-06,2018-1-3ac36c7edf,Alvaro Dias,1.0,1.0,2.0,verified_match,https://agenciabrasil.ebc.com.br/politica/noticia/2018-10/pesquisa-ibope-para-presidente-da-republica | https://especiais.gazetadopovo.com.br/eleicoes/2018/pesquisas-eleitorais/ibope/ibope-bolsonaro-chega-41-dos-votos-validos-haddad-tem-25/
2018,1,Ibope,2018-10-06,2018-1-3ac36c7edf,Guilherme Boulos,,1.0,1.0,candidate_not_in_parsed_row,https://agenciabrasil.ebc.com.br/politica/noticia/2018-10/pesquisa-ibope-para-presidente-da-republica | https://especiais.gazetadopovo.com.br/eleicoes/2018/pesquisas-eleitorais/ibope/ibope-bolsonaro-chega-41-dos-votos-validos-haddad-tem-25/
2018,1,Ibope,2018-10-06,2018-1-3ac36c7edf,Vera Lúcia,,0.0,0.0,candidate_not_in_parsed_row,https://agenciabrasil.ebc.com.br/politica/noticia/2018-10/pesquisa-ibope-para-presidente-da-republica | https://especiais.gazetadopovo.com.br/eleicoes/2018/pesquisas-eleitorais/ibope/ibope-bolsonaro-chega-41-dos-votos-validos-haddad-tem-25/
2018,1,Ibope,2018-10-06,2018-1-3ac36c7edf,João Goulart Filho,,0.0,0.0,candidate_not_in_parsed_row,https://agenciabrasil.ebc.com.br/politica/noticia/2018-10/pesquisa-ibope-para-presidente-da-republica | https://especiais.gazetadopovo.com.br/eleicoes/2018/pesquisas-eleitorais/ibope/ibope-bolsonaro-chega-41-dos-votos-validos-haddad-tem-25/
2018,1,Ibope,2018-10-06,2018-1-3ac36c7edf,José Maria Eymael,,0.0,0.0,candidate_not_in_parsed_row,https://agenciabrasil.ebc.com.br/politica/noticia/2018-10/pesquisa-ibope-para-presidente-da-republica | https://especiais.gazetadopovo.com.br/eleicoes/2018/pesquisas-eleitorais/ibope/ibope-bolsonaro-chega-41-dos-votos-validos-haddad-tem-25/
2018,2,Datafolha,2018-10-27,2018-2-9cacc07686,Jair Bolsonaro,47.0,47.0,55.0,verified_match,https://agenciabrasil.ebc.com.br/politica/noticia/2018-10/datafolha-pesquisa-de-intencao-de-voto-para-presidente
2018,2,Datafolha,2018-10-27,2018-2-9cacc07686,Fernando Haddad,39.0,39.0,45.0,verified_match,https://agenciabrasil.ebc.com.br/politica/noticia/2018-10/datafolha-pesquisa-de-intencao-de-voto-para-presidente
2018,2,Ibope,2018-10-27,2018-2-77e4de135c,Jair Bolsonaro,47.0,47.0,54.0,verified_match,https://www.seudinheiro.com/2018/politica/ibope-bolsonaro-tem-54-dos-votos-validos-e-haddad-46/
2018,2,Ibope,2018-10-27,2018-2-77e4de135c,Fernando Haddad,41.0,41.0,46.0,verified_match,https://www.seudinheiro.com/2018/politica/ibope-bolsonaro-tem-54-dos-votos-validos-e-haddad-46/
2022,1,AtlasIntel,2022-09-30,2022-1-1b8b76875a,Lula,49.8,49.8,50.3,verified_match,https://www.cnnbrasil.com.br/politica/pesquisa-atlas-presidencial-lula-tem-503-dos-votos-validos-bolsonaro-411/
2022,1,AtlasIntel,2022-09-30,2022-1-1b8b76875a,Jair Bolsonaro,40.7,40.7,41.1,verified_match,https://www.cnnbrasil.com.br/politica/pesquisa-atlas-presidencial-lula-tem-503-dos-votos-validos-bolsonaro-411/
2022,1,AtlasIntel,2022-09-30,2022-1-1b8b76875a,Ciro Gomes,3.9,3.9,4.0,verified_match,https://www.cnnbrasil.com.br/politica/pesquisa-atlas-presidencial-lula-tem-503-dos-votos-validos-bolsonaro-411/
2022,1,AtlasIntel,2022-09-30,2022-1-1b8b76875a,Simone Tebet,2.6,2.6,2.7,verified_match,https://www.cnnbrasil.com.br/politica/pesquisa-atlas-presidencial-lula-tem-503-dos-votos-validos-bolsonaro-411/
2022,1,AtlasIntel,2022-09-30,2022-1-1b8b76875a,Felipe d'Avila,0.8,0.8,0.8,verified_match,https://www.cnnbrasil.com.br/politica/pesquisa-atlas-presidencial-lula-tem-503-dos-votos-validos-bolsonaro-411/
2022,1,AtlasIntel,2022-09-30,2022-1-1b8b76875a,Soraya Thronicke,0.7,0.7,0.7,verified_match,https://www.cnnbrasil.com.br/politica/pesquisa-atlas-presidencial-lula-tem-503-dos-votos-validos-bolsonaro-411/
2022,1,AtlasIntel,2022-09-30,2022-1-1b8b76875a,Padre Kelmon,0.3,0.3,0.3,verified_match,https://www.cnnbrasil.com.br/politica/pesquisa-atlas-presidencial-lula-tem-503-dos-votos-validos-bolsonaro-411/
2022,1,AtlasIntel,2022-09-30,2022-1-1b8b76875a,José Maria Eymael,0.0,0.0,0.0,verified_match,https://www.cnnbrasil.com.br/politica/pesquisa-atlas-presidencial-lula-tem-503-dos-votos-validos-bolsonaro-411/
2022,1,AtlasIntel,2022-09-30,2022-1-1b8b76875a,Léo Péricles,0.0,0.0,0.0,verified_match,https://www.cnnbrasil.com.br/politica/pesquisa-atlas-presidencial-lula-tem-503-dos-votos-validos-bolsonaro-411/
2022,1,AtlasIntel,2022-09-30,2022-1-1b8b76875a,Sofia Manzano,0.0,0.0,0.0,verified_match,https://www.cnnbrasil.com.br/politica/pesquisa-atlas-presidencial-lula-tem-503-dos-votos-validos-bolsonaro-411/
2022,1,AtlasIntel,2022-09-30,2022-1-1b8b76875a,Vera Lúcia,0.0,0.0,0.0,verified_match,https://www.cnnbrasil.com.br/politica/pesquisa-atlas-presidencial-lula-tem-503-dos-votos-validos-bolsonaro-411/
2022,1,Datafolha,2022-10-01,2022-1-b0e4d26a69,Lula,48.0,48.0,50.0,verified_match,https://g1.globo.com/politica/eleicoes/2022/pesquisa-eleitoral/noticia/2022/10/01/datafolha-votos-validos-lula-50percent-bolsonaro-36percent.ghtml
2022,1,Datafolha,2022-10-01,2022-1-b0e4d26a69,Jair Bolsonaro,34.0,34.0,36.0,verified_match,https://g1.globo.com/politica/eleicoes/2022/pesquisa-eleitoral/noticia/2022/10/01/datafolha-votos-validos-lula-50percent-bolsonaro-36percent.ghtml
2022,1,Datafolha,2022-10-01,2022-1-b0e4d26a69,Simone Tebet,6.0,6.0,6.0,verified_match,https://g1.globo.com/politica/eleicoes/2022/pesquisa-eleitoral/noticia/2022/10/01/datafolha-votos-validos-lula-50percent-bolsonaro-36percent.ghtml
2022,1,Datafolha,2022-10-01,2022-1-b0e4d26a69,Ciro Gomes,5.0,5.0,5.0,verified_match,https://g1.globo.com/politica/eleicoes/2022/pesquisa-eleitoral/noticia/2022/10/01/datafolha-votos-validos-lula-50percent-bolsonaro-36percent.ghtml
2022,1,Datafolha,2022-10-01,2022-1-b0e4d26a69,Soraya Thronicke,1.0,1.0,1.0,verified_match,https://g1.globo.com/politica/eleicoes/2022/pesquisa-eleitoral/noticia/2022/10/01/datafolha-votos-validos-lula-50percent-bolsonaro-36percent.ghtml
2022,1,Datafolha,2022-10-01,2022-1-b0e4d26a69,Felipe d'Avila,1.0,1.0,,verified_match,https://g1.globo.com/politica/eleicoes/2022/pesquisa-eleitoral/noticia/2022/10/01/datafolha-votos-validos-lula-50percent-bolsonaro-36percent.ghtml
2022,1,Datafolha,2022-10-01,2022-1-b0e4d26a69,Sofia Manzano,0.0,0.0,,verified_match,https://g1.globo.com/politica/eleicoes/2022/pesquisa-eleitoral/noticia/2022/10/01/datafolha-votos-validos-lula-50percent-bolsonaro-36percent.ghtml
2022,1,Datafolha,2022-10-01,2022-1-b0e4d26a69,Vera Lúcia,0.0,0.0,,verified_match,https://g1.globo.com/politica/eleicoes/2022/pesquisa-eleitoral/noticia/2022/10/01/datafolha-votos-validos-lula-50percent-bolsonaro-36percent.ghtml
2022,1,Datafolha,2022-10-01,2022-1-b0e4d26a69,Léo Péricles,0.0,0.0,,verified_match,https://g1.globo.com/politica/eleicoes/2022/pesquisa-eleitoral/noticia/2022/10/01/datafolha-votos-validos-lula-50percent-bolsonaro-36percent.ghtml
2022,1,Datafolha,2022-10-01,2022-1-b0e4d26a69,José Maria Eymael,0.0,0.0,,verified_match,https://g1.globo.com/politica/eleicoes/2022/pesquisa-eleitoral/noticia/2022/10/01/datafolha-votos-validos-lula-50percent-bolsonaro-36percent.ghtml
2022,1,Datafolha,2022-10-01,2022-1-b0e4d26a69,Padre Kelmon,0.0,0.0,,verified_match,https://g1.globo.com/politica/eleicoes/2022/pesquisa-eleitoral/noticia/2022/10/01/datafolha-votos-validos-lula-50percent-bolsonaro-36percent.ghtml
2022,1,Ipec,2022-10-01,2022-1-368a2db641,Lula,47.0,47.0,51.0,verified_match,https://g1.globo.com/politica/eleicoes/2022/pesquisa-eleitoral/noticia/2022/10/01/ipec-votos-validos-lula-51percent-bolsonaro-37percent.ghtml
2022,1,Ipec,2022-10-01,2022-1-368a2db641,Jair Bolsonaro,34.0,34.0,37.0,verified_match,https://g1.globo.com/politica/eleicoes/2022/pesquisa-eleitoral/noticia/2022/10/01/ipec-votos-validos-lula-51percent-bolsonaro-37percent.ghtml
2022,1,Ipec,2022-10-01,2022-1-368a2db641,Ciro Gomes,5.0,5.0,5.0,verified_match,https://g1.globo.com/politica/eleicoes/2022/pesquisa-eleitoral/noticia/2022/10/01/ipec-votos-validos-lula-51percent-bolsonaro-37percent.ghtml
2022,1,Ipec,2022-10-01,2022-1-368a2db641,Simone Tebet,5.0,5.0,5.0,verified_match,https://g1.globo.com/politica/eleicoes/2022/pesquisa-eleitoral/noticia/2022/10/01/ipec-votos-validos-lula-51percent-bolsonaro-37percent.ghtml
2022,1,Ipec,2022-10-01,2022-1-368a2db641,Soraya Thronicke,1.0,1.0,1.0,verified_match,https://g1.globo.com/politica/eleicoes/2022/pesquisa-eleitoral/noticia/2022/10/01/ipec-votos-validos-lula-51percent-bolsonaro-37percent.ghtml
2022,1,Ipec,2022-10-01,2022-1-368a2db641,Felipe d'Avila,1.0,1.0,1.0,verified_match,https://g1.globo.com/politica/eleicoes/2022/pesquisa-eleitoral/noticia/2022/10/01/ipec-votos-validos-lula-51percent-bolsonaro-37percent.ghtml
2022,1,Ipec,2022-10-01,2022-1-368a2db641,Vera Lúcia,0.0,0.0,,verified_match,https://g1.globo.com/politica/eleicoes/2022/pesquisa-eleitoral/noticia/2022/10/01/ipec-votos-validos-lula-51percent-bolsonaro-37percent.ghtml
2022,1,Ipec,2022-10-01,2022-1-368a2db641,Léo Péricles,0.0,0.0,,verified_match,https://g1.globo.com/politica/eleicoes/2022/pesquisa-eleitoral/noticia/2022/10/01/ipec-votos-validos-lula-51percent-bolsonaro-37percent.ghtml
2022,1,Ipec,2022-10-01,2022-1-368a2db641,Padre Kelmon,0.0,0.0,,verified_match,https://g1.globo.com/politica/eleicoes/2022/pesquisa-eleitoral/noticia/2022/10/01/ipec-votos-validos-lula-51percent-bolsonaro-37percent.ghtml
2022,1,Ipec,2022-10-01,2022-1-368a2db641,Sofia Manzano,0.0,0.0,,verified_match,https://g1.globo.com/politica/eleicoes/2022/pesquisa-eleitoral/noticia/2022/10/01/ipec-votos-validos-lula-51percent-bolsonaro-37percent.ghtml
2022,1,Ipec,2022-10-01,2022-1-368a2db641,José Maria Eymael,0.0,0.0,,verified_match,https://g1.globo.com/politica/eleicoes/2022/pesquisa-eleitoral/noticia/2022/10/01/ipec-votos-validos-lula-51percent-bolsonaro-37percent.ghtml
2022,1,Quaest,2022-10-01,,Lula,,,49.0,missing_in_wikipedia,https://www.cnnbrasil.com.br/politica/pesquisa-quaest-para-presidente-lula-tem-49-dos-votos-validos-e-bolsonaro-38/ | https://www.poder360.com.br/pesquisas/lula-tem-49-dos-votos-validos-e-bolsonaro-38-diz-quaest/
2022,1,Quaest,2022-10-01,,Jair Bolsonaro,,,38.0,missing_in_wikipedia,https://www.cnnbrasil.com.br/politica/pesquisa-quaest-para-presidente-lula-tem-49-dos-votos-validos-e-bolsonaro-38/ | https://www.poder360.com.br/pesquisas/lula-tem-49-dos-votos-validos-e-bolsonaro-38-diz-quaest/
2022,1,Quaest,2022-10-01,,Ciro Gomes,,,6.0,missing_in_wikipedia,https://www.cnnbrasil.com.br/politica/pesquisa-quaest-para-presidente-lula-tem-49-dos-votos-validos-e-bolsonaro-38/ | https://www.poder360.com.br/pesquisas/lula-tem-49-dos-votos-validos-e-bolsonaro-38-diz-quaest/
2022,1,Quaest,2022-10-01,,Simone Tebet,,,5.0,missing_in_wikipedia,https://www.cnnbrasil.com.br/politica/pesquisa-quaest-para-presidente-lula-tem-49-dos-votos-validos-e-bolsonaro-38/ | https://www.poder360.com.br/pesquisas/lula-tem-49-dos-votos-validos-e-bolsonaro-38-diz-quaest/
2022,1,Quaest,2022-10-01,,Felipe d'Avila,,,1.0,missing_in_wikipedia,https://www.cnnbrasil.com.br/politica/pesquisa-quaest-para-presidente-lula-tem-49-dos-votos-validos-e-bolsonaro-38/ | https://www.poder360.com.br/pesquisas/lula-tem-49-dos-votos-validos-e-bolsonaro-38-diz-quaest/
2022,1,Quaest,2022-10-01,,Soraya Thronicke,,,1.0,missing_in_wikipedia,https://www.cnnbrasil.com.br/politica/pesquisa-quaest-para-presidente-lula-tem-49-dos-votos-validos-e-bolsonaro-38/ | https://www.poder360.com.br/pesquisas/lula-tem-49-dos-votos-validos-e-bolsonaro-38-diz-quaest/
2022,1,Quaest,2022-10-01,,Vera Lúcia,,,0.0,missing_in_wikipedia,https://www.cnnbrasil.com.br/politica/pesquisa-quaest-para-presidente-lula-tem-49-dos-votos-validos-e-bolsonaro-38/ | https://www.poder360.com.br/pesquisas/lula-tem-49-dos-votos-validos-e-bolsonaro-38-diz-quaest/
2022,1,Quaest,2022-10-01,,Sofia Manzano,,,0.0,missing_in_wikipedia,https://www.cnnbrasil.com.br/politica/pesquisa-quaest-para-presidente-lula-tem-49-dos-votos-validos-e-bolsonaro-38/ | https://www.poder360.com.br/pesquisas/lula-tem-49-dos-votos-validos-e-bolsonaro-38-diz-quaest/
2022,1,Quaest,2022-10-01,,Padre Kelmon,,,0.0,missing_in_wikipedia,https://www.cnnbrasil.com.br/politica/pesquisa-quaest-para-presidente-lula-tem-49-dos-votos-validos-e-bolsonaro-38/ | https://www.poder360.com.br/pesquisas/lula-tem-49-dos-votos-validos-e-bolsonaro-38-diz-quaest/
2022,1,Quaest,2022-10-01,,Léo Péricles,,,0.0,missing_in_wikipedia,https://www.cnnbrasil.com.br/politica/pesquisa-quaest-para-presidente-lula-tem-49-dos-votos-validos-e-bolsonaro-38/ | https://www.poder360.com.br/pesquisas/lula-tem-49-dos-votos-validos-e-bolsonaro-38-diz-quaest/
2022,1,Quaest,2022-10-01,,José Maria Eymael,,,0.0,missing_in_wikipedia,https://www.cnnbrasil.com.br/politica/pesquisa-quaest-para-presidente-lula-tem-49-dos-votos-validos-e-bolsonaro-38/ | https://www.poder360.com.br/pesquisas/lula-tem-49-dos-votos-validos-e-bolsonaro-38-diz-quaest/
2022,2,AtlasIntel,2022-10-29,2022-2-8d7b718e89,Lula,52.4,52.4,53.4,verified_match,https://exame.com/brasil/pesquisa-eleitoral-atlas-intel-29-outubro/
2022,2,AtlasIntel,2022-10-29,2022-2-8d7b718e89,Jair Bolsonaro,45.7,45.7,46.6,verified_match,https://exame.com/brasil/pesquisa-eleitoral-atlas-intel-29-outubro/
2022,2,Datafolha,2022-10-29,2022-2-4abda00181,Lula,49.0,49.0,52.0,verified_match,"https://www.terra.com.br/noticias/eleicoes/datafolha-lula-tem-52-dos-votos-validos-bolsonaro-48,c58a5e22a2a13f76ccc2fe69283fdd2d7egn9ly0.html"
2022,2,Datafolha,2022-10-29,2022-2-4abda00181,Jair Bolsonaro,45.0,45.0,48.0,verified_match,"https://www.terra.com.br/noticias/eleicoes/datafolha-lula-tem-52-dos-votos-validos-bolsonaro-48,c58a5e22a2a13f76ccc2fe69283fdd2d7egn9ly0.html"
2022,2,Ipec,2022-10-29,2022-2-d9078f6f32,Lula,50.0,50.0,54.0,verified_match,https://g1.globo.com/politica/eleicoes/2022/pesquisa-eleitoral/noticia/2022/10/29/ipec-lula-tem-54percent-dos-votos-validos-2o-turno-e-bolsonaro-46percent.ghtml
2022,2,Ipec,2022-10-29,2022-2-d9078f6f32,Jair Bolsonaro,43.0,43.0,46.0,verified_match,https://g1.globo.com/politica/eleicoes/2022/pesquisa-eleitoral/noticia/2022/10/29/ipec-lula-tem-54percent-dos-votos-validos-2o-turno-e-bolsonaro-46percent.ghtml
2022,2,Quaest,2022-10-29,2022-2-38a71ebb3d,Lula,46.0,46.0,52.0,verified_match,https://www.cnnbrasil.com.br/politica/pesquisa-quaest-para-presidente-lula-tem-dos-votos-validos-bolsonaro/
2022,2,Quaest,2022-10-29,2022-2-38a71ebb3d,Jair Bolsonaro,43.0,43.0,48.0,verified_match,https://www.cnnbrasil.com.br/politica/pesquisa-quaest-para-presidente-lula-tem-dos-votos-validos-bolsonaro/
