election,round,pollster,field_end,candidate,release_valid_share,official_valid_share,release_minus_official_pp
2014,1,Datafolha,2014-10-04,Dilma Rousseff,44.0,41.594007494553985,2.405992505446015
2014,1,Datafolha,2014-10-04,Aécio Neves,26.0,33.547332753709576,-7.547332753709576
2014,1,Datafolha,2014-10-04,Marina Silva,24.0,21.31879298162934,2.6812070183706602
2014,1,Datafolha,2014-10-04,Luciana Genro,2.0,1.549824145054802,0.45017585494519796
2014,1,Datafolha,2014-10-04,Pastor Everaldo,1.0,0.7503215466014211,0.24967845339857886
2014,1,Datafolha,2014-10-04,Eduardo Jorge,1.0,0.6057257934102428,0.3942742065897572
2014,1,Datafolha,2014-10-04,Levy Fidelix,1.0,0.4295920658620034,0.5704079341379966
2014,1,Datafolha,2014-10-04,Zé Maria,0.0,0.08768089441683741,-0.08768089441683741
2014,1,Datafolha,2014-10-04,Rui Costa Pimenta,0.0,0.011847288565745752,-0.011847288565745752
2014,1,Datafolha,2014-10-04,José Maria Eymael,0.0,0.05888075500259066,-0.05888075500259066
2014,1,Datafolha,2014-10-04,Mauro Iasi,0.0,0.045994281193452245,-0.045994281193452245
2014,1,Ibope,2014-10-04,Dilma Rousseff,46.0,41.594007494553985,4.405992505446015
2014,1,Ibope,2014-10-04,Aécio Neves,27.0,33.547332753709576,-6.547332753709576
2014,1,Ibope,2014-10-04,Marina Silva,24.0,21.31879298162934,2.6812070183706602
2014,1,Ibope,2014-10-04,Pastor Everaldo,1.0,0.7503215466014211,0.24967845339857886
2014,1,Ibope,2014-10-04,Luciana Genro,1.0,1.549824145054802,-0.549824145054802
2014,1,Ibope,2014-10-04,Eduardo Jorge,1.0,0.6057257934102428,0.3942742065897572
2014,1,Ibope,2014-10-04,Zé Maria,0.0,0.08768089441683741,-0.08768089441683741
2014,1,Ibope,2014-10-04,Rui Costa Pimenta,0.0,0.011847288565745752,-0.011847288565745752
2014,1,Ibope,2014-10-04,José Maria Eymael,0.0,0.05888075500259066,-0.05888075500259066
2014,1,Ibope,2014-10-04,Levy Fidelix,0.0,0.4295920658620034,-0.4295920658620034
2014,1,Ibope,2014-10-04,Mauro Iasi,0.0,0.045994281193452245,-0.045994281193452245
2014,2,Datafolha,2014-10-25,Dilma Rousseff,52.0,51.639136102365356,0.3608638976346441
2014,2,Datafolha,2014-10-25,Aécio Neves,48.0,48.360863897634644,-0.3608638976346441
2014,2,Ibope,2014-10-25,Dilma Rousseff,53.0,51.639136102365356,1.360863897634644
2014,2,Ibope,2014-10-25,Aécio Neves,47.0,48.360863897634644,-1.360863897634644
2018,1,Datafolha,2018-10-06,Jair Bolsonaro,40.0,46.03144813120364,-6.031448131203639
2018,1,Datafolha,2018-10-06,Fernando Haddad,25.0,29.277750312611076,-4.277750312611076
2018,1,Datafolha,2018-10-06,Ciro Gomes,15.0,12.46546252562885,2.5345374743711506
2018,1,Datafolha,2018-10-06,Geraldo Alckmin,8.0,4.760685980814576,3.239314019185424
2018,1,Datafolha,2018-10-06,Marina Silva,3.0,0.9991317295687487,2.0008682704312513
2018,1,Datafolha,2018-10-06,João Amoêdo,3.0,2.503247314972079,0.4967526850279209
2018,1,Datafolha,2018-10-06,Alvaro Dias,2.0,0.802984573232645,1.197015426767355
2018,1,Datafolha,2018-10-06,Henrique Meirelles,2.0,1.2040550972698005,0.7959449027301995
2018,1,Datafolha,2018-10-06,Cabo Daciolo,1.0,1.259517577032553,-0.25951757703255307
2018,1,Datafolha,2018-10-06,Guilherme Boulos,1.0,0.5764761160148445,0.4235238839851555
2018,1,Datafolha,2018-10-06,Vera Lúcia,0.0,0.052089313265804425,-0.052089313265804425
2018,1,Datafolha,2018-10-06,João Goulart Filho,0.0,0.028188499643286007,-0.028188499643286007
2018,1,Datafolha,2018-10-06,José Maria Eymael,0.0,0.03896282874209502,-0.03896282874209502
2018,1,Ibope,2018-10-06,Jair Bolsonaro,41.0,46.03144813120364,-5.031448131203639
2018,1,Ibope,2018-10-06,Fernando Haddad,25.0,29.277750312611076,-4.277750312611076
2018,1,Ibope,2018-10-06,Ciro Gomes,13.0,12.46546252562885,0.5345374743711506
2018,1,Ibope,2018-10-06,Geraldo Alckmin,8.0,4.760685980814576,3.239314019185424
2018,1,Ibope,2018-10-06,Marina Silva,3.0,0.9991317295687487,2.0008682704312513
2018,1,Ibope,2018-10-06,João Amoêdo,3.0,2.503247314972079,0.4967526850279209
2018,1,Ibope,2018-10-06,Henrique Meirelles,2.0,1.2040550972698005,0.7959449027301995
2018,1,Ibope,2018-10-06,Cabo Daciolo,2.0,1.259517577032553,0.7404824229674469
2018,1,Ibope,2018-10-06,Alvaro Dias,2.0,0.802984573232645,1.197015426767355
2018,1,Ibope,2018-10-06,Guilherme Boulos,1.0,0.5764761160148445,0.4235238839851555
2018,1,Ibope,2018-10-06,Vera Lúcia,0.0,0.052089313265804425,-0.052089313265804425
2018,1,Ibope,2018-10-06,João Goulart Filho,0.0,0.028188499643286007,-0.028188499643286007
2018,1,Ibope,2018-10-06,José Maria Eymael,0.0,0.03896282874209502,-0.03896282874209502
2018,2,Datafolha,2018-10-27,Jair Bolsonaro,55.0,55.13023128003058,-0.1302312800305785
2018,2,Datafolha,2018-10-27,Fernando Haddad,45.0,44.86976871996942,0.1302312800305785
2018,2,Ibope,2018-10-27,Jair Bolsonaro,54.0,55.13023128003058,-1.1302312800305785
2018,2,Ibope,2018-10-27,Fernando Haddad,46.0,44.86976871996942,1.1302312800305785
2022,1,Datafolha,2022-10-01,Lula,50.0,48.43071985986874,1.5692801401312622
2022,1,Datafolha,2022-10-01,Jair Bolsonaro,36.0,43.19755255444699,-7.197552554446993
2022,1,Datafolha,2022-10-01,Simone Tebet,6.0,4.15751897371929,1.8424810262807103
2022,1,Datafolha,2022-10-01,Ciro Gomes,5.0,3.0443166324365536,1.9556833675634464
2022,1,Datafolha,2022-10-01,Soraya Thronicke,1.0,0.5082943654801378,0.49170563451986216
2022,1,Datafolha,2022-10-01,Felipe d'Avila,,0.4734071980666722,
2022,1,Datafolha,2022-10-01,Sofia Manzano,,0.03858589903271275,
2022,1,Datafolha,2022-10-01,Vera Lúcia,,0.02167390755618729,
2022,1,Datafolha,2022-10-01,Léo Péricles,,0.045266960331691225,
2022,1,Datafolha,2022-10-01,José Maria Eymael,,0.01404384628538278,
2022,1,Datafolha,2022-10-01,Padre Kelmon,,0.06861980277564561,
2022,1,Ipec,2022-10-01,Lula,51.0,48.43071985986874,2.569280140131262
2022,1,Ipec,2022-10-01,Jair Bolsonaro,37.0,43.19755255444699,-6.197552554446993
2022,1,Ipec,2022-10-01,Ciro Gomes,5.0,3.0443166324365536,1.9556833675634464
2022,1,Ipec,2022-10-01,Simone Tebet,5.0,4.15751897371929,0.8424810262807103
2022,1,Ipec,2022-10-01,Soraya Thronicke,1.0,0.5082943654801378,0.49170563451986216
2022,1,Ipec,2022-10-01,Felipe d'Avila,1.0,0.4734071980666722,0.5265928019333278
2022,1,Ipec,2022-10-01,Vera Lúcia,,0.02167390755618729,
2022,1,Ipec,2022-10-01,Léo Péricles,,0.045266960331691225,
2022,1,Ipec,2022-10-01,Padre Kelmon,,0.06861980277564561,
2022,1,Ipec,2022-10-01,Sofia Manzano,,0.03858589903271275,
2022,1,Ipec,2022-10-01,José Maria Eymael,,0.01404384628538278,
2022,1,Quaest,2022-10-01,Lula,49.0,48.43071985986874,0.5692801401312622
2022,1,Quaest,2022-10-01,Jair Bolsonaro,38.0,43.19755255444699,-5.197552554446993
2022,1,Quaest,2022-10-01,Ciro Gomes,6.0,3.0443166324365536,2.9556833675634464
2022,1,Quaest,2022-10-01,Simone Tebet,5.0,4.15751897371929,0.8424810262807103
2022,1,Quaest,2022-10-01,Felipe d'Avila,1.0,0.4734071980666722,0.5265928019333278
2022,1,Quaest,2022-10-01,Soraya Thronicke,1.0,0.5082943654801378,0.49170563451986216
2022,1,Quaest,2022-10-01,Vera Lúcia,0.0,0.02167390755618729,-0.02167390755618729
2022,1,Quaest,2022-10-01,Sofia Manzano,0.0,0.03858589903271275,-0.03858589903271275
2022,1,Quaest,2022-10-01,Padre Kelmon,0.0,0.06861980277564561,-0.06861980277564561
2022,1,Quaest,2022-10-01,Léo Péricles,0.0,0.045266960331691225,-0.045266960331691225
2022,1,Quaest,2022-10-01,José Maria Eymael,0.0,0.01404384628538278,-0.01404384628538278
2022,1,AtlasIntel,2022-09-30,Lula,50.3,48.43071985986874,1.8692801401312593
2022,1,AtlasIntel,2022-09-30,Jair Bolsonaro,41.1,43.19755255444699,-2.0975525544469917
2022,1,AtlasIntel,2022-09-30,Ciro Gomes,4.0,3.0443166324365536,0.9556833675634464
2022,1,AtlasIntel,2022-09-30,Simone Tebet,2.7,4.15751897371929,-1.4575189737192895
2022,1,AtlasIntel,2022-09-30,Felipe d'Avila,0.8,0.4734071980666722,0.32659280193332785
2022,1,AtlasIntel,2022-09-30,Soraya Thronicke,0.7,0.5082943654801378,0.1917056345198621
2022,1,AtlasIntel,2022-09-30,Padre Kelmon,0.3,0.06861980277564561,0.23138019722435438
2022,1,AtlasIntel,2022-09-30,José Maria Eymael,0.0,0.01404384628538278,-0.01404384628538278
2022,1,AtlasIntel,2022-09-30,Léo Péricles,0.0,0.045266960331691225,-0.045266960331691225
2022,1,AtlasIntel,2022-09-30,Sofia Manzano,0.0,0.03858589903271275,-0.03858589903271275
2022,1,AtlasIntel,2022-09-30,Vera Lúcia,0.0,0.02167390755618729,-0.02167390755618729
2022,2,Datafolha,2022-10-29,Lula,52.0,50.90240511717216,1.097594882827842
2022,2,Datafolha,2022-10-29,Jair Bolsonaro,48.0,49.09759488282784,-1.097594882827842
2022,2,Ipec,2022-10-29,Lula,54.0,50.90240511717216,3.097594882827842
2022,2,Ipec,2022-10-29,Jair Bolsonaro,46.0,49.09759488282784,-3.097594882827842
2022,2,Quaest,2022-10-29,Lula,52.0,50.90240511717216,1.097594882827842
2022,2,Quaest,2022-10-29,Jair Bolsonaro,48.0,49.09759488282784,-1.097594882827842
2022,2,AtlasIntel,2022-10-29,Lula,53.4,50.90240511717216,2.4975948828278405
2022,2,AtlasIntel,2022-10-29,Jair Bolsonaro,46.6,49.09759488282784,-2.4975948828278405
