election,round,horizon,cutoff,variant,n_polls,categories,model,train_elections,n_categories,probabilistic,coverage_80,width_80_mean,coverage_94,width_94_mean,p_actual_first,brier_first,log_first,p_first_round_win,brier_first_round_win,mae,margin_pred,margin_actual,margin_error,margin_abs_error,loeo_rmse,status
2014,1,1,2014-10-04,single_regime,17,Dilma Rousseff|Marina Silva|Aécio Neves|Others,E0,,4.0,True,0.25,3.2581012329297026,0.5,4.86694284002327,0.9997500937148568,9.367972703108382e-08,-0.00024993751692233945,0.009122719320169958,8.322400779460222e-05,3.830532954233037,19.76710431303836,8.04667474084441,11.72042957219395,11.72042957219395,,
2014,1,1,2014-10-04,single_regime,17,Dilma Rousseff|Marina Silva|Aécio Neves|Others,E,2018+2022,4.0,True,0.5,6.562255961812217,0.75,9.600082931570395,0.9995001874297138,4.059454838011183e-07,-0.0004999375182243382,0.08810297425643589,0.007762134072830205,3.7956156411166533,19.81558949808935,8.04667474084441,11.76891475724494,11.76891475724494,,
2014,1,1,2014-10-04,single_regime,17,Dilma Rousseff|Marina Silva|Aécio Neves|Others,F,2018+2022,4.0,True,0.25,4.528351348649906,0.5,6.619092118169037,0.9997500937148568,9.367972703108382e-08,-0.00024993751692233945,0.23831542114471382,0.05679423995538231,4.024083504792649,21.077343008807656,8.04667474084441,13.030668267963247,13.030668267963247,,
2014,1,1,2014-10-04,single_regime,17,Dilma Rousseff|Marina Silva|Aécio Neves|Others,B,2018+2022,4.0,True,0.25,6.876592754585097,0.75,9.694409953912015,0.9997500937148568,9.367972703108382e-08,-0.00024993751692233945,0.11684578855286179,0.013652938302540087,4.464318602414943,21.518136000033632,8.04667474084441,13.471461259189223,13.471461259189223,3.050610751609002,calibrated probabilistic conversion of point baseline
2014,1,1,2014-10-04,single_regime,17,Dilma Rousseff|Marina Silva|Aécio Neves|Others,C,2018+2022,4.0,True,0.75,8.41239254352601,0.75,11.97161607807548,0.9990003748594277,1.5301022081732362e-06,-0.0010001250989915516,0.0731067233191702,0.005344592994465705,3.3750604360656435,17.977528089887645,8.04667474084441,9.930853349043236,9.930853349043236,3.818935160647986,calibrated probabilistic conversion of point baseline
2014,1,1,2014-10-04,single_regime,17,Dilma Rousseff|Marina Silva|Aécio Neves|Others,D,,,,,,,,,,,,,,,,,,,N/A: no qualifying poll in the 14 days to cutoff
2014,1,7,2014-09-28,single_regime,13,Dilma Rousseff|Marina Silva|Aécio Neves|Others,E0,,4.0,True,0.5,6.0515623897273745,0.5,9.456985290379842,0.9907511561054868,0.0001703150574633504,-0.009291880012968105,0.030955753687192732,0.0009582586863421464,7.028939638817167,23.82171532559658,8.04667474084441,15.775040584752169,15.775040584752169,,
2014,1,7,2014-09-28,single_regime,13,Dilma Rousseff|Marina Silva|Aécio Neves|Others,E,2018+2022,4.0,True,0.5,8.261790256960717,0.5,12.168325086270052,0.9768362288047328,0.0010711939903205686,-0.023436267597497885,0.06286976085326222,0.003952606829746383,6.953388205908308,23.825191473302382,8.04667474084441,15.778516732457973,15.778516732457973,,
2014,1,7,2014-09-28,single_regime,13,Dilma Rousseff|Marina Silva|Aécio Neves|Others,F,2018+2022,4.0,True,0.0,6.494253313158174,0.5,9.908719528057283,0.9932508436445444,9.054333497373945e-05,-0.006772034909944585,0.13978001833180567,0.01953845352483993,8.59765352767476,28.03566098294884,8.04667474084441,19.98898624210443,19.98898624210443,,
2014,1,7,2014-09-28,single_regime,13,Dilma Rousseff|Marina Silva|Aécio Neves|Others,B,2018+2022,4.0,True,0.5,9.184007714510606,0.5,13.208537013675002,0.9847557166062726,0.00046099793671962715,-0.015361672013396664,0.10859785053736566,0.011793493141336011,7.120546574175479,24.496652047217857,8.04667474084441,16.449977306373448,16.449977306373448,4.431265569809784,calibrated probabilistic conversion of point baseline
2014,1,7,2014-09-28,single_regime,13,Dilma Rousseff|Marina Silva|Aécio Neves|Others,C,2018+2022,4.0,True,0.5,12.011090785093439,0.5,17.35248451462925,0.8390603523678621,0.05136450065137854,-0.1754726414097081,0.08485378655336166,0.0072001650924434606,7.497088134001365,23.25581395348837,8.04667474084441,15.209139212643962,15.209139212643962,5.860640450551986,calibrated probabilistic conversion of point baseline
2014,1,7,2014-09-28,single_regime,13,Dilma Rousseff|Marina Silva|Aécio Neves|Others,D,,,,,,,,,,,,,,,,,,,N/A: no qualifying poll in the 14 days to cutoff
2014,1,14,2014-09-21,single_regime,12,Dilma Rousseff|Marina Silva|Aécio Neves|Others,E0,,4.0,True,0.25,6.916689682628738,0.5,10.481602470840022,0.9955005624296963,4.011844198487513e-05,-0.004509590505975038,0.0870344137988501,0.007574989185309469,6.94438268264347,24.689830828328443,8.04667474084441,16.643156087484034,16.643156087484034,,
2014,1,14,2014-09-21,single_regime,12,Dilma Rousseff|Marina Silva|Aécio Neves|Others,E,2018+2022,4.0,True,0.5,8.931655090929722,0.5,13.23479817376122,0.9858351039453401,0.00040011177136096987,-0.014266175743182426,0.12211482376468627,0.014912030183080387,6.864795284346199,24.696419662057878,8.04667474084441,16.64974492121347,16.64974492121347,,
2014,1,14,2014-09-21,single_regime,12,Dilma Rousseff|Marina Silva|Aécio Neves|Others,F,2018+2022,4.0,True,0.0,7.263140694836766,0.25,10.873786816106849,0.996167145773445,2.9065649800065718e-05,-0.0038402184356319063,0.24977085242896424,0.062385478723091435,8.521115094386804,28.91618818548238,8.04667474084441,20.86951344463797,20.86951344463797,,
2014,1,14,2014-09-21,single_regime,12,Dilma Rousseff|Marina Silva|Aécio Neves|Others,B,2018+2022,4.0,True,0.5,10.923942039461462,0.5,15.806371552689928,0.9540172435336749,0.0041499182277469375,-0.047073532714313325,0.12009497625593601,0.014422803321913836,7.075995206448486,23.806105847449516,8.04667474084441,15.759431106605106,15.759431106605106,5.3512617587513684,calibrated probabilistic conversion of point baseline
2014,1,14,2014-09-21,single_regime,12,Dilma Rousseff|Marina Silva|Aécio Neves|Others,C,2018+2022,4.0,True,0.5,13.401199739659841,0.5,19.428200650432462,0.8158190678495565,0.0668031070255439,-0.2035626791804126,0.10634841289677581,0.01130998492566311,7.497088134001365,23.25581395348837,8.04667474084441,15.209139212643962,15.209139212643962,6.590055217084457,calibrated probabilistic conversion of point baseline
2014,1,14,2014-09-21,single_regime,12,Dilma Rousseff|Marina Silva|Aécio Neves|Others,D,,,,,,,,,,,,,,,,,,,N/A: no qualifying poll in the 14 days to cutoff
2014,2,1,2014-10-25,single_regime,15,Dilma Rousseff|Aécio Neves,E0,,2.0,True,1.0,2.5755886077880916,1.0,3.9711204910278326,0.9938765308672832,7.499374843867083e-05,-0.00614229446004506,,,1.0426298793088407,5.363531963348389,3.278272204730712,2.085259758617677,2.085259758617677,,
2014,2,1,2014-10-25,single_regime,15,Dilma Rousseff|Aécio Neves,E,2018+2022,2.0,True,1.0,3.454191458496773,1.0,5.7152972640533335,0.9648837790552361,0.0024662979468829402,-0.03574762110836461,,,1.0385986266923162,5.355469458115355,3.278272204730712,2.077197253384643,2.077197253384643,,
2014,2,1,2014-10-25,single_regime,15,Dilma Rousseff|Aécio Neves,F,2018+2022,2.0,True,1.0,3.568211787761747,1.0,6.468047208884244,0.9446388402899275,0.006129716008888306,-0.05695260412500364,,,0.7566049621268895,4.791482128984466,3.278272204730712,1.5132099242537542,1.5132099242537542,,
2014,2,1,2014-10-25,single_regime,15,Dilma Rousseff|Aécio Neves,B,2018+2022,2.0,True,1.0,3.9280067560582594,1.0,5.728969154007828,0.9258935266183455,0.010983538794131754,-0.07699603300052338,,,0.631449578576941,4.541171361884594,3.278272204730712,1.262899157153882,1.262899157153882,1.5270490304944773,calibrated probabilistic conversion of point baseline
2014,2,1,2014-10-25,single_regime,15,Dilma Rousseff|Aécio Neves,C,2018+2022,2.0,True,1.0,2.3928862655406817,1.0,3.4900071348370645,0.993376655836041,8.773737582850021e-05,-0.006645375844067732,,,0.5830861198568655,4.444444444444443,3.278272204730712,1.166172239713731,1.166172239713731,0.9302567125786395,calibrated probabilistic conversion of point baseline
2014,2,1,2014-10-25,single_regime,15,Dilma Rousseff|Aécio Neves,D,,,,,,,,,,,,,,,,,,,N/A: no qualifying poll in the 14 days to cutoff
2018,1,1,2018-10-06,single_regime,50,Jair Bolsonaro|Fernando Haddad|Ciro Gomes|Geraldo Alckmin|Marina Silva|Others,E0,,6.0,True,0.5,3.0504974209338545,0.5,4.4927829811934785,0.9995003123048094,3.121097409060921e-07,-0.000499812580691192,0.00012496875781054737,1.5617190428711245e-08,2.035210341862311,13.582531426009162,16.753697818592563,-3.1711663925834017,3.1711663925834017,,
2018,1,1,2018-10-06,single_regime,50,Jair Bolsonaro|Fernando Haddad|Ciro Gomes|Geraldo Alckmin|Marina Silva|Others,E,2014+2022,6.0,True,1.0,8.645090127599165,1.0,12.873445851150423,0.9880074953154279,0.0002788388425254202,-0.012064994911397823,0.023369157710572356,0.0005461175321016034,2.1386831703550206,13.634121548803622,16.753697818592563,-3.1195762697889418,3.1195762697889418,,
2018,1,1,2018-10-06,single_regime,50,Jair Bolsonaro|Fernando Haddad|Ciro Gomes|Geraldo Alckmin|Marina Silva|Others,F,2014+2022,6.0,True,1.0,8.213008787882869,1.0,12.354235087564595,0.9677701436602123,0.0020535572512651217,-0.032760674798912606,0.030867283179205198,0.0009527891708652442,1.8938797896012332,10.131037558426337,16.753697818592563,-6.622660260166226,6.622660260166226,,
2018,1,1,2018-10-06,single_regime,50,Jair Bolsonaro|Fernando Haddad|Ciro Gomes|Geraldo Alckmin|Marina Silva|Others,B,2014+2022,6.0,True,0.8333333333333334,9.299122025666064,1.0,13.432152430322473,0.9905059337913803,0.00017334575009919404,-0.009539422158416258,0.010122469382654336,0.00010246438640277444,3.2107235073095404,12.886262519501326,16.753697818592563,-3.8674352990912375,3.8674352990912375,3.8501243300372012,calibrated probabilistic conversion of point baseline
2018,1,1,2018-10-06,single_regime,50,Jair Bolsonaro|Fernando Haddad|Ciro Gomes|Geraldo Alckmin|Marina Silva|Others,C,2014+2022,6.0,True,0.6666666666666666,9.231583009050896,1.0,13.372466006644629,0.9977514053716426,8.614228849005968e-06,-0.0022511265134261987,0.011872031992002,0.00014094514361911897,3.621584666456761,15.555555555555554,16.753697818592563,-1.1981422630370098,1.1981422630370098,3.885149600069844,calibrated probabilistic conversion of point baseline
2018,1,1,2018-10-06,single_regime,50,Jair Bolsonaro|Fernando Haddad|Ciro Gomes|Geraldo Alckmin|Marina Silva|Others,D,,,,,,,,,,,,,,,,,,,N/A: no qualifying poll in the 14 days to cutoff
2018,1,7,2018-09-30,single_regime,38,Jair Bolsonaro|Fernando Haddad|Ciro Gomes|Geraldo Alckmin|Marina Silva|Others,E0,,6.0,True,0.3333333333333333,5.140846543981884,0.5,7.750259813560608,0.9080574640849468,0.01683813325603417,-0.09644761594617975,0.00012496875781054737,1.5617190428711245e-08,4.077019839711157,5.318460172115532,16.753697818592563,-11.435237646477031,11.435237646477031,,
2018,1,7,2018-09-30,single_regime,38,Jair Bolsonaro|Fernando Haddad|Ciro Gomes|Geraldo Alckmin|Marina Silva|Others,E,2014+2022,6.0,True,0.6666666666666666,9.739712312172848,0.8333333333333334,14.38616445150483,0.8011242973141788,0.07895421389114622,-0.22173916628195195,0.001374656335916021,1.8896800418740605e-06,4.110764456657054,5.410915409144347,16.753697818592563,-11.342782409448215,11.342782409448215,,
2018,1,7,2018-09-30,single_regime,38,Jair Bolsonaro|Fernando Haddad|Ciro Gomes|Geraldo Alckmin|Marina Silva|Others,F,2014+2022,6.0,True,0.8333333333333334,9.435587831224806,0.8333333333333334,14.086683803117296,0.5870081199250469,0.3408152228405029,-0.5327166263279993,0.004123969007748063,1.7007120376866547e-05,4.371854313794756,1.5438111811457762,16.753697818592563,-15.209886637446788,15.209886637446788,,
2018,1,7,2018-09-30,single_regime,38,Jair Bolsonaro|Fernando Haddad|Ciro Gomes|Geraldo Alckmin|Marina Silva|Others,B,2014+2022,6.0,True,0.8333333333333334,13.87728359596884,1.0,20.07348577356751,0.8118675827607744,0.07008811248122956,-0.2084180275364663,0.01087228192951762,0.00011820651435491539,4.439076994024824,7.7219936359691665,16.753697818592563,-9.031704182623397,9.031704182623397,5.929764006223007,calibrated probabilistic conversion of point baseline
2018,1,7,2018-09-30,single_regime,38,Jair Bolsonaro|Fernando Haddad|Ciro Gomes|Geraldo Alckmin|Marina Silva|Others,C,2014+2022,6.0,True,0.8333333333333334,16.606814617144206,1.0,23.828348952574544,0.7336664584634603,0.13174021077551076,-0.3097007699082956,0.01237190702324419,0.0001530640833917989,5.723221186697927,6.976744186046513,16.753697818592563,-9.77695363254605,9.77695363254605,7.17199610764317,calibrated probabilistic conversion of point baseline
2018,1,7,2018-09-30,single_regime,38,Jair Bolsonaro|Fernando Haddad|Ciro Gomes|Geraldo Alckmin|Marina Silva|Others,D,,,,,,,,,,,,,,,,,,,N/A: no qualifying poll in the 14 days to cutoff
2018,1,14,2018-09-23,single_regime,29,Jair Bolsonaro|Fernando Haddad|Ciro Gomes|Geraldo Alckmin|Marina Silva|Others,E0,,6.0,True,0.3333333333333333,7.390491381813242,0.6666666666666666,11.071200784698265,0.8580295771714227,0.04027573752795112,-0.15311670786056297,4.166319473377219e-05,1.7358217954242226e-09,4.564813927923196,6.390619441194977,16.753697818592563,-10.363078377397587,10.363078377397587,,
2018,1,14,2018-09-23,single_regime,29,Jair Bolsonaro|Fernando Haddad|Ciro Gomes|Geraldo Alckmin|Marina Silva|Others,E,2014+2022,6.0,True,0.8333333333333334,11.277380393296008,0.8333333333333334,16.50099068669699,0.7903770047906686,0.08776147751971931,-0.23524522610090706,0.002541454878760103,6.45899290077353e-06,4.562357208853748,6.391062728452879,16.753697818592563,-10.362635090139683,10.362635090139683,,
2018,1,14,2018-09-23,single_regime,29,Jair Bolsonaro|Fernando Haddad|Ciro Gomes|Geraldo Alckmin|Marina Silva|Others,F,2014+2022,6.0,True,0.8333333333333334,10.995499419992548,0.8333333333333334,16.282338485434085,0.626327848364924,0.27916837605995876,-0.46788132554241135,0.004791267394383802,2.2956243244485343e-05,4.134086123965768,2.713721781896781,16.753697818592563,-14.039976036695782,14.039976036695782,,
2018,1,14,2018-09-23,single_regime,29,Jair Bolsonaro|Fernando Haddad|Ciro Gomes|Geraldo Alckmin|Marina Silva|Others,B,2014+2022,6.0,True,0.8333333333333334,14.75297941757867,1.0,21.030771648003064,0.8918176139912554,0.0217145982698977,-0.11449363592835464,0.011872031992002,0.00014094514361911897,5.943533191275164,11.173948172138985,16.753697818592563,-5.579749646453578,5.579749646453578,6.127597456521406,calibrated probabilistic conversion of point baseline
2018,1,14,2018-09-23,single_regime,29,Jair Bolsonaro|Fernando Haddad|Ciro Gomes|Geraldo Alckmin|Marina Silva|Others,C,2014+2022,6.0,True,0.6666666666666666,17.256811511097947,1.0,24.591075015235347,0.8833229231730167,0.019909605216290125,-0.12406443382657438,0.022369407648087977,0.0005003903985263369,7.432383417014542,14.457831325301203,16.753697818592563,-2.29586649329136,2.29586649329136,7.228411596514547,calibrated probabilistic conversion of point baseline
2018,1,14,2018-09-23,single_regime,29,Jair Bolsonaro|Fernando Haddad|Ciro Gomes|Geraldo Alckmin|Marina Silva|Others,D,,,,,,,,,,,,,,,,,,,N/A: no qualifying poll in the 14 days to cutoff
2018,1,30,2018-09-07,single_regime,12,Jair Bolsonaro|Marina Silva|Ciro Gomes|Geraldo Alckmin|Fernando Haddad|Others,E0,,6.0,True,0.16666666666666666,6.729711531020114,0.16666666666666666,11.0005658506645,0.9967520299812618,1.5855174838024365e-05,-0.003253256122534049,0.00012496875781054737,1.5617190428711245e-08,11.551395222827722,23.66579196345434,16.753697818592563,6.912094144861776,6.912094144861776,,
2018,1,30,2018-09-07,single_regime,12,Jair Bolsonaro|Marina Silva|Ciro Gomes|Geraldo Alckmin|Fernando Haddad|Others,E,2014+2022,6.0,True,0.16666666666666666,10.983079912075913,0.3333333333333333,16.902208950326454,0.977264209868832,0.0007990009367193589,-0.022998233745734408,0.0018745313671582105,3.51386784646003e-06,11.49769479270647,23.775173942293765,16.753697818592563,7.021476123701202,7.021476123701202,,
2018,1,30,2018-09-07,single_regime,12,Jair Bolsonaro|Marina Silva|Ciro Gomes|Geraldo Alckmin|Fernando Haddad|Others,F,2014+2022,6.0,True,0.16666666666666666,10.822009935250918,0.5,16.79559426832312,0.9530293566520923,0.003944879859207307,-0.04810957134058586,0.003374156460884779,1.1384931822530496e-05,11.828856401852319,24.826308899468554,16.753697818592563,8.07261108087599,8.07261108087599,,
2018,1,30,2018-09-07,single_regime,12,Jair Bolsonaro|Marina Silva|Ciro Gomes|Geraldo Alckmin|Fernando Haddad|Others,B,2022,6.0,True,0.16666666666666666,7.676753600881689,0.16666666666666666,11.341079168171747,0.9995003123048094,3.121097409060921e-07,-0.000499812580691192,0.00012496875781054737,1.5617190428711245e-08,11.19303739772684,23.38914256722476,16.753697818592563,6.635444748632196,6.635444748632196,3.2063112402993554,calibrated probabilistic conversion of point baseline
2018,1,30,2018-09-07,single_regime,12,Jair Bolsonaro|Marina Silva|Ciro Gomes|Geraldo Alckmin|Fernando Haddad|Others,C,,,,,,,,,,,,,,,,,,,N/A: no qualifying poll in the 14 days to cutoff
2018,1,30,2018-09-07,single_regime,12,Jair Bolsonaro|Marina Silva|Ciro Gomes|Geraldo Alckmin|Fernando Haddad|Others,D,,,,,,,,,,,,,,,,,,,N/A: no qualifying poll in the 14 days to cutoff
2018,2,1,2018-10-27,single_regime,25,Jair Bolsonaro|Fernando Haddad,E0,,2.0,True,1.0,2.834571456909181,1.0,4.3889236068725594,0.9998750312421895,3.123438085742055e-08,-0.00012497656705636858,,,0.3216050036531968,10.903672567367554,10.260462560061157,0.6432100073063971,0.6432100073063971,,
2018,2,1,2018-10-27,single_regime,25,Jair Bolsonaro|Fernando Haddad,E,2014+2022,2.0,True,1.0,4.912094918431741,1.0,8.071832533888976,0.9846288427893026,0.0004725449479919462,-0.015490518171492293,,,0.31609157538438737,10.892645710829838,10.260462560061157,0.6321831507686806,0.6321831507686806,,
2018,2,1,2018-10-27,single_regime,25,Jair Bolsonaro|Fernando Haddad,F,2014+2022,2.0,True,1.0,5.273457441109336,1.0,9.251247666963692,0.9746313421644589,0.0012871376007535223,-0.025695990086682278,,,0.2937736424716739,9.672915275118052,10.260462560061157,-0.5875472849431045,0.5875472849431045,,
2018,2,1,2018-10-27,single_regime,25,Jair Bolsonaro|Fernando Haddad,B,2014+2022,2.0,True,0.0,1.1632968822934018,0.0,1.6966600032786516,0.9998750312421895,3.123438085742055e-08,-0.00012497656705636858,,,2.1571832552289223,14.574829070519002,10.260462560061157,4.314366510457845,4.314366510457845,0.4522424442227822,calibrated probabilistic conversion of point baseline
2018,2,1,2018-10-27,single_regime,25,Jair Bolsonaro|Fernando Haddad,C,2014+2022,2.0,True,1.0,2.4680798169397278,1.0,3.599676380156211,0.9998750312421895,3.123438085742055e-08,-0.00012497656705636858,,,0.4790684893328958,9.302325581395365,10.260462560061157,-0.9581369786657916,0.9581369786657916,0.9594889025656491,calibrated probabilistic conversion of point baseline
2018,2,1,2018-10-27,single_regime,25,Jair Bolsonaro|Fernando Haddad,D,,,,,,,,,,,,,,,,,,,N/A: no qualifying poll in the 14 days to cutoff
2018,2,7,2018-10-21,single_regime,15,Jair Bolsonaro|Fernando Haddad,E0,,2.0,True,0.0,2.4735397338867173,0.0,4.597478713989254,0.9999583368052662,3.4716435908469497e-09,-4.166406266875933e-05,,,3.3067050936800513,16.873872747421263,10.260462560061157,6.613410187360106,6.613410187360106,,
2018,2,7,2018-10-21,single_regime,15,Jair Bolsonaro|Fernando Haddad,E,2014+2022,2.0,True,0.0,4.888333030850639,1.0,8.43348324440603,0.9970419131739022,1.7500555341466696e-05,-0.0029624706121474235,,,3.281015048085269,16.822492656231578,10.260462560061157,6.562030096170421,6.562030096170421,,
2018,2,7,2018-10-21,single_regime,15,Jair Bolsonaro|Fernando Haddad,F,2014+2022,2.0,True,0.0,5.299295809126008,1.0,9.663419870557878,0.9940421631530706,7.09916397892597e-05,-0.005975655566141737,,,2.6917527347337824,15.643968029528372,10.260462560061157,5.383505469467215,5.383505469467215,,
2018,2,7,2018-10-21,single_regime,15,Jair Bolsonaro|Fernando Haddad,B,2022,2.0,True,0.0,1.0232795030877426,0.0,1.4924456787342635,0.9998750312421895,3.123438085742055e-08,-0.00012497656705636858,,,3.183789318060647,16.62804119618245,10.260462560061157,6.367578636121294,6.367578636121294,0.39780939040009855,calibrated probabilistic conversion of point baseline
2018,2,7,2018-10-21,single_regime,15,Jair Bolsonaro|Fernando Haddad,C,2022,2.0,True,0.0,3.1517048176183593,0.0,4.596738448788361,0.9998750312421895,3.123438085742055e-08,-0.00012497656705636858,,,3.6932981317341245,17.647058823529406,10.260462560061157,7.386596263468249,7.386596263468249,1.2252544572959252,calibrated probabilistic conversion of point baseline
2018,2,7,2018-10-21,single_regime,15,Jair Bolsonaro|Fernando Haddad,D,,,,,,,,,,,,,,,,,,,N/A: no qualifying poll in the 14 days to cutoff
2022,1,1,2022-10-01,single_regime,73,Lula|Jair Bolsonaro|Ciro Gomes|Simone Tebet|Others,E0,,5.0,True,0.0,1.4745867081383,0.2,2.220713000704989,0.9996251874062969,1.873126405312639e-07,-0.00037488285350000764,0.00012496875781054737,1.5617190428711245e-08,1.87856074059007,4.774791511354234,5.233167305421745,-0.4583757940675106,0.4583757940675106,,
2022,1,1,2022-10-01,single_regime,73,Lula|Jair Bolsonaro|Ciro Gomes|Simone Tebet|Others,E,2014+2018,5.0,True,1.0,8.278741576965967,1.0,11.777537803123504,0.8307096451774113,0.057233939252262916,-0.18547494930116906,0.10934766308422894,0.011956911421982045,2.0654074525756334,4.840844109017573,5.233167305421745,-0.39232319640417135,0.39232319640417135,,
2022,1,1,2022-10-01,single_regime,73,Lula|Jair Bolsonaro|Ciro Gomes|Simone Tebet|Others,F,2014+2018,5.0,True,1.0,8.146750590937113,1.0,11.480578354352236,0.6463018490754623,0.2500280968960797,-0.43648862570010893,0.1688327918020495,0.02850451158767419,1.0863989645045897,2.0546125948293037,5.233167305421745,-3.178554710592441,3.178554710592441,,
2022,1,1,2022-10-01,single_regime,73,Lula|Jair Bolsonaro|Ciro Gomes|Simone Tebet|Others,B,2014+2018,5.0,True,1.0,9.861410794039148,1.0,13.260633355758296,0.842703648175912,0.04940576937917848,-0.17113992706176778,0.19507623094226442,0.03805473587863968,1.881018102789049,6.272585051281773,5.233167305421745,1.0394177458600282,1.0394177458600282,4.402088037448694,calibrated probabilistic conversion of point baseline
2022,1,1,2022-10-01,single_regime,73,Lula|Jair Bolsonaro|Ciro Gomes|Simone Tebet|Others,C,2014+2018,5.0,True,0.8,9.079031827117094,0.8,12.414189697046854,0.9956271864067967,3.615133962254166e-05,-0.004382402305875789,0.5162459385153711,0.26650986903361634,2.9632315480945843,14.736842105263158,5.233167305421745,9.503674799841413,9.503674799841413,3.96006926369963,calibrated probabilistic conversion of point baseline
2022,1,1,2022-10-01,single_regime,73,Lula|Jair Bolsonaro|Ciro Gomes|Simone Tebet|Others,D,,5.0,False,,,,,,,,,,1.4116642387968734,9.210526315789465,5.233167305421745,3.9773590103677208,3.9773590103677208,,point only: no LOEO error history
2022,1,7,2022-09-25,single_regime,57,Lula|Jair Bolsonaro|Ciro Gomes|Simone Tebet|Others,E0,,5.0,True,0.4,2.8037753393310747,0.4,4.257962877250575,0.9958756873854357,3.334305139000756e-05,-0.004132841049199736,0.0007916006999416715,6.266316681481442e-07,2.1400940674360944,4.939481187462403,5.233167305421745,-0.29368611795934196,0.29368611795934196,,
2022,1,7,2022-09-25,single_regime,57,Lula|Jair Bolsonaro|Ciro Gomes|Simone Tebet|Others,E,2014+2018,5.0,True,1.0,8.536194491306102,1.0,12.182460172916647,0.8312364605899016,0.05693415231216951,-0.18484097515687267,0.10536621948170986,0.011102040207867855,2.365129652600686,4.884417688063993,5.233167305421745,-0.34874961735775134,0.34874961735775134,,
2022,1,7,2022-09-25,single_regime,57,Lula|Jair Bolsonaro|Ciro Gomes|Simone Tebet|Others,F,2014+2018,5.0,True,1.0,8.177814290176403,1.0,11.692417003772873,0.661764705882353,0.22874987563173727,-0.4128452154057868,0.14727939338388468,0.021691219715525054,1.404752162257062,2.240207214373625,5.233167305421745,-2.9929600910481198,2.9929600910481198,,
2022,1,7,2022-09-25,single_regime,57,Lula|Jair Bolsonaro|Ciro Gomes|Simone Tebet|Others,B,2014+2018,5.0,True,1.0,13.547917463887234,1.0,18.549232210531905,0.7285107446276862,0.14727724843225562,-0.31675290448146803,0.23981504623844038,0.0575112564023453,2.0734116734513965,5.774540388695598,5.233167305421745,0.5413730832738537,0.5413730832738537,6.883872902938068,calibrated probabilistic conversion of point baseline
2022,1,7,2022-09-25,single_regime,57,Lula|Jair Bolsonaro|Ciro Gomes|Simone Tebet|Others,C,2014+2018,5.0,True,0.8,15.482396455231376,1.0,21.441383335728677,0.9076711644177912,0.017003180069135832,-0.09687311969924069,0.42801799550112474,0.18319940447280084,3.1233218996116765,15.053763440860216,5.233167305421745,9.820596135438471,9.820596135438471,8.18352139305215,calibrated probabilistic conversion of point baseline
2022,1,7,2022-09-25,single_regime,57,Lula|Jair Bolsonaro|Ciro Gomes|Simone Tebet|Others,D,,5.0,False,,,,,,,,,,1.7472758362917382,9.889001009081738,5.233167305421745,4.655833703659994,4.655833703659994,,point only: no LOEO error history
2022,1,14,2022-09-18,single_regime,46,Lula|Jair Bolsonaro|Ciro Gomes|Simone Tebet|Others,E0,,5.0,True,0.4,3.530276490204822,0.4,5.317199171107582,0.9829611731378104,0.0005778143236195057,-0.017185657948915543,0.0028747604366302806,8.264247568014722e-06,2.542878978891309,5.003753093368783,5.233167305421745,-0.22941421205296209,0.22941421205296209,,
2022,1,14,2022-09-18,single_regime,46,Lula|Jair Bolsonaro|Ciro Gomes|Simone Tebet|Others,E,2014+2018,5.0,True,1.0,8.636266257918683,1.0,12.546001545507785,0.8244875854024329,0.061579978574364695,-0.19299319421842287,0.09145071244062995,0.00836323280589879,2.76847452120358,4.935474219635849,5.233167305421745,-0.2976930857858955,0.2976930857858955,,
2022,1,14,2022-09-18,single_regime,46,Lula|Jair Bolsonaro|Ciro Gomes|Simone Tebet|Others,F,2014+2018,5.0,True,1.0,8.43563330083343,1.0,12.142256516201199,0.6535160806532245,0.24004448544805934,-0.42538813925316304,0.12078160153320557,0.014588195268926045,1.6578553092881965,2.2421721960876253,5.233167305421745,-2.9909951093341194,2.9909951093341194,,
2022,1,14,2022-09-18,single_regime,46,Lula|Jair Bolsonaro|Ciro Gomes|Simone Tebet|Others,B,2014+2018,5.0,True,1.0,14.702666243346645,1.0,20.130674901977205,0.7162668665667167,0.1608672800031768,-0.33370246279524124,0.23231692076980756,0.05397115167596504,2.6000357004209897,5.916984772449865,5.233167305421745,0.6838174670281205,0.6838174670281205,7.489252187968951,calibrated probabilistic conversion of point baseline
2022,1,14,2022-09-18,single_regime,46,Lula|Jair Bolsonaro|Ciro Gomes|Simone Tebet|Others,C,2014+2018,5.0,True,1.0,16.699625862533658,1.0,23.10881182258824,0.854447776111944,0.042298253671764825,-0.157299894605528,0.34653836540864785,0.12008883870009754,3.1029218689521008,12.903225806451616,5.233167305421745,7.670058501029871,7.670058501029871,8.730907762366762,calibrated probabilistic conversion of point baseline
2022,1,14,2022-09-18,single_regime,46,Lula|Jair Bolsonaro|Ciro Gomes|Simone Tebet|Others,D,,,,,,,,,,,,,,,,,,,N/A: no qualifying poll in the 14 days to cutoff
2022,1,30,2022-09-02,single_regime,26,Lula|Jair Bolsonaro|Ciro Gomes|Simone Tebet|Others,E0,,5.0,True,0.4,5.842886728437553,0.8,9.069289066402849,0.8701899050474763,0.033636542548316044,-0.13904380948971792,0.021119720069982504,0.00044604257583442177,3.0032444917857894,4.224456834250294,5.233167305421745,-1.008710471171451,1.008710471171451,,
2022,1,30,2022-09-02,single_regime,26,Lula|Jair Bolsonaro|Ciro Gomes|Simone Tebet|Others,E,2014+2018,5.0,True,0.8,9.822762843549807,1.0,13.99839335433262,0.7544977511244377,0.12042011228268928,-0.2817029813957229,0.09985003749062735,0.009970029986879687,3.1940549548144164,4.212431212827297,5.233167305421745,-1.020736092594448,1.020736092594448,,
2022,1,30,2022-09-02,single_regime,26,Lula|Jair Bolsonaro|Ciro Gomes|Simone Tebet|Others,F,2014+2018,5.0,True,1.0,9.424342077369054,1.0,13.848946777390584,0.5955772113943029,0.3269135672044038,-0.5182242404987983,0.13759060234941264,0.018931173854874195,2.233407945107483,1.5548005804286176,5.233167305421745,-3.6783667249931273,3.6783667249931273,,
2022,1,30,2022-09-02,single_regime,26,Lula|Jair Bolsonaro|Ciro Gomes|Simone Tebet|Others,B,2018,5.0,True,1.0,21.106486524904565,1.0,30.112206458115697,0.6328085957021489,0.2653141819894651,-0.45758727902084034,0.3190452386903274,0.101789864330968,2.575065814801421,5.819907945350543,5.233167305421745,0.5867406399287987,0.5867406399287987,12.455329964587248,calibrated probabilistic conversion of point baseline
2022,1,30,2022-09-02,single_regime,26,Lula|Jair Bolsonaro|Ciro Gomes|Simone Tebet|Others,C,,5.0,False,,,,,,,,,,3.88535151891778,13.829787234042556,5.233167305421745,8.596619928620811,8.596619928620811,,point only: no LOEO error history
2022,1,30,2022-09-02,single_regime,26,Lula|Jair Bolsonaro|Ciro Gomes|Simone Tebet|Others,D,,5.0,False,,,,,,,,,,2.187914924225216,8.562691131498475,5.233167305421745,3.3295238260767306,3.3295238260767306,,point only: no LOEO error history
2022,2,1,2022-10-29,single_regime,46,Lula|Jair Bolsonaro,E0,,2.0,True,1.0,0.7784061431884766,1.0,1.2535628509521501,0.996125968507873,3.0016240003982866e-05,-0.003881554989257123,,,0.3463624447403788,2.4975351238250734,1.8048102343443162,0.6927248894807572,0.6927248894807572,,
2022,2,1,2022-10-29,single_regime,46,Lula|Jair Bolsonaro,E,2014+2018,2.0,True,1.0,3.6558367563228202,1.0,7.130542694793299,0.8276680829792552,0.05939657924808975,-0.18914307093220087,,,0.3434119000394489,2.491634034423345,1.8048102343443162,0.6868238000790288,0.6868238000790288,,
2022,2,1,2022-10-29,single_regime,46,Lula|Jair Bolsonaro,F,2014+2018,2.0,True,1.0,4.282026655027472,1.0,8.657077535814423,0.6917020744813797,0.19009522175816956,-0.3685999442744431,,,0.21644747752577587,1.371915279292752,1.8048102343443162,-0.43289495505156417,0.43289495505156417,,
2022,2,1,2022-10-29,single_regime,46,Lula|Jair Bolsonaro,B,2014+2018,2.0,True,1.0,4.088303660129597,1.0,5.962761017397888,0.729442639340165,0.14640257081443211,-0.31547454421338933,,,0.10157699753485616,2.0079642294140285,1.8048102343443162,0.20315399506971232,0.20315399506971232,1.5893659375557672,calibrated probabilistic conversion of point baseline
2022,2,1,2022-10-29,single_regime,46,Lula|Jair Bolsonaro,C,2014+2018,2.0,True,0.0,1.3726177199787486,0.0,2.0019529156548543,0.9998750312421895,3.123438085742055e-08,-0.00012497656705636858,,,1.2252544572959252,4.255319148936167,1.8048102343443162,2.4505089145918504,2.4505089145918504,0.5336178598217257,calibrated probabilistic conversion of point baseline
2022,2,1,2022-10-29,single_regime,46,Lula|Jair Bolsonaro,D,,2.0,False,,,,,,,,,,2.512477655508782,6.82976554536188,1.8048102343443162,5.024955311017564,5.024955311017564,,point only: no LOEO error history
2022,2,7,2022-10-23,single_regime,28,Lula|Jair Bolsonaro,E0,,2.0,True,1.0,1.9357875823974595,1.0,3.550052337646484,0.9218945263684079,0.012200930022430667,-0.08132445853287813,,,0.35457637010200926,2.51396297454834,1.8048102343443162,0.7091527402040239,0.7091527402040239,,
2022,2,7,2022-10-23,single_regime,28,Lula|Jair Bolsonaro,E,2014+2018,2.0,True,1.0,4.287525966491522,1.0,7.606915421420595,0.7961759560109972,0.08308848181606188,-0.22793506730069218,,,0.352165534286641,2.5091413029175063,1.8048102343443162,0.7043310685731901,0.7043310685731901,,
2022,2,7,2022-10-23,single_regime,28,Lula|Jair Bolsonaro,F,2014+2018,2.0,True,1.0,4.96595124914122,1.0,9.528588153848705,0.6732066983254187,0.21358772403874787,-0.3957028667366465,,,0.22718573015815835,1.3504387740281987,1.8048102343443162,-0.4543714603161175,0.4543714603161175,,
2022,2,7,2022-10-23,single_regime,28,Lula|Jair Bolsonaro,B,2018,2.0,True,1.0,8.18961650966687,1.0,11.944495842496146,0.6507123219195201,0.2440037641177059,-0.4296876362542813,,,0.39780939040009855,2.6004290151445133,1.8048102343443162,0.7956187808001971,0.7956187808001971,3.183789318060647,calibrated probabilistic conversion of point baseline
2022,2,7,2022-10-23,single_regime,28,Lula|Jair Bolsonaro,C,2018,2.0,True,1.0,9.500218869129142,1.0,13.855999807948567,0.713696575856036,0.16393930135311713,-0.33729737075231747,,,1.2252544572959252,4.255319148936167,1.8048102343443162,2.4505089145918504,2.4505089145918504,3.6932981317341245,calibrated probabilistic conversion of point baseline
2022,2,7,2022-10-23,single_regime,28,Lula|Jair Bolsonaro,D,,2.0,False,,,,,,,,,,2.050751705638433,5.906313645621182,1.8048102343443162,4.101503411276866,4.101503411276866,,point only: no LOEO error history
2022,2,14,2022-10-16,single_regime,16,Lula|Jair Bolsonaro,E0,,2.0,True,1.0,2.9830936431884822,1.0,5.646445503234858,0.9478880279930018,0.005431315252916338,-0.0535188976345477,,,1.3171772268830182,4.439164688110352,1.8048102343443162,2.6343544537660355,2.6343544537660355,,
2022,2,14,2022-10-16,single_regime,16,Lula|Jair Bolsonaro,E,2014+2018,2.0,True,1.0,5.025926245530059,1.0,8.973601054608963,0.8784053986503374,0.029570494154766737,-0.129647062241275,,,1.3004335254174784,4.405677285179367,1.8048102343443162,2.600867050835051,2.600867050835051,,
2022,2,14,2022-10-16,single_regime,16,Lula|Jair Bolsonaro,F,2014+2018,2.0,True,1.0,5.766577764791634,1.0,10.418920872516466,0.7951762059485129,0.08390557321929201,-0.22919154618438817,,,0.661854944655623,3.128520123655311,1.8048102343443162,1.3237098893109946,1.3237098893109946,,
2022,2,14,2022-10-16,single_regime,16,Lula|Jair Bolsonaro,B,,2.0,False,,,,,,,,,,1.3924735595513553,4.589757353447027,1.8048102343443162,2.7849471191027106,2.7849471191027106,,point only: no LOEO error history
2022,2,14,2022-10-16,single_regime,16,Lula|Jair Bolsonaro,C,,2.0,False,,,,,,,,,,1.785766925838594,5.376344086021504,1.8048102343443162,3.571533851677188,3.571533851677188,,point only: no LOEO error history
2022,2,14,2022-10-16,single_regime,16,Lula|Jair Bolsonaro,D,,2.0,False,,,,,,,,,,1.4541522598770342,4.713114754098385,1.8048102343443162,2.9083045197540685,2.9083045197540685,,point only: no LOEO error history
