date,series,mean,q03,q10,median,q90,q97
2026-08-05,Lula,45.643386645990304,44.503608772608445,44.8715738299337,45.63867578049651,46.44187174054613,46.79032137133997
2026-08-06,Lula,45.55243583025063,44.430620376167134,44.77139522949833,45.54745627334917,46.36145250472551,46.78371074115452
2026-08-07,Lula,45.458833696986666,44.39282385389564,44.73149317909372,45.4441588790154,46.215231163594936,46.60998963960312
2026-08-08,Lula,45.274162476981104,44.296431562097,44.60168534702094,45.27597757294243,45.97422111540165,46.302885270164914
2026-08-09,Lula,45.300755175360045,44.17099027636305,44.56393949404915,45.290179973605134,46.086990776449575,46.44872880986602
2026-08-10,Lula,45.31945978071816,44.22359953155525,44.5675024798388,45.30996754445519,46.10796277430161,46.46635057885315
2026-08-11,Lula,45.17553467451995,44.02996160918857,44.386440799403466,45.15887654173449,45.98326384421596,46.40299305678922
2026-08-12,Lula,45.04389993466319,43.75520150541872,44.16146603297788,45.02675300503023,45.931224448444205,46.40467537019014
2026-08-13,Lula,44.91929385579308,43.58629117808213,44.01676582040344,44.89451457747996,45.84190924014195,46.35508076925136
2026-08-14,Lula,44.79424781324428,43.436020969399934,43.90060613754368,44.76701857176872,45.7238953898618,46.220155536365056
2026-08-15,Lula,44.66765701253004,43.39490674317259,43.787574171896765,44.64509271913784,45.56046024763629,46.03071296594703
2026-08-16,Lula,44.546960946329925,43.23725212868366,43.60271154185533,44.53406171216187,45.466173454994006,45.98836680391613
2026-08-17,Lula,44.42508020614381,43.10239011891543,43.52585385150774,44.40559783376877,45.35750143106145,45.9058822390553
2026-08-18,Lula,44.31009123979084,43.05676449751005,43.422132386292105,44.27693515982461,45.224498650341445,45.68402463166932
2026-08-19,Lula,44.19786004198223,42.96441911511714,43.36184761100806,44.17904868968934,45.07454927379764,45.507946369848
2026-08-20,Lula,44.13467288264225,42.8747926761928,43.24801800363548,44.106812438363605,45.0592561320524,45.53564725461911
2026-08-21,Lula,44.08112255152909,42.90003077229038,43.24565664529948,44.05006199198812,44.97005896422062,45.377689643479016
2026-08-22,Lula,43.84286015730688,42.67899858818153,43.03651877838709,43.82418595695974,44.67569924484857,45.111524391461074
2026-08-23,Lula,43.487607911484645,42.250356051461615,42.619167827932095,43.47613803289815,44.33888948949706,44.7728532409513
2026-08-24,Lula,43.13900629460205,41.80826833168476,42.2487493566932,43.14028429797565,44.03136341402538,44.49481096177878
2026-08-25,Lula,42.79112028613358,41.56590300975448,41.965195024178136,42.80066180614123,43.5906816677793,44.01904999900864
2026-08-26,Lula,42.43978323823647,41.29749932648031,41.704093036340005,42.44684234771977,43.17446638520868,43.52048855797612
2026-08-27,Lula,42.24924973697137,41.22571240958049,41.54725006006267,42.2620165401774,42.94435562939062,43.26178054052164
2026-08-28,Lula,42.192652361600366,41.12842388385305,41.47861885751071,42.19902380499846,42.89531674186393,43.22184702213922
2026-08-29,Lula,42.1347057102037,41.226310813776,41.52639270442826,42.13430114983427,42.75424511370672,43.03797303372041
2026-08-30,Lula,42.05293297092653,41.03268096233257,41.37744817603046,42.0487052645866,42.703754307031765,43.04287891114174
2026-08-31,Lula,41.96647068747958,41.03288183695578,41.34505379147468,41.96477917794353,42.59086089354429,42.88719625497116
2026-09-01,Lula,41.76128412416618,40.75697727940444,41.09458551953497,41.77355843278036,42.42720508705273,42.70646521512033
2026-09-02,Lula,41.59786258960085,40.526022840519246,40.88448396968974,41.62318803909699,42.28592271258503,42.59273530912365
2026-09-03,Lula,41.73520436955399,40.6361835626999,41.00791843783852,41.75315967998685,42.425648914326736,42.74423444190517
2026-09-04,Lula,41.86425468435431,40.93214261680629,41.24059917680859,41.86112255510362,42.48849506798729,42.77584205526614
2026-09-05,Lula,41.85933769147484,41.03314865897777,41.31495066494932,41.865562916372,42.38631417546945,42.62523667708044
2026-09-06,Lula,42.09650289681584,41.25530292130264,41.51880663784904,42.09465697211076,42.66154554905564,42.93534319653122
2026-09-07,Lula,42.44483411337218,41.54301829899509,41.84710427603152,42.43575226770562,43.0561330317593,43.34862352941051
2026-09-08,Lula,42.56282098517034,41.5581913122231,41.881226023092005,42.55876737288243,43.23588818870129,43.57569889961612
2026-09-09,Lula,42.68252075361879,41.69247813764842,42.00447787242211,42.67048434005027,43.35029298070773,43.7285910353841
2026-09-10,Lula,42.825119459218,41.824005720798006,42.14541179838287,42.817073466131085,43.53346545184572,43.89204170828079
2026-09-11,Lula,42.96348909610713,42.10540629948248,42.38963979745283,42.95357742990467,43.55684750249631,43.84664320582769
2026-09-12,Lula,43.15036266249971,42.281394702109125,42.56820333425858,43.146584243473214,43.752139588275824,44.04484550742029
2026-09-13,Lula,43.08593630055327,42.32638097842626,42.57777786053525,43.08730509991248,43.58158454083365,43.81138161904116
2026-09-14,Lula,42.97336932916868,42.207323734930014,42.46030056941475,42.97321658368739,43.49220001633948,43.71949133948621
2026-09-15,Lula,43.01240378004566,42.172116544678175,42.4717516637017,43.011285341294666,43.54144216849884,43.81863167178578
2026-09-16,Lula,42.99244595364219,42.08581616248333,42.38494224248821,43.00092568883999,43.57839891487111,43.84893388660524
2026-09-17,Lula,43.26937459209825,42.283089606612826,42.64006396076573,43.27766054364844,43.88576278365365,44.20084737974432
2026-09-18,Lula,43.48251208591783,42.561511010669534,42.87645878140115,43.50160462534807,44.06456719376664,44.34314809425511
2026-09-19,Lula,43.89304666904792,43.04832052332744,43.329024544592805,43.90808874466144,44.44153554728447,44.71357934791396
2026-09-20,Lula,44.08469562933269,43.185578927674605,43.4874477269816,44.0798076098925,44.69116928368781,44.96915480820172
2026-09-21,Lula,44.19399139418073,43.38315920367537,43.65749080505436,44.18817435781657,44.73875879924298,45.01480455061686
2026-09-22,Lula,44.35785861398169,43.37011405406613,43.71627308844784,44.35623113822791,45.03661327449194,45.36655987730151
2026-09-23,Lula,44.52344143429735,43.51222502461533,43.85722485551821,44.51208607043996,45.20966718425651,45.56642748848116
2026-09-24,Lula,44.60327667830356,43.62500019711642,43.953394096908525,44.60052753767812,45.27550332996908,45.60929311935065
2026-09-25,Lula,44.690529338046105,43.8050126693385,44.10608615230905,44.687455636285854,45.269017777309145,45.56097072531146
2026-09-26,Lula,44.74471276582146,43.86626829897652,44.16839784514647,44.74802354071666,45.332809408106094,45.594427369585134
2026-09-27,Lula,44.89490593723055,43.77610805364253,44.110972214082175,44.88450559558847,45.66886052592094,46.062467006986125
2026-09-28,Lula,44.88962720374402,43.46385006212961,43.913830969403726,44.867376474650825,45.8822451944152,46.359741020818014
2026-09-29,Lula,44.87930897225269,43.21950077055899,43.75104386567364,44.87548294304,46.01987385118989,46.53235161102363
2026-09-30,Lula,44.88084633399555,42.97305396120368,43.64661440793606,44.89220176753831,46.17293744349758,46.79314458358592
2026-10-01,Lula,44.87156020853742,42.761944789652105,43.49663000262613,44.86732251680526,46.257645889912695,47.03921028853707
2026-10-02,Lula,44.87649361278549,42.5119857682681,43.35055140914034,44.876756279075686,46.43556468893755,47.20543275799685
2026-10-03,Lula,44.88201046429078,42.366131697371074,43.25769241929822,44.8675382220728,46.53406811151401,47.38488905461769
2026-10-04,Lula,44.87800295813509,42.22682831531433,43.13582054082375,44.89847664901567,46.58702955483668,47.526515631892266
2026-08-05,Flávio Bolsonaro,38.36681881988744,36.88663426498241,37.37029376585604,38.35987503321428,39.38378246865807,39.81137204794099
2026-08-06,Flávio Bolsonaro,38.35960727255153,36.77879883971215,37.32356330033235,38.36066378363422,39.41104246850629,39.9243670442654
2026-08-07,Flávio Bolsonaro,38.36716366270237,36.89226870124912,37.37458769139931,38.36792603552041,39.33719578158186,39.8358559008738
2026-08-08,Flávio Bolsonaro,38.65924624243253,37.32473994749761,37.78055931857333,38.635143328935776,39.565794811307526,39.98316338051616
2026-08-09,Flávio Bolsonaro,38.724949328154864,37.23751334000995,37.74135414870992,38.72707260859944,39.70366453889348,40.22069218643733
2026-08-10,Flávio Bolsonaro,38.78332611711461,37.35191073655759,37.844588449328775,38.77773278175958,39.73759665129719,40.21182998827206
2026-08-11,Flávio Bolsonaro,38.915079622836345,37.41927383042251,37.90754794217104,38.904411370931385,39.95767790144085,40.52355026956472
2026-08-12,Flávio Bolsonaro,38.924592219099694,37.19714508901687,37.767877936893,38.91724592345699,40.08842066088446,40.73598765814296
2026-08-13,Flávio Bolsonaro,38.9196966184697,37.062222494573234,37.7234740130537,38.905541797777104,40.18665118929761,40.78619136409294
2026-08-14,Flávio Bolsonaro,38.9302818859792,37.119590531095774,37.70677563358077,38.91117924238183,40.169507295392016,40.84035740338318
2026-08-15,Flávio Bolsonaro,38.93284156292052,37.26046446948495,37.78447777353092,38.92630390568191,40.089560650664055,40.696049400854136
2026-08-16,Flávio Bolsonaro,38.81653551327874,37.0557496919944,37.58207501682266,38.78946925235925,40.06621816207805,40.73839827186121
2026-08-17,Flávio Bolsonaro,38.70077664485999,36.83927963152242,37.40591180543473,38.68637429732259,40.00700432811983,40.6772858502317
2026-08-18,Flávio Bolsonaro,38.57830522936664,36.7767467868181,37.36073737330043,38.54935518495749,39.84784681209171,40.50739557825027
2026-08-19,Flávio Bolsonaro,38.453686352976185,36.82946909957848,37.33889804482154,38.47183466784283,39.55890878906003,40.0625561559159
2026-08-20,Flávio Bolsonaro,38.48035346407325,36.82049340764279,37.31693579093746,38.46612666430001,39.64080210285219,40.2346799530152
2026-08-21,Flávio Bolsonaro,38.49996292273006,36.88195519128511,37.39815457169899,38.48201719304626,39.65023380417228,40.194646544486936
2026-08-22,Flávio Bolsonaro,38.447095652186256,36.85003660672631,37.36362412523672,38.42389421271332,39.58555593014368,40.16616903256468
2026-08-23,Flávio Bolsonaro,37.88451813652298,36.21457061001815,36.69846459046863,37.86699595889185,39.06730243137327,39.76057639261991
2026-08-24,Flávio Bolsonaro,37.32664733438025,35.55325301699537,36.15866780559124,37.30472135751317,38.533335696848,39.11687086616485
2026-08-25,Flávio Bolsonaro,36.77622843087606,35.00211433329536,35.60586390275862,36.78910643947306,37.93714958070517,38.487821496420246
2026-08-26,Flávio Bolsonaro,36.21774061312998,34.63947066638464,35.13756867835322,36.23189853720854,37.282405500418136,37.76755681575971
2026-08-27,Flávio Bolsonaro,35.367062828736685,33.553430096348144,34.14640940922549,35.4014396607593,36.55212105946649,37.01613079817357
2026-08-28,Flávio Bolsonaro,35.589696672384825,33.91679972052513,34.45945282664021,35.60880856198911,36.67454246694936,37.14384911066327
2026-08-29,Flávio Bolsonaro,35.816169554512975,34.56326419712902,34.97449475489325,35.81970283337849,36.658469509244725,37.0686254075253
2026-08-30,Flávio Bolsonaro,36.17348609944817,34.82311301839168,35.265503933083814,36.16814657788102,37.09257578763381,37.51660732245123
2026-08-31,Flávio Bolsonaro,36.49293441882369,35.22177421301946,35.65682771377069,36.49771559101117,37.29784877747453,37.697007699937664
2026-09-01,Flávio Bolsonaro,36.59368892978277,35.28224808755786,35.69482484934546,36.61200097108098,37.462006004252345,37.88505625893202
2026-09-02,Flávio Bolsonaro,36.606853563769015,35.19243015445131,35.654832945158695,36.62858477183513,37.54216062994675,37.98193157681215
2026-09-03,Flávio Bolsonaro,36.95993478250716,35.46783372517208,35.97332789653968,36.9653702430715,37.93544983422545,38.37956027125043
2026-09-04,Flávio Bolsonaro,37.29296146291691,36.05529789040816,36.458443462642975,37.309059337236405,38.1128730654626,38.52560884511146
2026-09-05,Flávio Bolsonaro,37.72086904742144,36.69761393368986,37.06372532519439,37.715651490857184,38.39736033485784,38.727594029853066
2026-09-06,Flávio Bolsonaro,37.712064632828685,36.55723159063197,36.93640287535518,37.72580808762476,38.47964406497351,38.8399892988033
2026-09-07,Flávio Bolsonaro,38.08267771865154,36.905863384689816,37.27238146051286,38.09453186701733,38.88332474219701,39.252649833232674
2026-09-08,Flávio Bolsonaro,38.463198723504654,37.01433031045698,37.51640705827061,38.46570633323883,39.41804537783041,39.8820309240827
2026-09-09,Flávio Bolsonaro,38.84450087809305,37.50874482587186,37.95369557003406,38.84683134754043,39.72117163425276,40.21233566417301
2026-09-10,Flávio Bolsonaro,39.19421867655751,37.84087581027187,38.25012110384199,39.19779954384336,40.118785597953305,40.592391403261
2026-09-11,Flávio Bolsonaro,39.5403056835736,38.43373733377507,38.78358301118788,39.54659667030053,40.28934700191752,40.69248115997092
2026-09-12,Flávio Bolsonaro,40.00082603488982,38.88555855749879,39.23388648052927,40.00146128283082,40.78626650249179,41.15689566581413
2026-09-13,Flávio Bolsonaro,40.515070107626975,39.50821522244999,39.8216187240762,40.51370994105244,41.200842436260274,41.54361434436782
2026-09-14,Flávio Bolsonaro,40.654073864960864,39.58007877591604,39.944297705556565,40.652264546234974,41.35948860736957,41.69055423137658
2026-09-15,Flávio Bolsonaro,40.6370369446778,39.55457302144333,39.898936977403245,40.63874839822989,41.38189785969601,41.7123123464545
2026-09-16,Flávio Bolsonaro,40.67185942763486,39.49179505406978,39.89296784885281,40.67892094218734,41.436687684579766,41.822260969915526
2026-09-17,Flávio Bolsonaro,40.8301578849065,39.4716123600378,39.99665282738966,40.83272429560303,41.658539823819694,42.09588410797208
2026-09-18,Flávio Bolsonaro,41.07313512685999,39.8795853706496,40.266576013753145,41.074129978680375,41.87464084002346,42.25621388373006
2026-09-19,Flávio Bolsonaro,41.484691967391626,40.38941206615754,40.72269072045193,41.48271388878996,42.23262890071354,42.60028015875759
2026-09-20,Flávio Bolsonaro,41.45222377745087,40.25322309254028,40.63630547269016,41.448822278101005,42.27320194051556,42.66886801346419
2026-09-21,Flávio Bolsonaro,41.68052923483294,40.65007310241574,41.00048145987165,41.67564311227304,42.38574062219136,42.71418037315452
2026-09-22,Flávio Bolsonaro,41.625335596502914,40.27037427111264,40.7291383794401,41.59003129415318,42.55760683443347,43.06092966707485
2026-09-23,Flávio Bolsonaro,41.55480372806167,40.2099871944782,40.67436953221587,41.55620085616896,42.44875866344653,42.890792384943694
2026-09-24,Flávio Bolsonaro,41.56087691811176,40.17634800274048,40.62283131925277,41.55917532270996,42.48362009915191,42.981524947361
2026-09-25,Flávio Bolsonaro,41.56122563706111,40.41589093872621,40.802134760485046,41.5733554796784,42.30799892774763,42.71652933079124
2026-09-26,Flávio Bolsonaro,41.20987530852984,40.11437618468377,40.48532170985968,41.20146465739244,41.96328883864378,42.30730038246149
2026-09-27,Flávio Bolsonaro,41.06815592780631,39.490598658929024,40.01314314073005,41.07631506145645,42.11158800050718,42.5943868061794
2026-09-28,Flávio Bolsonaro,41.07408529041456,39.06635950335525,39.7460257477855,41.07975278261589,42.37943849993918,42.99919338620628
2026-09-29,Flávio Bolsonaro,41.06278724470291,38.62692547240039,39.480325914611576,41.07172491457037,42.605024575430924,43.32343542926002
2026-09-30,Flávio Bolsonaro,41.06489821619287,38.21624120804709,39.238418227161326,41.11024392398892,42.810830404920274,43.72564855250276
2026-10-01,Flávio Bolsonaro,41.055669362119644,37.97291501460391,39.11861220911516,41.0766794559828,43.014214277795645,44.01313259659358
2026-10-02,Flávio Bolsonaro,41.048535018421376,37.61935356694135,38.87473749276159,41.08482363243019,43.17784735571916,44.22168553717596
2026-10-03,Flávio Bolsonaro,41.039760018529584,37.34579572946398,38.68489663630466,41.0682976943626,43.3028335541304,44.58029067355501
2026-10-04,Flávio Bolsonaro,41.03472173456419,37.00061911996508,38.558812263138776,41.07733145487365,43.481866551285215,44.737039395202345
2026-08-05,Augusto Cury,1.0286288334570373,-0.6365380059392355,-0.0831797872050088,1.0224570295922106,2.137195763158028,2.6558871620764237
2026-08-06,Augusto Cury,0.9968333075014224,-0.718745673511298,-0.1750837562237165,0.9797362005740868,2.190657728966804,2.724377998983876
2026-08-07,Augusto Cury,0.9628180743809396,-0.4357082978027505,0.0225303822610317,0.969663802628448,1.914839289926041,2.353758887043348
2026-08-08,Augusto Cury,0.7804761937429414,-0.37371580105584,0.0293719334257889,0.7719145067157045,1.5613568783538063,1.9508081105534825
2026-08-09,Augusto Cury,1.0050983934322293,-0.609064008817756,-0.0896786972385109,1.013619643779589,2.1028101206732,2.615442606819504
2026-08-10,Augusto Cury,1.2206244425064907,-0.1789407730927265,0.2848742694371771,1.2123927556902605,2.157319696916134,2.61314236403172
2026-08-11,Augusto Cury,1.1158397479318336,-0.3598277022659069,0.132234294202116,1.110734424724979,2.120939849751033,2.546157458599489
2026-08-12,Augusto Cury,1.0402286018019076,-0.9884377468640034,-0.3282392122291235,1.0492352436886008,2.38152869691992,3.081498162462303
2026-08-13,Augusto Cury,0.9528362749228936,-1.1991422458171277,-0.4902879791008102,0.978031804223766,2.33100074462357,3.10964505094883
2026-08-14,Augusto Cury,0.8630009909573668,-1.2469260301674148,-0.5835978289377831,0.8766840399912652,2.230646932758912,2.944116925523683
2026-08-15,Augusto Cury,0.7778160045180091,-0.8222375523452198,-0.3086373213833347,0.7657588324331273,1.8818867142214668,2.462374911667786
2026-08-16,Augusto Cury,1.074553446929517,-1.0811608415591494,-0.3073410513776395,1.0803772365902793,2.476219425806623,3.137498338471608
2026-08-17,Augusto Cury,1.3774267152752664,-0.810829184002456,-0.0357098320392378,1.3797760465157536,2.769034771457509,3.4436332703050945
2026-08-18,Augusto Cury,1.6848336278083251,-0.364504036283089,0.3377649223273975,1.6823231282471145,3.00780922114746,3.6908569450872593
2026-08-19,Augusto Cury,1.9893773358354077,0.3893155371959315,0.9004992058497159,2.000675724385359,3.047433588779304,3.5376572464007032
2026-08-20,Augusto Cury,1.9327919007957104,0.1011809940527838,0.6957267247226514,1.9395570076204425,3.179053018836324,3.749703732717826
2026-08-21,Augusto Cury,1.8765199298965225,0.3054111941556961,0.8062082662144796,1.8678975331881096,2.9823827173030124,3.510835754999232
2026-08-22,Augusto Cury,2.2105370703586886,0.6189703962555668,1.1263595784679217,2.211032325533248,3.3023390980493907,3.8492516238002064
2026-08-23,Augusto Cury,3.2334417895255845,1.1549900937434734,1.838442659474,3.24275999772526,4.597250536227616,5.267046178123891
2026-08-24,Augusto Cury,4.268236078858712,2.036700325172515,2.8336151142844392,4.266808687328903,5.728532579424125,6.411083265613351
2026-08-25,Augusto Cury,5.281273994283409,3.1765726113803727,3.939965293531656,5.308968551040724,6.60672937662312,7.248987776308115
2026-08-26,Augusto Cury,6.289893708947986,4.671952405856908,5.208569892703393,6.321776008825589,7.345256357336754,7.904876735688173
2026-08-27,Augusto Cury,8.35681009508868,6.780297690856654,7.31790781855172,8.36665110014967,9.385836831193108,9.862522205333804
2026-08-28,Augusto Cury,9.232911135931916,7.536630213458615,8.069803349380923,9.204972221933565,10.417023044005004,11.028880438630388
2026-08-29,Augusto Cury,10.113100133397891,8.821714070260866,9.255117050563609,10.132416206719023,10.942975934345702,11.307777435752154
2026-08-30,Augusto Cury,9.91132108885665,8.272948103669387,8.865730134882414,9.899044540836234,11.00727891739359,11.543383236163107
2026-08-31,Augusto Cury,9.73683801355948,8.530525002887137,8.917013003158193,9.725597259556125,10.55338358727893,10.966956531923918
2026-09-01,Augusto Cury,9.581583300351568,8.196960692025806,8.621650847462956,9.575811122031345,10.53478493096165,10.99035147845829
2026-09-02,Augusto Cury,10.15849233708852,8.522287813980157,9.05748927161138,10.13692436290663,11.31145627095353,11.913426648957175
2026-09-03,Augusto Cury,9.34066420037228,7.664142907197172,8.143871523821769,9.320280911125854,10.53144841211119,11.131800962312164
2026-09-04,Augusto Cury,8.50674457526867,7.188899331767376,7.590244299071506,8.508629635298234,9.399629701179702,9.84167196128656
2026-09-05,Augusto Cury,7.75358925084723,6.768591039142783,7.1030809955650485,7.763069831755108,8.396684577380372,8.677917890216525
2026-09-06,Augusto Cury,7.964870520612254,6.710504286442617,7.1348299870488505,7.973251204379267,8.784848328312025,9.16962160734752
2026-09-07,Augusto Cury,7.699474358484706,6.51735383053622,6.897683726493014,7.689510265375782,8.504806227785867,8.916797410070622
2026-09-08,Augusto Cury,7.31972789229472,5.713871489334205,6.238652468614548,7.318607732517062,8.400547422742848,8.957532080082325
2026-09-09,Augusto Cury,6.931991598000766,5.4454385762124655,5.917276613468986,6.932623316893272,7.940777782634857,8.447750100087971
2026-09-10,Augusto Cury,6.859953378677282,5.255869380548992,5.788242593494273,6.855152177128339,7.932587225125699,8.474568447118077
2026-09-11,Augusto Cury,6.784893263398624,5.686835608743818,6.044761378683637,6.78266244324916,7.519877103453004,7.910484269441856
2026-09-12,Augusto Cury,6.200897277543467,4.954008285857985,5.374338106934601,6.193008349096914,7.045126583554178,7.438789168736166
2026-09-13,Augusto Cury,6.066116668606162,5.013430481325031,5.390122521614472,6.063216133279578,6.7560238207805625,7.062924664085034
2026-09-14,Augusto Cury,6.0170261670415455,4.963554864345157,5.297328943632719,6.009801632058315,6.737511713087927,7.113107543061682
2026-09-15,Augusto Cury,6.367250870512391,5.272839197643286,5.6115324799404815,6.363664696187787,7.116692859681094,7.48843631735812
2026-09-16,Augusto Cury,5.71395047932721,4.473485107083739,4.873201701235878,5.710465325011448,6.54435429416606,7.001340071489278
2026-09-17,Augusto Cury,5.606220491654708,4.185935626609278,4.655598612207303,5.613167293146723,6.540698225116888,7.008653899911833
2026-09-18,Augusto Cury,5.4437135475172855,4.123814050846243,4.580639294456444,5.452040869901625,6.299890805793066,6.704509307647718
2026-09-19,Augusto Cury,5.046981991679382,3.937667755141118,4.315964418660472,5.052041303913607,5.783545890804025,6.139595733943156
2026-09-20,Augusto Cury,5.321560319804849,4.021680981376771,4.450432583814151,5.328018002665731,6.197903009448698,6.644842608038708
2026-09-21,Augusto Cury,5.188650364807241,4.209341871959644,4.556797198790114,5.19567187292134,5.798602874798088,6.115101545585751
2026-09-22,Augusto Cury,5.142526454094496,3.5179782232059797,4.085340606859381,5.136853421964611,6.183068365406774,6.758124692573318
2026-09-23,Augusto Cury,5.092036145639668,3.6444650997903327,4.130690305507075,5.073820232092368,6.073697932933522,6.607525892922232
2026-09-24,Augusto Cury,4.5913874017531455,2.91799430761142,3.5170926411111143,4.597444066542294,5.675202107256025,6.176181779595259
2026-09-25,Augusto Cury,4.083263937685365,2.911744512866269,3.3280372422463893,4.069548503809386,4.840080546242719,5.224790815633655
2026-09-26,Augusto Cury,4.4576526296454535,3.413468096510884,3.760315725688112,4.462056682856895,5.144560719161988,5.477912973217568
2026-09-27,Augusto Cury,4.612653598350605,2.9291789932183945,3.49965858328548,4.649094634849252,5.7066711480380885,6.222363650026925
2026-09-28,Augusto Cury,4.616412974139427,2.233031856640726,2.9721184506195764,4.611064362184816,6.221651514630107,7.038017657522064
2026-09-29,Augusto Cury,4.617359149660482,1.6848411328399493,2.6361078867304344,4.609923378308594,6.6027379021536445,7.547924273746164
2026-09-30,Augusto Cury,4.6279525975456846,1.2302078029140473,2.3168011177379,4.649744614523181,6.86490833860221,8.118673575582328
2026-10-01,Augusto Cury,4.623547215253777,0.7999183695349489,2.0226570538353488,4.623694987019087,7.150416661170218,8.432293765075837
2026-10-02,Augusto Cury,4.629952758932896,0.3422388671391776,1.8156411360287736,4.606552473982843,7.418306025707396,8.87387072157942
2026-10-03,Augusto Cury,4.62816354342619,0.117687652715927,1.604288904670483,4.63070651072195,7.614814445581099,9.234284835874693
2026-10-04,Augusto Cury,4.628676464148866,-0.1978890589299529,1.4250552753566723,4.615244541931975,7.840520029514932,9.533271277711544
2026-08-05,Renan Santos,5.144526276341849,4.4727272884802,4.680929406647223,5.138876009682685,5.616910383752547,5.860609105643824
2026-08-06,Renan Santos,5.161796225501528,4.479987681654023,4.703763947274838,5.153815679522921,5.6212184571350114,5.872969183647054
2026-08-07,Renan Santos,5.177066960412757,4.524505470503665,4.7369021490698895,5.174298464333207,5.628666409498181,5.868006396277701
2026-08-08,Renan Santos,5.228464322763226,4.586063675525461,4.798384286441886,5.2152383715956905,5.684260494600626,5.914690369447213
2026-08-09,Renan Santos,5.217019994329488,4.565914346500378,4.776152635512483,5.203917917070272,5.676797245652535,5.93554976155698
2026-08-10,Renan Santos,5.207520747001072,4.576378485690789,4.785678477217307,5.191564903453505,5.660100249141873,5.889424401400268
2026-08-11,Renan Santos,5.1956212850465535,4.561594732296246,4.7468803584624695,5.181832490812894,5.653952655862333,5.912918724914442
2026-08-12,Renan Santos,5.176926038308375,4.534992622846822,4.716947796006024,5.158264557820381,5.648520725418627,5.924821689364811
2026-08-13,Renan Santos,5.159374860037029,4.490062294801927,4.693826185193887,5.138867615236069,5.645650254065423,5.928107184052905
2026-08-14,Renan Santos,5.14213509902032,4.475860169548819,4.681011686131339,5.122560206617694,5.637818046946645,5.945899284133248
2026-08-15,Renan Santos,5.126850106817534,4.463478571237568,4.659678751541286,5.112179981968292,5.616892017879822,5.8826285787780295
2026-08-16,Renan Santos,5.100895748912446,4.417028398728276,4.634934799142178,5.082126967169276,5.602774667442111,5.897872806417972
2026-08-17,Renan Santos,5.076415933911105,4.404390259103556,4.613092873736254,5.064314674232289,5.565793803684486,5.840649874859574
2026-08-18,Renan Santos,5.051796069080865,4.394269473996606,4.60650062134543,5.03627059943613,5.541560612709152,5.81498416517459
2026-08-19,Renan Santos,5.025395368058736,4.379516970391743,4.581173482125051,5.012499871978344,5.47854591992507,5.743760451017062
2026-08-20,Renan Santos,4.979990954607913,4.310769790641363,4.540644684139108,4.974768134951045,5.4309628845907305,5.696362310512283
2026-08-21,Renan Santos,4.943171844086941,4.307182320687565,4.521988672045359,4.938849209681811,5.371347874455645,5.630211312139234
2026-08-22,Renan Santos,4.891461042768836,4.256727529966775,4.478847048558783,4.883863124322378,5.311616631637114,5.535933892591905
2026-08-23,Renan Santos,4.87689236578889,4.235739649508682,4.456585769641834,4.868161665866526,5.309670875729313,5.533380372169947
2026-08-24,Renan Santos,4.862042739442159,4.243135315668573,4.440986331913171,4.85536541201175,5.292097602024874,5.525351572228257
2026-08-25,Renan Santos,4.843603890669636,4.222840819656578,4.4372006954239165,4.838596110248204,5.274987778898096,5.4817103232929565
2026-08-26,Renan Santos,4.830394548358974,4.256890038887377,4.438455431669951,4.822773158575802,5.228603633437282,5.447224598508
2026-08-27,Renan Santos,4.828260407212166,4.286154760425315,4.450532365583225,4.815061599057314,5.22358565250453,5.435834309372987
2026-08-28,Renan Santos,4.745383438637953,4.188992047060651,4.3727878002379175,4.740759592083833,5.120096107041484,5.313185951318338
2026-08-29,Renan Santos,4.661609421266279,4.123321681259517,4.306726839576404,4.668886690749389,5.010174545345476,5.1487839427143065
2026-08-30,Renan Santos,4.6269607594046125,4.068596179028713,4.280332279869242,4.634545355491334,4.977464755233312,5.143179046014474
2026-08-31,Renan Santos,4.588056813213981,4.028710688194056,4.233199286432822,4.600746324071562,4.926301002314089,5.083987354953385
2026-09-01,Renan Santos,4.593887067906306,4.022970852195875,4.2337468526696735,4.603104831250565,4.936579857515431,5.121580282603819
2026-09-02,Renan Santos,4.629453795164549,4.084157790225498,4.280443331598035,4.628978677067045,4.980223189411964,5.1557991096945015
2026-09-03,Renan Santos,4.658942251247603,4.125713775869708,4.316203971828116,4.647770439345151,5.0189995974188255,5.223624590817408
2026-09-04,Renan Santos,4.68771710122932,4.2056398643955415,4.363968988622173,4.67711093982011,5.026483907679209,5.219015104769741
2026-09-05,Renan Santos,4.752766247048527,4.2775796310306,4.414338205919282,4.732124149888765,5.117527155211076,5.311608023101155
2026-09-06,Renan Santos,4.705195639202246,4.209579329348344,4.3630970350114815,4.686406362343858,5.080898315135469,5.303169597340961
2026-09-07,Renan Santos,4.642374296206866,4.171423429983357,4.305007042713932,4.6270754559665335,5.010063274491402,5.1873756013634384
2026-09-08,Renan Santos,4.557896772008016,4.060906075621888,4.224573524067736,4.544046228122425,4.919026022764507,5.11366751652131
2026-09-09,Renan Santos,4.47094315411896,3.9897613672730254,4.140591776759576,4.4621836330070925,4.805451696714424,4.998881192686716
2026-09-10,Renan Santos,4.407227210719651,3.905977590280559,4.090370668896984,4.402527060036654,4.735620091197615,4.917721781059768
2026-09-11,Renan Santos,4.343125347995137,3.88702563758504,4.04569844553671,4.339307467371879,4.649169112249432,4.813238039297391
2026-09-12,Renan Santos,4.236774018130195,3.735685499961635,3.915868378208584,4.240889191557185,4.543065195464721,4.702825443244951
2026-09-13,Renan Santos,4.203604360243988,3.738165386995557,3.909456574046461,4.211565629739152,4.4949339784556175,4.637194380286621
2026-09-14,Renan Santos,4.166712774239816,3.7050341214727776,3.857984852730328,4.180380743727284,4.458324306662113,4.608568080203879
2026-09-15,Renan Santos,4.1327426453844565,3.656739603482445,3.833654895548226,4.141577873571219,4.43729217636894,4.575657066510072
2026-09-16,Renan Santos,4.174645356872516,3.685637257983698,3.8589040893733286,4.17453692104604,4.486473657057475,4.6735837557727145
2026-09-17,Renan Santos,4.115613422708699,3.627416829860326,3.787459399352876,4.116178332681992,4.435898231678598,4.621674587639929
2026-09-18,Renan Santos,4.0504658334227175,3.5173492939308955,3.7080279941876455,4.056975667829712,4.375220827020546,4.537133989166999
2026-09-19,Renan Santos,3.9891871180805167,3.466059792316098,3.647310950550354,3.9966581757961896,4.3215302283575685,4.476390637855
2026-09-20,Renan Santos,3.963402713230799,3.4144137359220395,3.605310526723944,3.972562265478184,4.295353140041867,4.456320747009102
2026-09-21,Renan Santos,3.939823950736645,3.4337889811960607,3.6000623490069064,3.942986208095527,4.269539454983785,4.431143816679398
2026-09-22,Renan Santos,3.9574175083305128,3.4173214109062098,3.602436854490725,3.9576527230372114,4.307741821277002,4.47100825808794
2026-09-23,Renan Santos,3.9735665534115383,3.4220043917564023,3.604087119188207,3.9696683095329135,4.34270934970671,4.518629375212592
2026-09-24,Renan Santos,3.974985303694284,3.4067914602857257,3.590277727770304,3.9779939558876114,4.347312541092562,4.5388321439011055
2026-09-25,Renan Santos,3.971528870803731,3.404004045755989,3.605718887637193,3.972149058451596,4.33198903991959,4.513431933484084
2026-09-26,Renan Santos,3.973237577416464,3.418289267453381,3.604188686735279,3.979370706663147,4.334916203542681,4.5070819433396965
2026-09-27,Renan Santos,3.975621466373702,3.339657677420334,3.5537102135142544,3.9786100308275616,4.38685941377163,4.597150941215923
2026-09-28,Renan Santos,3.97803714930401,3.2286128395795832,3.500101001713756,3.978068791389382,4.449584830786428,4.720861523355709
2026-09-29,Renan Santos,3.9810673309657023,3.1824884083925298,3.4761259306979304,3.983206369846319,4.475796990187358,4.780590019000291
2026-09-30,Renan Santos,3.9823643240414,3.111229760579943,3.431459692341997,3.983431987645665,4.530252003909376,4.8547978925356015
2026-10-01,Renan Santos,3.9809316452003167,3.032753213354185,3.3735134316052884,3.9813407705698847,4.566282614056819,4.9042969507525465
2026-10-02,Renan Santos,3.977967694808277,2.9771383855587987,3.341527648219624,3.978848424370935,4.604972411586019,4.994251273514153
2026-10-03,Renan Santos,3.979397236919165,2.898757976425514,3.3120786234829644,3.989513477012966,4.637041842822144,5.0745399273346
2026-10-04,Renan Santos,3.980129109498608,2.8485128649206417,3.2725622783110926,3.984701669586496,4.65633217039363,5.134285013939372
2026-08-05,Ronaldo Caiado,4.61945621151276,3.83759870859662,4.068883325602642,4.6131349734148674,5.167317956047548,5.429799602425152
2026-08-06,Ronaldo Caiado,4.60025002217436,3.831817278236335,4.075712642812922,4.597938380377228,5.134244117113894,5.399085480488718
2026-08-07,Ronaldo Caiado,4.589056164101985,3.8621588512289775,4.0760226133100055,4.591229668627307,5.0968157195546,5.346748481180823
2026-08-08,Ronaldo Caiado,4.569223826730933,3.842905285548568,4.08012071526751,4.575548236195534,5.043597313260961,5.26545604728046
2026-08-09,Ronaldo Caiado,4.583264925920672,3.846185925311666,4.06595215064592,4.579352462153517,5.080484257135424,5.334979347416343
2026-08-10,Ronaldo Caiado,4.593996304813039,3.8560466901772736,4.088085378274099,4.589141995241577,5.09943634535236,5.354230862565281
2026-08-11,Ronaldo Caiado,4.57205163712478,3.843683626493379,4.073208308503267,4.564470299093813,5.07915076079054,5.338507588679415
2026-08-12,Ronaldo Caiado,4.544372781323204,3.793109732375137,4.027322865118163,4.531154045166659,5.071577692339639,5.351409562927411
2026-08-13,Ronaldo Caiado,4.518211258022387,3.770332815466749,3.9976772624885455,4.506141250103519,5.042560632229926,5.346042063023847
2026-08-14,Ronaldo Caiado,4.4902555986036825,3.751975170276528,3.9861100009552906,4.479313447098932,5.004219976519466,5.283635306631264
2026-08-15,Ronaldo Caiado,4.463014394496994,3.754278722480088,3.957328840156901,4.455100351984333,4.966891576137503,5.248027697053683
2026-08-16,Ronaldo Caiado,4.450278086378825,3.739713946038671,3.9571029669328017,4.434673835888386,4.968332040532792,5.240845676704013
2026-08-17,Ronaldo Caiado,4.439126451317196,3.7190738253147178,3.937851505789763,4.418758286514416,4.963818105183656,5.27454465110787
2026-08-18,Ronaldo Caiado,4.427921777908863,3.708337579551477,3.927003099219752,4.40328696403439,4.945633181029407,5.271335086349716
2026-08-19,Ronaldo Caiado,4.418328539251083,3.707956974768954,3.9245509516710455,4.392184770772373,4.9345704081700985,5.242548645303557
2026-08-20,Ronaldo Caiado,4.393118687674465,3.706397413080981,3.908484266689345,4.372914840100012,4.907648433844685,5.19492678035525
2026-08-21,Ronaldo Caiado,4.369355778924277,3.687122079995712,3.881824336962619,4.350603030935128,4.868580473571023,5.164743038331928
2026-08-22,Ronaldo Caiado,4.316998647802117,3.655489539848591,3.849097051834435,4.294125143593158,4.8198771642308,5.1128146143942494
2026-08-23,Ronaldo Caiado,4.274091819168904,3.6008506579556854,3.815220487139146,4.240967207881312,4.7769459300581465,5.099999543724642
2026-08-24,Ronaldo Caiado,4.231368888396417,3.577920190746376,3.77966794717054,4.197556734125292,4.732300278038115,5.038538123772361
2026-08-25,Ronaldo Caiado,4.192692652384919,3.5657736745428967,3.7481582529365087,4.160033107557345,4.68088935888249,4.986911361783442
2026-08-26,Ronaldo Caiado,4.15073686586053,3.5642446483861443,3.7166867292381354,4.119656994229189,4.627711235942511,4.907379980487371
2026-08-27,Ronaldo Caiado,4.0823654869894,3.5016003862048177,3.677924683632582,4.057872360885472,4.531627577946136,4.778250187756071
2026-08-28,Ronaldo Caiado,3.9489911561051376,3.3947776249120287,3.5691498125752825,3.937414380813837,4.338404844158991,4.558770155639492
2026-08-29,Ronaldo Caiado,3.815195771262205,3.2479912671151774,3.4518260100917963,3.824922683491978,4.166502232743805,4.348318001540309
2026-08-30,Ronaldo Caiado,3.672252557510744,2.986398787970395,3.253339492951737,3.701914018699746,4.050921145981275,4.2152862349131714
2026-08-31,Ronaldo Caiado,3.529814170473375,2.737492444839305,3.036513791173264,3.5730089922543797,3.955831508996427,4.109503993569311
2026-09-01,Ronaldo Caiado,3.5563839928502965,2.8305477373353667,3.10823916779882,3.589717160674458,3.96246761858145,4.10008798220309
2026-09-02,Ronaldo Caiado,3.574448718245737,2.8779780579036056,3.138904722709584,3.601018265261774,3.962513136765717,4.131716370803755
2026-09-03,Ronaldo Caiado,3.599468480570935,2.9080332697734264,3.192089630284325,3.618646137427739,3.968880338725999,4.137680792408028
2026-09-04,Ronaldo Caiado,3.6251106444478047,3.056726758950011,3.261788905561501,3.6453479949129504,3.9747231523576474,4.123409234319843
2026-09-05,Ronaldo Caiado,3.649170851203349,3.143064412508378,3.312662420663507,3.6592138992576544,3.966968859685623,4.11736889751615
2026-09-06,Ronaldo Caiado,3.603625754942392,3.038967597355776,3.2459131301783453,3.618542671850717,3.9437987201816114,4.093642596306159
2026-09-07,Ronaldo Caiado,3.605445862095888,3.012309336163092,3.2416237527608738,3.62314650776012,3.9472259669175034,4.096705483919358
2026-09-08,Ronaldo Caiado,3.6329757176228776,3.017828747879168,3.2483202078301376,3.6482188317574176,3.9794201217033582,4.169931385898721
2026-09-09,Ronaldo Caiado,3.6587167550730304,3.0798740444672434,3.287371974392276,3.672850566513728,4.005230861145423,4.175558526464813
2026-09-10,Ronaldo Caiado,3.693816546619809,3.144966280819041,3.353007376782733,3.6990065600753512,4.0432119401501785,4.214339979930251
2026-09-11,Ronaldo Caiado,3.725015456657176,3.226430541766962,3.405011725552657,3.725008737030179,4.0412060656132,4.222337585185402
2026-09-12,Ronaldo Caiado,3.7163392204791337,3.228619698498473,3.406056496922219,3.7161908488425466,4.031979174349673,4.196855525619656
2026-09-13,Ronaldo Caiado,3.6855234007899735,3.2114640215811527,3.378363205253779,3.689985752648236,3.988671033704204,4.126929774703185
2026-09-14,Ronaldo Caiado,3.67621513293675,3.1828528653170447,3.361056193008328,3.6848136778405314,3.986247098357509,4.138676859266436
2026-09-15,Ronaldo Caiado,3.664465444581359,3.1473003999611664,3.325906481162281,3.674521927842215,3.991996179537929,4.137500186321398
2026-09-16,Ronaldo Caiado,3.6864445439882334,3.1671765796360205,3.3470737286188226,3.6890367471022816,4.017726418602488,4.190723062964412
2026-09-17,Ronaldo Caiado,3.722186410600221,3.205653452699646,3.387935009426947,3.723055070411359,4.059692617102429,4.235710905083624
2026-09-18,Ronaldo Caiado,3.7424541074492823,3.24373241779592,3.40869499546994,3.734481170866857,4.083237394447616,4.283235653483168
2026-09-19,Ronaldo Caiado,3.7130547971484575,3.217873943157429,3.3780630672864302,3.712189842182144,4.043087558482911,4.214454437402569
2026-09-20,Ronaldo Caiado,3.7046872224925473,3.203576834464765,3.370573111436369,3.703878980031452,4.03676207021839,4.205158813174088
2026-09-21,Ronaldo Caiado,3.6589368685692856,3.1533127830998127,3.332245045805473,3.6642353713389983,3.983090689292765,4.133620076579042
2026-09-22,Ronaldo Caiado,3.667729544162308,3.111222206577036,3.316649306171885,3.670365893058922,4.011389526575026,4.197127368216373
2026-09-23,Ronaldo Caiado,3.675604653608688,3.1134607455997987,3.313470979414247,3.677066165077089,4.03343081145476,4.229374668288069
2026-09-24,Ronaldo Caiado,3.6823200517480665,3.107189864817478,3.314432292896084,3.679119144360252,4.062370849427604,4.271999279964057
2026-09-25,Ronaldo Caiado,3.688752121255644,3.109373567428641,3.321160924103397,3.688466772080655,4.057155007819344,4.242381626183378
2026-09-26,Ronaldo Caiado,3.651663944527195,3.0639062410053097,3.2631131149642525,3.6571596826423054,4.028059253372873,4.20909373830165
2026-09-27,Ronaldo Caiado,3.6462263242916673,2.979327159647857,3.2038958777821005,3.6526153999394406,4.092307697449726,4.302690347101345
2026-09-28,Ronaldo Caiado,3.646297140819897,2.8392496815955064,3.145236207117936,3.657172809646557,4.139140790426594,4.422797214933994
2026-09-29,Ronaldo Caiado,3.647466146844239,2.775964710781475,3.0925692011365564,3.644686219910845,4.190994647952259,4.492600591453023
2026-09-30,Ronaldo Caiado,3.649154392249819,2.6783635311576397,3.045126102836769,3.65696552095744,4.246250080919203,4.586319286300972
2026-10-01,Ronaldo Caiado,3.648792156153466,2.636939303892992,2.9970207085646274,3.66006567347922,4.262662647346382,4.677525453401638
2026-10-02,Ronaldo Caiado,3.6462040587252473,2.532692542856024,2.9686574699208483,3.6608981901667192,4.293761174029087,4.746624115741432
2026-10-03,Ronaldo Caiado,3.642229014745389,2.4610240342977416,2.914028087285644,3.660686366464752,4.317012267430646,4.8106240145555255
2026-10-04,Ronaldo Caiado,3.642747021604953,2.384335612279564,2.90729308970177,3.66366953218862,4.355211545359873,4.82282131380586
2026-08-05,Others,5.248930946389336,4.022242462115583,4.418508844621693,5.2520570480906015,6.086642080551364,6.521802424778608
2026-08-06,Others,5.236235398937617,4.082144776613659,4.436868834277135,5.232133502738107,6.015994986693098,6.421817587722835
2026-08-07,Others,5.227563308673181,4.17162165165227,4.496821458415926,5.224821106851714,5.954477896393882,6.329364976951912
2026-08-08,Others,5.097501055998793,4.127826485995628,4.428041677593099,5.093345806098098,5.758038428750603,6.093749531985612
2026-08-09,Others,4.95683434295563,3.9419343239698743,4.268391266242687,4.952309533024836,5.638350353926228,5.976669968811986
2026-08-10,Others,4.81499290773157,3.7623306359665833,4.110905355474878,4.81881556013845,5.517496727092217,5.826888311827078
2026-08-11,Others,4.808748846943525,3.758426447762543,4.096791202119098,4.809882889745399,5.519257408252766,5.874892753857917
2026-08-12,Others,4.844326958897356,3.703068911517895,4.101913909032953,4.841327702214937,5.580655410284423,5.974763458800663
2026-08-13,Others,4.879439101216934,3.717115436405172,4.09676666458573,4.861038629658031,5.679012500170652,6.058448400944313
2026-08-14,Others,4.907220148912227,3.740286951666936,4.143330726170667,4.898446188728327,5.697919230520703,6.116645063607292
2026-08-15,Others,4.943468091261219,3.7966195025354006,4.193503411437478,4.931491876708483,5.727014645602352,6.112286184102419
2026-08-16,Others,4.903311208509294,3.719443133131621,4.132030575133219,4.885897574032594,5.706167059566254,6.123896253243116
2026-08-17,Others,4.867914180120646,3.707015390864778,4.089008273795405,4.8512338913187705,5.660592514945121,6.086037359760144
2026-08-18,Others,4.836308384649896,3.709630105453278,4.087077680399074,4.810516103257553,5.631733242344677,6.008121749085507
2026-08-19,Others,4.79933653194505,3.718687422259652,4.083665179768262,4.780958427476338,5.513346830569629,5.939629803469247
2026-08-20,Others,4.6901422781898345,3.592358832004072,3.976363024630397,4.671148494947398,5.424567183103778,5.794483041698209
2026-08-21,Others,4.572684057191018,3.561682526722223,3.88431432730189,4.558704617426805,5.286439847359763,5.626652733458565
2026-08-22,Others,4.5640296150742765,3.560582550644549,3.903372960196008,4.553110226263831,5.257058578296792,5.556712198459902
2026-08-23,Others,4.554694216306991,3.485193816502638,3.853417384966204,4.543562810087376,5.288848656668656,5.628367087377318
2026-08-24,Others,4.547435293406192,3.505048283380232,3.861291218166897,4.52638909250461,5.264103288365426,5.689310308038301
2026-08-25,Others,4.543924357678415,3.526685045913765,3.859793858457537,4.5242697253887325,5.230656470870837,5.681571860099504
2026-08-26,Others,4.540675147280268,3.5844612415706787,3.8856426115913263,4.518802009812763,5.226069193127608,5.622389787531633
2026-08-27,Others,4.375706362333544,3.482496627596912,3.7709758044473465,4.362304331908918,5.002069273686112,5.353862045954316
2026-08-28,Others,4.223030752185614,3.337395900760437,3.6363077082614113,4.213780450897701,4.823460810517615,5.111914972734802
2026-08-29,Others,4.076701295697848,3.2747790375163617,3.520500879917676,4.072414207274565,4.63088627044455,4.877449247003199
2026-08-30,Others,4.12775815966385,3.272160806389765,3.5575541047165453,4.12387137040112,4.704453731744466,4.989037872158253
2026-08-31,Others,4.181807319785705,3.35381324223631,3.642824691336149,4.167981719009286,4.747984746681104,5.05319243535382
2026-09-01,Others,4.1348670134082335,3.3023105461505526,3.5680400759398787,4.117195739259225,4.734222141639399,5.091956076358851
2026-09-02,Others,3.9753354600825306,3.114254515282045,3.3836995895875304,3.9663665142192825,4.560601765051106,4.896855993976603
2026-09-03,Others,3.8797742837358777,3.002469087199003,3.303926720177128,3.8784100229572784,4.445493952655443,4.778101552077871
2026-09-04,Others,3.779892883637552,2.966854173921856,3.2450948193614484,3.774551484521785,4.32661172218303,4.611048774773433
2026-09-05,Others,3.6154399702046938,2.9196815057888,3.150852632685648,3.623385949424733,4.072896183371422,4.293955178883011
2026-09-06,Others,3.574328477001324,2.821506833205317,3.057431391834313,3.579316958531674,4.079807801044902,4.346843671181986
2026-09-07,Others,3.4100607907570173,2.6582222386263195,2.903882020588481,3.408886845892134,3.9278529854163406,4.194773991349987
2026-09-08,Others,3.29831641903794,2.473611590349857,2.754231946941982,3.2933072191042223,3.862360994307872,4.144073451538029
2026-09-09,Others,3.1785978372692494,2.355227585323384,2.627070938415712,3.1711916984149107,3.741986294560652,4.018581251566718
2026-09-10,Others,2.9492217564852155,2.144567135778064,2.39915532445022,2.954342004237062,3.47853766192686,3.7769927925988855
2026-09-11,Others,2.712369485639753,1.9587527375557128,2.216664034255065,2.7177507070733657,3.200396763893277,3.4199940576711136
2026-09-12,Others,2.650444378467753,1.924831632261793,2.1522856568914785,2.653045082274424,3.140945178061785,3.390192758363028
2026-09-13,Others,2.600078358065044,1.8760994821112429,2.1313153182065547,2.606807915332591,3.0552740075977627,3.2868498085435105
2026-09-14,Others,2.6546581013225468,1.9664660339689255,2.1956447510309225,2.648938000075049,3.1179340067484698,3.393471463455644
2026-09-15,Others,2.5102887272204937,1.8083673913290648,2.0550699866739626,2.507574649493346,2.977590969876466,3.224527952061361
2026-09-16,Others,2.378286584082116,1.6234427576655044,1.8721037976043813,2.3761405138201903,2.884696838844662,3.171360025319293
2026-09-17,Others,2.260046481835041,1.4861887186374725,1.7483289091805063,2.256796117433594,2.7667815396363187,3.018336839793683
2026-09-18,Others,2.1792913953541966,1.4213724361341245,1.670972940566093,2.176308342469972,2.6721977791602542,2.937710207786364
2026-09-19,Others,1.991459461836292,1.261389537374194,1.506945138724798,1.9987544122722036,2.475152094757348,2.6900392118527288
2026-09-20,Others,1.8748255893448824,1.1163280432778018,1.380959384363231,1.883487139319783,2.354714487601382,2.6016020978110617
2026-09-21,Others,1.7884372437092302,1.0845336669295165,1.3119382356856326,1.797746608330447,2.251985073621008,2.4769427448191763
2026-09-22,Others,1.6929796565065305,0.8283696707043418,1.133327636090111,1.7165597022050958,2.2277387586164275,2.4812529230081344
2026-09-23,Others,1.5981343692515653,0.6316711709083638,0.9888162491485952,1.6187622828985424,2.17239831217205,2.4163916051652388
2026-09-24,Others,1.6637808308164497,0.7392697466407797,1.0800355374495405,1.6818802579625949,2.229173500324092,2.500826422624022
2026-09-25,Others,1.7280075025771864,0.9231412606603352,1.1709973637396005,1.733534761150682,2.263902800854141,2.5308637733314283
2026-09-26,Others,1.8348541209598632,1.030862082043716,1.2883256316335585,1.8295784547279783,2.394741694939925,2.65212732792144
2026-09-27,Others,1.741144502304634,0.7491404159370726,1.09673772264733,1.744013542022517,2.3859642567805466,2.722869216003081
2026-09-28,Others,1.7347853115809466,0.5248697351055499,0.9269353624391268,1.7371836143159047,2.523483447164586,2.90540808989577
2026-09-29,Others,1.7346650604421956,0.3343828461471244,0.806514904959441,1.7485871415406784,2.619982048684435,3.085612780968202
2026-09-30,Others,1.729861803795984,0.2213929842273874,0.7147103120069229,1.74009072872714,2.741556486955608,3.2589658623482194
2026-10-01,Others,1.7306839661515996,0.0374783638971782,0.6299294623105949,1.747015153707128,2.793482322310935,3.3580325953169
2026-10-02,Others,1.735172637412375,-0.0848576882460871,0.5866817967702225,1.7472508195510752,2.884495194786759,3.5368914612465083
2026-10-03,Others,1.7386956331297716,-0.2371200272649795,0.4783871891344735,1.7497495626823187,2.996126885902896,3.6024980647397045
2026-10-04,Others,1.7313308920374353,-0.3631761822243464,0.4078828620337681,1.748732575969672,3.031149652523536,3.730365342833119
