election,r1_horizon,cutoff,variant,winner,n_pairs_h2h,pairs_h2h,model,primary,r1_model,h2h_model,r1_train_elections,h2h_train_elections,unmodelled,p_outright_total,p_actual_pair,n_pairs_modelled,pairs_modelled,probabilities_json,brier,log,p_winner,status,r1_loeo_rmse,h2h_loeo_rmse
2014,1,2014-10-04,single_regime,Dilma Rousseff,3,Aécio Neves vs Dilma Rousseff|Aécio Neves vs Marina Silva|Dilma Rousseff vs Marina Silva,F_E,True,F,E,2018+2022,2018+2022,0.0,0.23825,0.71175,2,Aécio Neves vs Dilma Rousseff|Dilma Rousseff vs Marina Silva,"{""Dilma Rousseff"": 0.8840551875, ""Aécio Neves"": 0.1087198125, ""Marina Silva"": 0.007224999999999999}",0.025315397800695312,-0.12323578899447864,0.8840551875,ok,,
2014,1,2014-10-04,single_regime,Dilma Rousseff,3,Aécio Neves vs Dilma Rousseff|Aécio Neves vs Marina Silva|Dilma Rousseff vs Marina Silva,F_F,False,F,F,2018+2022,2018+2022,0.0,0.23825,0.71175,2,Aécio Neves vs Dilma Rousseff|Dilma Rousseff vs Marina Silva,"{""Dilma Rousseff"": 0.8694510624999999, ""Aécio Neves"": 0.12259893749999999, ""Marina Silva"": 0.007950000000000002}",0.032136727058507834,-0.13989322911788604,0.8694510624999999,ok,,
2014,1,2014-10-04,single_regime,Dilma Rousseff,3,Aécio Neves vs Dilma Rousseff|Aécio Neves vs Marina Silva|Dilma Rousseff vs Marina Silva,E_E,False,E,E,2018+2022,2018+2022,0.0,0.088,0.627,2,Aécio Neves vs Dilma Rousseff|Dilma Rousseff vs Marina Silva,"{""Dilma Rousseff"": 0.86304325, ""Aécio Neves"": 0.09577425, ""Marina Silva"": 0.04118249999999998}",0.02962585663987499,-0.1472904732796124,0.86304325,ok,,
2014,1,2014-10-04,single_regime,Dilma Rousseff,3,Aécio Neves vs Dilma Rousseff|Aécio Neves vs Marina Silva|Dilma Rousseff vs Marina Silva,B,False,B,B,2018+2022,2018+2022,0.0,0.11675,0.4315,2,Dilma Rousseff vs Marina Silva|Aécio Neves vs Dilma Rousseff,"{""Dilma Rousseff"": 0.86205525, ""Aécio Neves"": 0.080798375, ""Marina Silva"": 0.05714637499999997}",0.028822839630843734,-0.14843591524483862,0.86205525,ok,3.050610751609002,4.496543618449373
2014,1,2014-10-04,single_regime,Dilma Rousseff,3,Aécio Neves vs Dilma Rousseff|Aécio Neves vs Marina Silva|Dilma Rousseff vs Marina Silva,C,False,C,C,2018+2022,2018+2022,0.0,0.073,0.60825,2,Aécio Neves vs Dilma Rousseff|Dilma Rousseff vs Marina Silva,"{""Dilma Rousseff"": 0.7608152499999999, ""Aécio Neves"": 0.179737875, ""Marina Silva"": 0.059446874999999996}",0.09304897928934378,-0.27336472326204847,0.7608152499999999,ok,3.818935160647986,6.192159495787002
2014,7,2014-09-28,single_regime,Dilma Rousseff,3,Aécio Neves vs Dilma Rousseff|Aécio Neves vs Marina Silva|Dilma Rousseff vs Marina Silva,F_E,True,F,E,2018+2022,2018+2022,0.0,0.13975,0.0035,2,Dilma Rousseff vs Marina Silva|Aécio Neves vs Dilma Rousseff,"{""Dilma Rousseff"": 0.6861565000000001, ""Marina Silva"": 0.3135705, ""Aécio Neves"": 0.000273}",0.19682427549149994,-0.3766495431640937,0.6861565000000001,ok,,
2014,7,2014-09-28,single_regime,Dilma Rousseff,3,Aécio Neves vs Dilma Rousseff|Aécio Neves vs Marina Silva|Dilma Rousseff vs Marina Silva,F_F,False,F,F,2018+2022,2018+2022,0.0,0.13975,0.0035,2,Dilma Rousseff vs Marina Silva|Aécio Neves vs Dilma Rousseff,"{""Dilma Rousseff"": 0.6738358125, ""Marina Silva"": 0.3257791875, ""Aécio Neves"": 0.00038500000000000003}",0.2125153044406953,-0.3947687993775745,0.6738358125,ok,,
2014,7,2014-09-28,single_regime,Dilma Rousseff,3,Aécio Neves vs Dilma Rousseff|Aécio Neves vs Marina Silva|Dilma Rousseff vs Marina Silva,E_E,False,E,E,2018+2022,2018+2022,0.0,0.06283333333333334,0.0285,2,Dilma Rousseff vs Marina Silva|Aécio Neves vs Dilma Rousseff,"{""Dilma Rousseff"": 0.6652049999999999, ""Marina Silva"": 0.332572, ""Aécio Neves"": 0.002223}",0.22269676893800003,-0.40766001515523353,0.6652049999999999,ok,,
2014,7,2014-09-28,single_regime,Dilma Rousseff,3,Aécio Neves vs Dilma Rousseff|Aécio Neves vs Marina Silva|Dilma Rousseff vs Marina Silva,B,False,B,B,2018+2022,2018+2022,0.0,0.1085,0.035,2,Dilma Rousseff vs Marina Silva|Aécio Neves vs Dilma Rousseff,"{""Dilma Rousseff"": 0.6060380000000001, ""Marina Silva"": 0.38799449999999996, ""Aécio Neves"": 0.005967500000000001}",0.3057814005304999,-0.5008125886081514,0.6060380000000001,ok,4.431265569809784,5.650328530389733
2014,7,2014-09-28,single_regime,Dilma Rousseff,3,Aécio Neves vs Dilma Rousseff|Aécio Neves vs Marina Silva|Dilma Rousseff vs Marina Silva,C,False,C,C,2018+2022,2018+2022,0.0,0.08475,0.02925,3,Dilma Rousseff vs Marina Silva|Aécio Neves vs Dilma Rousseff|Aécio Neves vs Marina Silva,"{""Dilma Rousseff"": 0.6399059375, ""Marina Silva"": 0.35325200000000007, ""Aécio Neves"": 0.0068420625}",0.2545015231710078,-0.4464340860862087,0.6399059375,ok,5.860640450551986,8.25995108514259
2018,1,2018-10-06,single_regime,Jair Bolsonaro,10,Ciro Gomes vs Fernando Haddad|Ciro Gomes vs Geraldo Alckmin|Ciro Gomes vs Jair Bolsonaro|Ciro Gomes vs Marina Silva|Fernando Haddad vs Geraldo Alckmin|Fernando Haddad vs Jair Bolsonaro|Fernando Haddad vs Marina Silva|Geraldo Alckmin vs Jair Bolsonaro|Geraldo Alckmin vs Marina Silva|Jair Bolsonaro vs Marina Silva,F_E,True,F,E,2014+2022,2014+2022,0.0,0.03075,0.968,3,Fernando Haddad vs Jair Bolsonaro|Ciro Gomes vs Jair Bolsonaro|Geraldo Alckmin vs Jair Bolsonaro,"{""Jair Bolsonaro"": 0.6321532083333333, ""Fernando Haddad"": 0.36712999999999996, ""Ciro Gomes"": 0.0006525, ""Geraldo Alckmin"": 6.429166666666667e-05, ""Marina Silva"": 0.0}",0.27009612892912843,-0.4586234959648904,0.6321532083333333,ok,,
2018,1,2018-10-06,single_regime,Jair Bolsonaro,10,Ciro Gomes vs Fernando Haddad|Ciro Gomes vs Geraldo Alckmin|Ciro Gomes vs Jair Bolsonaro|Ciro Gomes vs Marina Silva|Fernando Haddad vs Geraldo Alckmin|Fernando Haddad vs Jair Bolsonaro|Fernando Haddad vs Marina Silva|Geraldo Alckmin vs Jair Bolsonaro|Geraldo Alckmin vs Marina Silva|Jair Bolsonaro vs Marina Silva,F_F,False,F,F,2014+2022,2014+2022,0.0,0.03075,0.968,3,Fernando Haddad vs Jair Bolsonaro|Ciro Gomes vs Jair Bolsonaro|Geraldo Alckmin vs Jair Bolsonaro,"{""Fernando Haddad"": 0.5897699999999999, ""Jair Bolsonaro"": 0.40972781249999995, ""Ciro Gomes"": 0.00037375000000000006, ""Geraldo Alckmin"": 0.00012843750000000003, ""Marina Silva"": 0.0}",0.6962500644212891,-0.8922622116955641,0.40972781249999995,ok,,
2018,1,2018-10-06,single_regime,Jair Bolsonaro,10,Ciro Gomes vs Fernando Haddad|Ciro Gomes vs Geraldo Alckmin|Ciro Gomes vs Jair Bolsonaro|Ciro Gomes vs Marina Silva|Fernando Haddad vs Geraldo Alckmin|Fernando Haddad vs Jair Bolsonaro|Fernando Haddad vs Marina Silva|Geraldo Alckmin vs Jair Bolsonaro|Geraldo Alckmin vs Marina Silva|Jair Bolsonaro vs Marina Silva,E_E,False,E,E,2014+2022,2014+2022,0.0,0.02325,0.973,2,Fernando Haddad vs Jair Bolsonaro|Ciro Gomes vs Jair Bolsonaro,"{""Jair Bolsonaro"": 0.629029375, ""Fernando Haddad"": 0.36852375, ""Ciro Gomes"": 0.002446875, ""Geraldo Alckmin"": 0.0, ""Marina Silva"": 0.0}",0.2734349461242187,-0.46357732225928194,0.629029375,ok,,
2018,1,2018-10-06,single_regime,Jair Bolsonaro,10,Ciro Gomes vs Fernando Haddad|Ciro Gomes vs Geraldo Alckmin|Ciro Gomes vs Jair Bolsonaro|Ciro Gomes vs Marina Silva|Fernando Haddad vs Geraldo Alckmin|Fernando Haddad vs Jair Bolsonaro|Fernando Haddad vs Marina Silva|Geraldo Alckmin vs Jair Bolsonaro|Geraldo Alckmin vs Marina Silva|Jair Bolsonaro vs Marina Silva,B,False,B,B,2014+2022,2014+2022,0.0,0.01,0.98725,2,Fernando Haddad vs Jair Bolsonaro|Ciro Gomes vs Jair Bolsonaro,"{""Jair Bolsonaro"": 0.6044090625, ""Fernando Haddad"": 0.39366593749999995, ""Ciro Gomes"": 0.0019249999999999998, ""Geraldo Alckmin"": 0.0, ""Marina Silva"": 0.0}",0.31146876580488275,-0.5035040544868314,0.6044090625,ok,3.8501243300372012,3.7404289690268735
2018,1,2018-10-06,single_regime,Jair Bolsonaro,10,Ciro Gomes vs Fernando Haddad|Ciro Gomes vs Geraldo Alckmin|Ciro Gomes vs Jair Bolsonaro|Ciro Gomes vs Marina Silva|Fernando Haddad vs Geraldo Alckmin|Fernando Haddad vs Jair Bolsonaro|Fernando Haddad vs Marina Silva|Geraldo Alckmin vs Jair Bolsonaro|Geraldo Alckmin vs Marina Silva|Jair Bolsonaro vs Marina Silva,C,False,C,C,2014+2022,2014+2022,0.0,0.01175,0.958,2,Fernando Haddad vs Jair Bolsonaro|Ciro Gomes vs Jair Bolsonaro,"{""Jair Bolsonaro"": 0.582603625, ""Fernando Haddad"": 0.3978095, ""Ciro Gomes"": 0.019586874999999997, ""Geraldo Alckmin"": 0.0, ""Marina Silva"": 0.0}",0.3328557778256563,-0.5402482123683675,0.582603625,ok,3.885149600069844,5.639370707127707
2018,7,2018-09-30,single_regime,Jair Bolsonaro,10,Ciro Gomes vs Fernando Haddad|Ciro Gomes vs Geraldo Alckmin|Ciro Gomes vs Jair Bolsonaro|Ciro Gomes vs Marina Silva|Fernando Haddad vs Geraldo Alckmin|Fernando Haddad vs Jair Bolsonaro|Fernando Haddad vs Marina Silva|Geraldo Alckmin vs Jair Bolsonaro|Geraldo Alckmin vs Marina Silva|Jair Bolsonaro vs Marina Silva,F_E,True,F,E,2014+2022,2014+2022,0.0,0.004,0.994,4,Fernando Haddad vs Jair Bolsonaro|Ciro Gomes vs Jair Bolsonaro|Geraldo Alckmin vs Jair Bolsonaro|Ciro Gomes vs Fernando Haddad,"{""Fernando Haddad"": 0.6467462083333334, ""Jair Bolsonaro"": 0.35187079166666657, ""Ciro Gomes"": 0.001164375, ""Geraldo Alckmin"": 0.00021862500000000002, ""Marina Silva"": 0.0}",0.8383535322543683,-1.0444912398991917,0.35187079166666657,ok,,
2018,7,2018-09-30,single_regime,Jair Bolsonaro,10,Ciro Gomes vs Fernando Haddad|Ciro Gomes vs Geraldo Alckmin|Ciro Gomes vs Jair Bolsonaro|Ciro Gomes vs Marina Silva|Fernando Haddad vs Geraldo Alckmin|Fernando Haddad vs Jair Bolsonaro|Fernando Haddad vs Marina Silva|Geraldo Alckmin vs Jair Bolsonaro|Geraldo Alckmin vs Marina Silva|Jair Bolsonaro vs Marina Silva,F_F,False,F,F,2014+2022,2014+2022,0.0,0.004,0.994,4,Fernando Haddad vs Jair Bolsonaro|Ciro Gomes vs Jair Bolsonaro|Geraldo Alckmin vs Jair Bolsonaro|Ciro Gomes vs Fernando Haddad,"{""Jair Bolsonaro"": 0.5681274166666666, ""Fernando Haddad"": 0.4305945208333333, ""Ciro Gomes"": 0.0008923125, ""Geraldo Alckmin"": 0.00038574999999999997, ""Marina Silva"": 0.0}",0.3719265146313551,-0.565409560300732,0.5681274166666666,ok,,
2018,7,2018-09-30,single_regime,Jair Bolsonaro,10,Ciro Gomes vs Fernando Haddad|Ciro Gomes vs Geraldo Alckmin|Ciro Gomes vs Jair Bolsonaro|Ciro Gomes vs Marina Silva|Fernando Haddad vs Geraldo Alckmin|Fernando Haddad vs Jair Bolsonaro|Fernando Haddad vs Marina Silva|Geraldo Alckmin vs Jair Bolsonaro|Geraldo Alckmin vs Marina Silva|Jair Bolsonaro vs Marina Silva,E_E,False,E,E,2014+2022,2014+2022,0.0,0.00125,0.9925,3,Fernando Haddad vs Jair Bolsonaro|Ciro Gomes vs Jair Bolsonaro|Geraldo Alckmin vs Jair Bolsonaro,"{""Fernando Haddad"": 0.6452095833333333, ""Jair Bolsonaro"": 0.35068260416666663, ""Ciro Gomes"": 0.003124, ""Geraldo Alckmin"": 0.0009838125, ""Marina Silva"": 0.0}",0.8379192142199905,-1.0478737262408861,0.35068260416666663,ok,,
2018,7,2018-09-30,single_regime,Jair Bolsonaro,10,Ciro Gomes vs Fernando Haddad|Ciro Gomes vs Geraldo Alckmin|Ciro Gomes vs Jair Bolsonaro|Ciro Gomes vs Marina Silva|Fernando Haddad vs Geraldo Alckmin|Fernando Haddad vs Jair Bolsonaro|Fernando Haddad vs Marina Silva|Geraldo Alckmin vs Jair Bolsonaro|Geraldo Alckmin vs Marina Silva|Jair Bolsonaro vs Marina Silva,B,False,B,B,2014+2022,2014+2022,0.0,0.01075,0.93775,6,Fernando Haddad vs Jair Bolsonaro|Ciro Gomes vs Jair Bolsonaro|Geraldo Alckmin vs Jair Bolsonaro|Ciro Gomes vs Fernando Haddad|Jair Bolsonaro vs Marina Silva|Fernando Haddad vs Geraldo Alckmin,"{""Fernando Haddad"": 0.5933305624999999, ""Jair Bolsonaro"": 0.3740644375, ""Ciro Gomes"": 0.025889500000000003, ""Geraldo Alckmin"": 0.005961, ""Marina Silva"": 0.0007544999999999999}",0.7445428538002578,-0.983327203627553,0.3740644375,ok,5.929764006223007,4.131038245237423
2018,7,2018-09-30,single_regime,Jair Bolsonaro,10,Ciro Gomes vs Fernando Haddad|Ciro Gomes vs Geraldo Alckmin|Ciro Gomes vs Jair Bolsonaro|Ciro Gomes vs Marina Silva|Fernando Haddad vs Geraldo Alckmin|Fernando Haddad vs Jair Bolsonaro|Fernando Haddad vs Marina Silva|Geraldo Alckmin vs Jair Bolsonaro|Geraldo Alckmin vs Marina Silva|Jair Bolsonaro vs Marina Silva,C,False,C,C,2014+2022,2014+2022,0.0,0.01225,0.79925,8,Fernando Haddad vs Jair Bolsonaro|Ciro Gomes vs Jair Bolsonaro|Geraldo Alckmin vs Jair Bolsonaro|Ciro Gomes vs Fernando Haddad|Fernando Haddad vs Geraldo Alckmin|Jair Bolsonaro vs Marina Silva|Fernando Haddad vs Marina Silva|Ciro Gomes vs Geraldo Alckmin,"{""Fernando Haddad"": 0.5801538125, ""Jair Bolsonaro"": 0.282988375, ""Ciro Gomes"": 0.0758045625, ""Geraldo Alckmin"": 0.05402425, ""Marina Silva"": 0.007029}",0.8593984746683047,-1.2623494599211287,0.282988375,ok,7.17199610764317,6.377777976577503
2022,1,2022-10-01,single_regime,Lula,5,Ciro Gomes vs Jair Bolsonaro|Ciro Gomes vs Lula|Jair Bolsonaro vs Lula|Jair Bolsonaro vs Simone Tebet|Lula vs Simone Tebet,F_E,True,F,E,2014+2018,2014+2018,0.0,0.16875,0.83125,1,Jair Bolsonaro vs Lula,"{""Lula"": 0.8740406249999999, ""Jair Bolsonaro"": 0.125959375, ""Ciro Gomes"": 0.0, ""Simone Tebet"": 0.0}",0.03173152830078128,-0.1346284227134783,0.8740406249999999,ok,,
2022,1,2022-10-01,single_regime,Lula,5,Ciro Gomes vs Jair Bolsonaro|Ciro Gomes vs Lula|Jair Bolsonaro vs Lula|Jair Bolsonaro vs Simone Tebet|Lula vs Simone Tebet,F_F,False,F,F,2014+2018,2014+2018,0.0,0.16875,0.83125,1,Jair Bolsonaro vs Lula,"{""Lula"": 0.8518046875, ""Jair Bolsonaro"": 0.1481953125, ""Ciro Gomes"": 0.0, ""Simone Tebet"": 0.0}",0.0439237012939453,-0.16039801845580592,0.8518046875,ok,,
2022,1,2022-10-01,single_regime,Lula,5,Ciro Gomes vs Jair Bolsonaro|Ciro Gomes vs Lula|Jair Bolsonaro vs Lula|Jair Bolsonaro vs Simone Tebet|Lula vs Simone Tebet,E_E,False,E,E,2014+2018,2014+2018,0.0,0.10925,0.89075,1,Jair Bolsonaro vs Lula,"{""Lula"": 0.904870375, ""Jair Bolsonaro"": 0.09512962500000001, ""Ciro Gomes"": 0.0, ""Simone Tebet"": 0.0}",0.018099291105281252,-0.09996357758509866,0.904870375,ok,,
2022,1,2022-10-01,single_regime,Lula,5,Ciro Gomes vs Jair Bolsonaro|Ciro Gomes vs Lula|Jair Bolsonaro vs Lula|Jair Bolsonaro vs Simone Tebet|Lula vs Simone Tebet,B,False,B,B,2014+2018,2014+2018,0.0,0.195,0.805,1,Jair Bolsonaro vs Lula,"{""Lula"": 0.9555800000000001, ""Jair Bolsonaro"": 0.04442, ""Ciro Gomes"": 0.0, ""Simone Tebet"": 0.0}",0.003946272799999991,-0.04543679300860671,0.9555800000000001,ok,4.402088037448694,3.36223162607457
2022,1,2022-10-01,single_regime,Lula,5,Ciro Gomes vs Jair Bolsonaro|Ciro Gomes vs Lula|Jair Bolsonaro vs Lula|Jair Bolsonaro vs Simone Tebet|Lula vs Simone Tebet,C,False,C,C,2014+2018,2014+2018,0.0,0.51625,0.48375,1,Jair Bolsonaro vs Lula,"{""Lula"": 0.9986696875, ""Jair Bolsonaro"": 0.0013303125, ""Ciro Gomes"": 0.0, ""Simone Tebet"": 0.0}",3.53946269531261e-06,-0.0013311981512229357,0.9986696875,ok,3.96006926369963,3.0676768907879914
2022,7,2022-09-25,single_regime,Lula,5,Ciro Gomes vs Jair Bolsonaro|Ciro Gomes vs Lula|Jair Bolsonaro vs Lula|Jair Bolsonaro vs Simone Tebet|Lula vs Simone Tebet,F_E,True,F,E,2014+2018,2014+2018,0.0,0.14725,0.85275,1,Jair Bolsonaro vs Lula,"{""Lula"": 0.8743856041666667, ""Jair Bolsonaro"": 0.12561439583333334, ""Ciro Gomes"": 0.0, ""Simone Tebet"": 0.0}",0.031557952881146704,-0.13423380592566228,0.8743856041666667,ok,,
2022,7,2022-09-25,single_regime,Lula,5,Ciro Gomes vs Jair Bolsonaro|Ciro Gomes vs Lula|Jair Bolsonaro vs Lula|Jair Bolsonaro vs Simone Tebet|Lula vs Simone Tebet,F_F,False,F,F,2014+2018,2014+2018,0.0,0.14725,0.85275,1,Jair Bolsonaro vs Lula,"{""Lula"": 0.8498690416666668, ""Jair Bolsonaro"": 0.15013095833333334, ""Ciro Gomes"": 0.0, ""Simone Tebet"": 0.0}",0.04507860930017011,-0.16267300999501594,0.8498690416666668,ok,,
2022,7,2022-09-25,single_regime,Lula,5,Ciro Gomes vs Jair Bolsonaro|Ciro Gomes vs Lula|Jair Bolsonaro vs Lula|Jair Bolsonaro vs Simone Tebet|Lula vs Simone Tebet,E_E,False,E,E,2014+2018,2014+2018,0.0,0.10533333333333333,0.8946666666666667,1,Jair Bolsonaro vs Lula,"{""Lula"": 0.898661, ""Jair Bolsonaro"": 0.101339, ""Ciro Gomes"": 0.0, ""Simone Tebet"": 0.0}",0.020539185841999992,-0.10684940127591186,0.898661,ok,,
2022,7,2022-09-25,single_regime,Lula,5,Ciro Gomes vs Jair Bolsonaro|Ciro Gomes vs Lula|Jair Bolsonaro vs Lula|Jair Bolsonaro vs Simone Tebet|Lula vs Simone Tebet,B,False,B,B,2014+2018,2014+2018,0.0,0.23975000000000002,0.76,2,Jair Bolsonaro vs Lula|Ciro Gomes vs Lula,"{""Lula"": 0.8468445, ""Jair Bolsonaro"": 0.15315, ""Ciro Gomes"": 5.5e-06, ""Simone Tebet"": 0.0}",0.0469115297105,-0.166238190322766,0.8468445,ok,6.883872902938068,5.319298299976627
2022,7,2022-09-25,single_regime,Lula,5,Ciro Gomes vs Jair Bolsonaro|Ciro Gomes vs Lula|Jair Bolsonaro vs Lula|Jair Bolsonaro vs Simone Tebet|Lula vs Simone Tebet,C,False,C,C,2014+2018,2014+2018,0.0055,0.428,0.5665,1,Jair Bolsonaro vs Lula,"{""Lula"": 0.9260335, ""Jair Bolsonaro"": 0.0684665, ""Ciro Gomes"": 0.0, ""Simone Tebet"": 0.0}",0.010188954744500009,-0.0768448678845019,0.9260335,ok,8.18352139305215,6.940327381331862
