label,election,round,horizon,model,n_polls_registered,mae_registered,margin_error_registered,coverage_80_registered,coverage_94_registered,brier_first_registered,log_first_registered,n_polls_revision,mae_revision,margin_error_revision,coverage_80_revision,coverage_94_revision,brier_first_revision,log_first_revision
post-result data revision (Addendum 04 s.3); registered values are the reference,2014,1,1,E0,17,3.830532954233037,11.72042957219395,0.25,0.5,9.367972703108382e-08,-0.00024993751692233945,27,3.7282994735513846,11.303906312396734,0.0,0.25,9.367972703108382e-08,-0.00024993751692233945
post-result data revision (Addendum 04 s.3); registered values are the reference,2014,1,1,E,17,3.7956156411166533,11.76891475724494,0.5,0.75,4.059454838011183e-07,-0.0004999375182243382,27,3.6898292817770173,11.346267849023231,0.5,0.75,9.367972703108382e-08,-0.00024993751692233945
post-result data revision (Addendum 04 s.3); registered values are the reference,2014,1,1,F,17,4.024083504792649,13.030668267963247,0.25,0.5,9.367972703108382e-08,-0.00024993751692233945,27,3.9208199481838877,12.614893285611437,0.25,0.5,9.367972703108382e-08,-0.00024993751692233945
post-result data revision (Addendum 04 s.3); registered values are the reference,2014,1,1,B,17,4.464318602414943,13.471461259189223,0.25,0.75,9.367972703108382e-08,-0.00024993751692233945,27,3.4475737996042,10.860145755932102,0.5,0.75,9.367972703108382e-08,-0.00024993751692233945
post-result data revision (Addendum 04 s.3); registered values are the reference,2014,1,1,C,17,3.3750604360656435,9.930853349043236,0.75,0.75,1.5301022081732362e-06,-0.0010001250989915516,27,3.3750604360656435,9.930853349043236,0.75,0.75,1.5301022081732362e-06,-0.0010001250989915516
post-result data revision (Addendum 04 s.3); registered values are the reference,2014,1,1,D,17,,,,,,,27,,,,,,
post-result data revision (Addendum 04 s.3); registered values are the reference,2014,1,7,E0,13,7.028939638817167,15.775040584752169,0.5,0.5,0.0001703150574633504,-0.009291880012968105,18,6.906121922329389,16.485644634958774,0.0,0.5,9.68023845987275e-07,-0.0007500000351563323
post-result data revision (Addendum 04 s.3); registered values are the reference,2014,1,7,E,13,6.953388205908308,15.778516732457973,0.5,0.5,0.0010711939903205686,-0.023436267597497885,18,6.826484487520714,16.526006377460845,0.5,0.5,7.047838130300132e-05,-0.006015809595159
post-result data revision (Addendum 04 s.3); registered values are the reference,2014,1,7,F,13,8.59765352767476,19.98898624210443,0.0,0.5,9.054333497373945e-05,-0.006772034909944585,18,8.483803395810332,20.731060016034352,0.0,0.25,9.68023845987275e-07,-0.0007500000351563323
post-result data revision (Addendum 04 s.3); registered values are the reference,2014,1,7,B,13,7.120546574175479,16.449977306373448,0.5,0.5,0.00046099793671962715,-0.015361672013396664,18,6.992133724517376,15.706850132484071,0.5,0.5,0.0007550898264456572,-0.019685178239572897
post-result data revision (Addendum 04 s.3); registered values are the reference,2014,1,7,C,13,7.497088134001365,15.209139212643962,0.5,0.5,0.05136450065137854,-0.1754726414097081,18,6.611781580090156,16.95332525915559,0.5,0.75,0.0023901757820449935,-0.03587258205823034
post-result data revision (Addendum 04 s.3); registered values are the reference,2014,1,7,D,13,,,,,,,18,,,,,,
post-result data revision (Addendum 04 s.3); registered values are the reference,2014,1,14,E0,12,6.94438268264347,16.643156087484034,0.25,0.5,4.011844198487513e-05,-0.004509590505975038,14,6.93716422382166,16.88780347616313,0.25,0.5,4.011844198487513e-05,-0.004509590505975038
post-result data revision (Addendum 04 s.3); registered values are the reference,2014,1,14,E,12,6.864795284346199,16.64974492121347,0.5,0.5,0.00040011177136096987,-0.014266175743182426,14,6.855412450932017,16.897752560691448,0.5,0.5,0.0004242376839502979,-0.014857991790215703
post-result data revision (Addendum 04 s.3); registered values are the reference,2014,1,14,F,12,8.521115094386804,20.86951344463797,0.0,0.25,2.9065649800065718e-05,-0.0038402184356319063,14,8.519043564474218,21.123674279101266,0.0,0.25,2.6580160100215355e-05,-0.0036729454038363666
post-result data revision (Addendum 04 s.3); registered values are the reference,2014,1,14,B,12,7.075995206448486,15.759431106605106,0.5,0.5,0.0041499182277469375,-0.047073532714313325,14,7.075995206448486,15.759431106605106,0.5,0.5,0.0041499182277469375,-0.047073532714313325
post-result data revision (Addendum 04 s.3); registered values are the reference,2014,1,14,C,12,7.497088134001365,15.209139212643962,0.5,0.5,0.0668031070255439,-0.2035626791804126,14,7.497088134001365,15.209139212643962,0.5,0.5,0.0668031070255439,-0.2035626791804126
post-result data revision (Addendum 04 s.3); registered values are the reference,2014,1,14,D,12,,,,,,,14,,,,,,
post-result data revision (Addendum 04 s.3); registered values are the reference,2018,1,1,E0,50,2.035210341862311,-3.1711663925834017,0.5,0.5,3.121097409060921e-07,-0.000499812580691192,50,2.035210341862311,-3.1711663925834017,0.5,0.5,3.121097409060921e-07,-0.000499812580691192
post-result data revision (Addendum 04 s.3); registered values are the reference,2018,1,1,E,50,2.1386831703550206,-3.1195762697889418,1.0,1.0,0.0002788388425254202,-0.012064994911397823,50,2.132667891018755,-3.1208120134702195,1.0,1.0,0.0002557427216983766,-0.011559369821621718
post-result data revision (Addendum 04 s.3); registered values are the reference,2018,1,1,F,50,1.8938797896012332,-6.622660260166226,1.0,1.0,0.0020535572512651217,-0.032760674798912606,50,1.8811084773803186,-6.533434672005036,1.0,1.0,0.001775467472117864,-0.030439889848027486
post-result data revision (Addendum 04 s.3); registered values are the reference,2018,1,1,B,50,3.2107235073095404,-3.8674352990912375,0.8333333333333334,1.0,0.00017334575009919404,-0.009539422158416258,50,3.2107235073095404,-3.8674352990912375,0.8333333333333334,1.0,8.614228849005968e-06,-0.0022511265134261987
post-result data revision (Addendum 04 s.3); registered values are the reference,2018,1,1,C,50,3.621584666456761,-1.1981422630370098,0.6666666666666666,1.0,8.614228849005968e-06,-0.0022511265134261987,50,3.621584666456761,-1.1981422630370098,0.6666666666666666,1.0,8.614228849005968e-06,-0.0022511265134261987
post-result data revision (Addendum 04 s.3); registered values are the reference,2018,1,1,D,50,,,,,,,50,,,,,,
post-result data revision (Addendum 04 s.3); registered values are the reference,2018,1,7,E0,38,4.077019839711157,-11.435237646477031,0.3333333333333333,0.5,0.01683813325603417,-0.09644761594617975,38,4.077019839711157,-11.435237646477031,0.3333333333333333,0.5,0.01683813325603417,-0.09644761594617975
post-result data revision (Addendum 04 s.3); registered values are the reference,2018,1,7,E,38,4.110764456657054,-11.342782409448215,0.6666666666666666,0.8333333333333334,0.07895421389114622,-0.22173916628195195,38,4.108087002487161,-11.34503618367561,0.6666666666666666,0.8333333333333334,0.07639397768649436,-0.2176930978926316
post-result data revision (Addendum 04 s.3); registered values are the reference,2018,1,7,F,38,4.371854313794756,-15.209886637446788,0.8333333333333334,0.8333333333333334,0.3408152228405029,-0.5327166263279993,38,4.360427906961458,-15.114507881193232,0.8333333333333334,0.8333333333333334,0.32652902367001263,-0.5179297071325908
post-result data revision (Addendum 04 s.3); registered values are the reference,2018,1,7,B,38,4.439076994024824,-9.031704182623397,0.8333333333333334,1.0,0.07008811248122956,-0.2084180275364663,38,4.439076994024824,-9.031704182623397,0.8333333333333334,1.0,0.06841451762854335,-0.20565219909843457
post-result data revision (Addendum 04 s.3); registered values are the reference,2018,1,7,C,38,5.723221186697927,-9.77695363254605,0.8333333333333334,1.0,0.13174021077551076,-0.3097007699082956,38,5.723221186697927,-9.77695363254605,0.8333333333333334,0.8333333333333334,0.10228404249218068,-0.2624767005196049
post-result data revision (Addendum 04 s.3); registered values are the reference,2018,1,7,D,38,,,,,,,38,,,,,,
post-result data revision (Addendum 04 s.3); registered values are the reference,2018,1,14,E0,29,4.564813927923196,-10.363078377397587,0.3333333333333333,0.6666666666666666,0.04027573752795112,-0.15311670786056297,29,4.564813927923196,-10.363078377397587,0.3333333333333333,0.6666666666666666,0.04027573752795112,-0.15311670786056297
post-result data revision (Addendum 04 s.3); registered values are the reference,2018,1,14,E,29,4.562357208853748,-10.362635090139683,0.8333333333333334,0.8333333333333334,0.08776147751971931,-0.23524522610090706,29,4.561500816428748,-10.362988706510187,0.8333333333333334,0.8333333333333334,0.08554173584176145,-0.23187768805925205
post-result data revision (Addendum 04 s.3); registered values are the reference,2018,1,14,F,29,4.134086123965768,-14.039976036695782,0.8333333333333334,0.8333333333333334,0.27916837605995876,-0.46788132554241135,29,4.123211613722464,-13.947067619272886,0.8333333333333334,0.8333333333333334,0.26905185560478895,-0.45703250576857946
post-result data revision (Addendum 04 s.3); registered values are the reference,2018,1,14,B,29,5.943533191275164,-5.579749646453578,0.8333333333333334,1.0,0.0217145982698977,-0.11449363592835464,29,5.943533191275164,-5.579749646453578,0.8333333333333334,1.0,0.0217145982698977,-0.11449363592835464
post-result data revision (Addendum 04 s.3); registered values are the reference,2018,1,14,C,29,7.432383417014542,-2.29586649329136,0.6666666666666666,1.0,0.019909605216290125,-0.12406443382657438,29,7.432383417014542,-2.29586649329136,0.6666666666666666,1.0,0.019909605216290125,-0.12406443382657438
post-result data revision (Addendum 04 s.3); registered values are the reference,2018,1,14,D,29,,,,,,,29,,,,,,
post-result data revision (Addendum 04 s.3); registered values are the reference,2018,1,30,E0,12,11.551395222827722,6.912094144861776,0.16666666666666666,0.16666666666666666,1.5855174838024365e-05,-0.003253256122534049,12,11.551395222827722,6.912094144861776,0.16666666666666666,0.16666666666666666,1.5855174838024365e-05,-0.003253256122534049
post-result data revision (Addendum 04 s.3); registered values are the reference,2018,1,30,E,12,11.49769479270647,7.021476123701202,0.16666666666666666,0.3333333333333333,0.0007990009367193589,-0.022998233745734408,12,11.499917448990972,7.019745124024592,0.16666666666666666,0.3333333333333333,0.0006536826413535285,-0.020955071242092938
post-result data revision (Addendum 04 s.3); registered values are the reference,2018,1,30,F,12,11.828856401852319,8.07261108087599,0.16666666666666666,0.5,0.003944879859207307,-0.04810957134058586,12,11.821042874068539,8.062178976109593,0.16666666666666666,0.5,0.003442445598296824,-0.044707317339031015
post-result data revision (Addendum 04 s.3); registered values are the reference,2018,1,30,B,12,11.19303739772684,6.635444748632196,0.16666666666666666,0.16666666666666666,3.121097409060921e-07,-0.000499812580691192,12,11.19303739772684,6.635444748632196,0.16666666666666666,0.16666666666666666,3.121097409060921e-07,-0.000499812580691192
post-result data revision (Addendum 04 s.3); registered values are the reference,2018,1,30,C,12,,,,,,,12,,,,,,
post-result data revision (Addendum 04 s.3); registered values are the reference,2018,1,30,D,12,,,,,,,12,,,,,,
post-result data revision (Addendum 04 s.3); registered values are the reference,2022,1,1,E0,73,1.87856074059007,-0.4583757940675106,0.0,0.2,1.873126405312639e-07,-0.00037488285350000764,73,1.87856074059007,-0.4583757940675106,0.0,0.2,1.873126405312639e-07,-0.00037488285350000764
post-result data revision (Addendum 04 s.3); registered values are the reference,2022,1,1,E,73,2.0654074525756334,-0.39232319640417135,1.0,1.0,0.057233939252262916,-0.18547494930116906,73,2.0541305055551295,-0.3926176162387698,1.0,1.0,0.05373831075466763,-0.179178076920807
post-result data revision (Addendum 04 s.3); registered values are the reference,2022,1,1,F,73,1.0863989645045897,-3.178554710592441,1.0,1.0,0.2500280968960797,-0.43648862570010893,73,1.0690841874958064,-3.076349254278209,1.0,1.0,0.23884728050767218,-0.4241926014241363
post-result data revision (Addendum 04 s.3); registered values are the reference,2022,1,1,B,73,1.881018102789049,1.0394177458600282,1.0,1.0,0.04940576937917848,-0.17113992706176778,73,1.881018102789049,1.0394177458600282,1.0,1.0,0.030969585172431258,-0.13303176733309005
post-result data revision (Addendum 04 s.3); registered values are the reference,2022,1,1,C,73,2.9632315480945843,9.503674799841413,0.8,0.8,3.615133962254166e-05,-0.004382402305875789,73,2.9632315480945843,9.503674799841413,0.8,0.8,3.615133962254166e-05,-0.004382402305875789
post-result data revision (Addendum 04 s.3); registered values are the reference,2022,1,1,D,73,1.4116642387968734,3.9773590103677208,,,,,73,1.4116642387968734,3.9773590103677208,,,,
post-result data revision (Addendum 04 s.3); registered values are the reference,2022,1,7,E0,57,2.1400940674360944,-0.29368611795934196,0.4,0.4,3.334305139000756e-05,-0.004132841049199736,57,2.1400940674360944,-0.29368611795934196,0.4,0.4,3.334305139000756e-05,-0.004132841049199736
post-result data revision (Addendum 04 s.3); registered values are the reference,2022,1,7,E,57,2.365129652600686,-0.34874961735775134,1.0,1.0,0.05693415231216951,-0.18484097515687267,57,2.3536186319478465,-0.3469560218696115,1.0,1.0,0.05415730022888756,-0.17984171463236978
post-result data revision (Addendum 04 s.3); registered values are the reference,2022,1,7,F,57,1.404752162257062,-2.9929600910481198,1.0,1.0,0.22874987563173727,-0.4128452154057868,57,1.4086755039974377,-2.8903606137270557,1.0,1.0,0.21630024807563455,-0.3988423611114378
post-result data revision (Addendum 04 s.3); registered values are the reference,2022,1,7,B,57,2.0734116734513965,0.5413730832738537,1.0,1.0,0.14727724843225562,-0.31675290448146803,57,2.0734116734513965,0.5413730832738537,1.0,1.0,0.14430884258020918,-0.31298706641240315
post-result data revision (Addendum 04 s.3); registered values are the reference,2022,1,7,C,57,3.1233218996116765,9.820596135438471,0.8,1.0,0.017003180069135832,-0.09687311969924069,57,3.1233218996116765,9.820596135438471,0.8,1.0,0.01123882086942536,-0.07805609326052569
post-result data revision (Addendum 04 s.3); registered values are the reference,2022,1,7,D,57,1.7472758362917382,4.655833703659994,,,,,57,1.7472758362917382,4.655833703659994,,,,
post-result data revision (Addendum 04 s.3); registered values are the reference,2022,1,14,E0,46,2.542878978891309,-0.22941421205296209,0.4,0.4,0.0005778143236195057,-0.017185657948915543,46,2.542878978891309,-0.22941421205296209,0.4,0.4,0.0005778143236195057,-0.017185657948915543
post-result data revision (Addendum 04 s.3); registered values are the reference,2022,1,14,E,46,2.76847452120358,-0.2976930857858955,1.0,1.0,0.061579978574364695,-0.19299319421842287,46,2.7584442154666347,-0.29586992416981417,1.0,1.0,0.058862065176550446,-0.18825480446761245
post-result data revision (Addendum 04 s.3); registered values are the reference,2022,1,14,F,46,1.6578553092881965,-2.9909951093341194,1.0,1.0,0.24004448544805934,-0.42538813925316304,46,1.6655751989509195,-2.8884866543450407,1.0,1.0,0.2285245063166581,-0.4125934372210363
post-result data revision (Addendum 04 s.3); registered values are the reference,2022,1,14,B,46,2.6000357004209897,0.6838174670281205,1.0,1.0,0.1608672800031768,-0.33370246279524124,46,2.6000357004209897,0.6838174670281205,1.0,1.0,0.1608672800031768,-0.33370246279524124
post-result data revision (Addendum 04 s.3); registered values are the reference,2022,1,14,C,46,3.1029218689521008,7.670058501029871,1.0,1.0,0.042298253671764825,-0.157299894605528,46,3.1029218689521008,7.670058501029871,1.0,1.0,0.042298253671764825,-0.157299894605528
post-result data revision (Addendum 04 s.3); registered values are the reference,2022,1,14,D,46,,,,,,,46,,,,,,
post-result data revision (Addendum 04 s.3); registered values are the reference,2022,1,30,E0,26,3.0032444917857894,-1.008710471171451,0.4,0.8,0.033636542548316044,-0.13904380948971792,26,3.0032444917857894,-1.008710471171451,0.4,0.8,0.033636542548316044,-0.13904380948971792
post-result data revision (Addendum 04 s.3); registered values are the reference,2022,1,30,E,26,3.1940549548144164,-1.020736092594448,0.8,1.0,0.12042011228268928,-0.2817029813957229,26,3.184916033588492,-1.0203252743122109,0.8,1.0,0.118953079682048,-0.27971786908130253
post-result data revision (Addendum 04 s.3); registered values are the reference,2022,1,30,F,26,2.233407945107483,-3.6783667249931273,1.0,1.0,0.3269135672044038,-0.5182242404987983,26,2.240173333404716,-3.5773764648157345,1.0,1.0,0.31768542265598826,-0.5086208264005145
post-result data revision (Addendum 04 s.3); registered values are the reference,2022,1,30,B,26,2.575065814801421,0.5867406399287987,1.0,1.0,0.2653141819894651,-0.45758727902084034,26,2.575065814801421,0.5867406399287987,1.0,1.0,0.2653141819894651,-0.45758727902084034
post-result data revision (Addendum 04 s.3); registered values are the reference,2022,1,30,C,26,3.88535151891778,8.596619928620811,,,,,26,3.88535151891778,8.596619928620811,,,,
post-result data revision (Addendum 04 s.3); registered values are the reference,2022,1,30,D,26,2.187914924225216,3.3295238260767306,,,,,26,2.187914924225216,3.3295238260767306,,,,
