election,r1_horizon,cutoff,variant,pair,n_polls,fit_key,converged,model,primary,status,train_elections,n_train,n_categories,probabilistic,coverage_80,width_80_mean,coverage_94,width_94_mean,p_actual_first,brier_first,log_first,mae,margin_pred,margin_actual,margin_error,margin_abs_error,loeo_rmse
2014,1,2014-10-04,single_regime,Aécio Neves vs Dilma Rousseff,28,2014_h2h_aecio-neves_vs_dilma-rousseff_r1h01_single_regime,True,E,True,ok,2018+2022,2.0,2,True,1.0,11.241803417255273,1.0,17.40701643001876,0.8471632091977006,0.046718169245491666,-0.1658619119862147,2.801017815829919,8.88030783639058,3.278272204730712,5.602035631659868,5.602035631659868,
2014,1,2014-10-04,single_regime,Aécio Neves vs Dilma Rousseff,28,2014_h2h_aecio-neves_vs_dilma-rousseff_r1h01_single_regime,True,F,False,ok,2018+2022,2.0,2,True,1.0,12.50482557021159,1.0,19.864694442002296,0.8276680829792552,0.05939657924808975,-0.18914307093220087,2.8928909457062666,9.064054096143378,3.278272204730712,5.785781891412666,5.785781891412666,
2014,1,2014-10-04,single_regime,Aécio Neves vs Dilma Rousseff,28,2014_h2h_aecio-neves_vs_dilma-rousseff_r1h01_single_regime,True,E0,False,ok,,,2,True,1.0,5.56507682800293,1.0,9.374160270690911,0.9571357160709822,0.003674693673494899,-0.043810083507586826,2.833470146490235,8.945212497711182,3.278272204730712,5.66694029298047,5.66694029298047,
2014,1,2014-10-04,single_regime,Aécio Neves vs Dilma Rousseff,28,2014_h2h_aecio-neves_vs_dilma-rousseff_r1h01_single_regime,True,B,,calibrated probabilistic conversion of point baseline,2018+2022,,2,True,1.0,11.566395943724537,1.0,16.86950397486949,0.8126718320419895,0.07018368502100919,-0.2074279015480286,2.253110265187594,7.7844927351059,3.278272204730712,4.506220530375188,4.506220530375188,4.496543618449373
2014,1,2014-10-04,single_regime,Aécio Neves vs Dilma Rousseff,28,2014_h2h_aecio-neves_vs_dilma-rousseff_r1h01_single_regime,True,C,,calibrated probabilistic conversion of point baseline,2018+2022,,2,True,1.0,15.928004830444532,1.0,23.230878668364184,0.7044488877780555,0.17470091987125688,-0.3503395013356053,1.694197230967987,6.666666666666686,3.278272204730712,3.388394461935974,3.388394461935974,6.192159495787002
2014,7,2014-09-28,single_regime,Aécio Neves vs Dilma Rousseff,18,2014_h2h_aecio-neves_vs_dilma-rousseff_r1h07_single_regime,True,E,True,ok,2018+2022,2.0,2,True,1.0,10.76655092342832,1.0,16.526479409260293,0.9218945263684079,0.012200930022430667,-0.08132445853287813,4.313220557199937,11.904713319130897,3.278272204730712,8.626441114400185,8.626441114400185,
2014,7,2014-09-28,single_regime,Aécio Neves vs Dilma Rousseff,18,2014_h2h_aecio-neves_vs_dilma-rousseff_r1h07_single_regime,True,F,False,ok,2018+2022,2.0,2,True,1.0,12.662573399874944,1.0,19.767121184627726,0.8899025243689078,0.024242908280677884,-0.11664334543505553,4.3165892790492215,11.911450762829219,3.278272204730712,8.633178558098507,8.633178558098507,
2014,7,2014-09-28,single_regime,Aécio Neves vs Dilma Rousseff,18,2014_h2h_aecio-neves_vs_dilma-rousseff_r1h07_single_regime,True,E0,False,ok,,,2,True,0.0,4.972833633422852,1.0,9.019246520996088,0.9873781554611347,0.0003186219191265667,-0.012702176694447056,4.312474116636416,11.90322043800354,3.278272204730712,8.624948233272828,8.624948233272828,
2014,7,2014-09-28,single_regime,Aécio Neves vs Dilma Rousseff,18,2014_h2h_aecio-neves_vs_dilma-rousseff_r1h07_single_regime,True,B,,calibrated probabilistic conversion of point baseline,2018+2022,,2,True,1.0,14.534260654441962,1.0,21.198112970957553,0.8294176455886029,0.058196679273071004,-0.18703145627125534,3.6652692788405474,10.608810762411807,3.278272204730712,7.330538557681095,7.330538557681095,5.650328530389733
2014,7,2014-09-28,single_regime,Aécio Neves vs Dilma Rousseff,18,2014_h2h_aecio-neves_vs_dilma-rousseff_r1h07_single_regime,True,C,,calibrated probabilistic conversion of point baseline,2018+2022,,2,True,1.0,21.246956069671665,1.0,30.988530188236474,0.7766808297925518,0.09974290356428639,-0.2527257854723689,4.540639178533517,12.359550561797747,3.278272204730712,9.081278357067035,9.081278357067035,8.25995108514259
2018,1,2018-10-06,single_regime,Fernando Haddad vs Jair Bolsonaro,43,2018_h2h_fernando-haddad_vs_jair-bolsonaro_r1h01_single_regime,True,E,True,ok,2014+2022,2.0,2,True,1.0,14.258106115540947,1.0,21.344339237436408,0.621219695076231,0.2869490387962869,-0.4760704833225077,3.4817534698291084,3.296955620403012,10.260462560061157,-6.963506939658145,6.963506939658145,
2018,1,2018-10-06,single_regime,Fernando Haddad vs Jair Bolsonaro,43,2018_h2h_fernando-haddad_vs_jair-bolsonaro_r1h01_single_regime,True,F,False,ok,2014+2022,2.0,2,True,0.0,12.353896587809444,1.0,18.43626612418481,0.3912771807048238,0.7410869414613355,-0.9383390680907746,6.321346356567268,-2.3822301530734338,10.260462560061157,-12.64269271313459,12.64269271313459,
2018,1,2018-10-06,single_regime,Fernando Haddad vs Jair Bolsonaro,43,2018_h2h_fernando-haddad_vs_jair-bolsonaro_r1h01_single_regime,True,E0,False,ok,,,2,True,1.0,10.827663803100592,1.0,15.991489562988274,0.6599600099975006,0.23125438960179975,-0.41557603671024723,3.496199334802,3.2680638904571535,10.260462560061157,-6.992398669604004,6.992398669604004,
2018,1,2018-10-06,single_regime,Fernando Haddad vs Jair Bolsonaro,43,2018_h2h_fernando-haddad_vs_jair-bolsonaro_r1h01_single_regime,True,B,,calibrated probabilistic conversion of point baseline,2014+2022,,2,True,1.0,9.621452859399028,1.0,14.032818696969617,0.6012246938265433,0.3180434896274682,-0.5087865477177267,4.187206365544739,1.8860498289716787,10.260462560061157,-8.374412731089478,8.374412731089478,3.7404289690268735
2018,1,2018-10-06,single_regime,Fernando Haddad vs Jair Bolsonaro,43,2018_h2h_fernando-haddad_vs_jair-bolsonaro_r1h01_single_regime,True,C,,calibrated probabilistic conversion of point baseline,2014+2022,,2,True,1.0,14.506073999694536,1.0,21.157002940952236,0.5847288177955511,0.34490030953896117,-0.5366070985509641,3.9938676436669454,2.2727272727272663,10.260462560061157,-7.987735287333891,7.987735287333891,5.639370707127707
2018,7,2018-09-30,single_regime,Fernando Haddad vs Jair Bolsonaro,32,2018_h2h_fernando-haddad_vs_jair-bolsonaro_r1h07_single_regime,True,E,True,ok,2014+2022,2.0,2,True,0.0,13.855508327515103,1.0,21.491973903265944,0.3501791517373552,0.8445342696735665,-1.0493103933486707,7.092798691013691,-3.925134821966312,10.260462560061157,-14.185597382027469,14.185597382027469,
2018,7,2018-09-30,single_regime,Fernando Haddad vs Jair Bolsonaro,32,2018_h2h_fernando-haddad_vs_jair-bolsonaro_r1h07_single_regime,True,F,False,ok,2014+2022,2.0,2,True,1.0,11.79425631709384,1.0,18.36487136673716,0.5676610282476461,0.3738339729917654,-0.5662308196599417,4.434846499751352,1.390769560558416,10.260462560061157,-8.86969299950274,8.86969299950274,
2018,7,2018-09-30,single_regime,Fernando Haddad vs Jair Bolsonaro,32,2018_h2h_fernando-haddad_vs_jair-bolsonaro_r1h07_single_regime,True,E0,False,ok,,,2,True,0.0,10.192116928100582,1.0,16.001952285766578,0.29618365136238645,0.9907149052191656,-1.2167755732619037,7.152063680829379,-4.043664801597595,10.260462560061157,-14.304127361658752,14.304127361658752,
2018,7,2018-09-30,single_regime,Fernando Haddad vs Jair Bolsonaro,32,2018_h2h_fernando-haddad_vs_jair-bolsonaro_r1h07_single_regime,True,B,,calibrated probabilistic conversion of point baseline,2014+2022,,2,True,0.0,10.626211609965953,1.0,15.498251993472845,0.36978255436140967,0.7943480575744591,-0.9948401370169706,6.569297521185668,-2.8781324823101784,10.260462560061157,-13.138595042371335,13.138595042371335,4.131038245237423
2018,7,2018-09-30,single_regime,Fernando Haddad vs Jair Bolsonaro,32,2018_h2h_fernando-haddad_vs_jair-bolsonaro_r1h07_single_regime,True,C,,calibrated probabilistic conversion of point baseline,2014+2022,,2,True,0.0,16.40546863942142,1.0,23.927256145201483,0.29255186203449135,1.0009657358217308,-1.2291133219262698,8.701659851459148,-7.142857142857139,10.260462560061157,-17.403319702918296,17.403319702918296,6.377777976577503
2022,1,2022-10-01,single_regime,Jair Bolsonaro vs Lula,64,2022_h2h_jair-bolsonaro_vs_lula_r1h01_single_regime,True,E,True,ok,2014+2018,2.0,2,True,1.0,8.79497142721143,1.0,14.501393734208392,0.9003999000249937,0.019840359830062493,-0.10491628098355793,3.5153863559456724,8.835582946235537,1.8048102343443162,7.03077271189122,7.03077271189122,
2022,1,2022-10-01,single_regime,Jair Bolsonaro vs Lula,64,2022_h2h_jair-bolsonaro_vs_lula_r1h01_single_regime,True,F,False,ok,2014+2018,2.0,2,True,1.0,10.260443201520847,1.0,17.009382305036787,0.8736565858535367,0.03192531659636951,-0.1350679029051951,3.7296462503981225,9.264102735140808,1.8048102343443162,7.459292500796492,7.459292500796492,
2022,1,2022-10-01,single_regime,Jair Bolsonaro vs Lula,64,2022_h2h_jair-bolsonaro_vs_lula_r1h01_single_regime,True,E0,False,ok,,,2,True,0.0,1.9402648925781278,0.0,3.3602968978881833,0.9991252186953262,1.530484662013607e-06,-0.0008751641491256771,3.519271314483724,8.843352863311768,1.8048102343443162,7.038542628967452,7.038542628967452,
2022,1,2022-10-01,single_regime,Jair Bolsonaro vs Lula,64,2022_h2h_jair-bolsonaro_vs_lula_r1h01_single_regime,True,B,,calibrated probabilistic conversion of point baseline,2014+2018,,2,True,0.0,8.648621150282992,1.0,12.613950757149869,0.9558860284928767,0.0038920849642625627,-0.04511659009531435,4.785928528256264,11.376667290856844,1.8048102343443162,9.571857056512528,9.571857056512528,3.36223162607457
2022,1,2022-10-01,single_regime,Jair Bolsonaro vs Lula,64,2022_h2h_jair-bolsonaro_vs_lula_r1h01_single_regime,True,C,,calibrated probabilistic conversion of point baseline,2014+2018,,2,True,0.0,7.890942145136719,0.0,11.508881464072019,0.9971257185703574,1.6522987473576746e-05,-0.0028784201088994364,7.7932470567408885,17.391304347826093,1.8048102343443162,15.586494113481777,15.586494113481777,3.0676768907879914
2022,7,2022-09-25,single_regime,Jair Bolsonaro vs Lula,51,2022_h2h_jair-bolsonaro_vs_lula_r1h07_single_regime,True,E,True,ok,2014+2018,2.0,2,True,1.0,8.841093793921438,1.0,14.900938198575211,0.893151712071982,0.02283311326629728,-0.11299882219720152,3.3432563672917084,8.491322968927768,1.8048102343443162,6.686512734583452,6.686512734583452,
2022,7,2022-09-25,single_regime,Jair Bolsonaro vs Lula,51,2022_h2h_jair-bolsonaro_vs_lula_r1h07_single_regime,True,F,False,ok,2014+2018,2.0,2,True,1.0,10.505933977685366,1.0,16.744525565729514,0.8644088977755561,0.0367698940048792,-0.14570936081659566,3.531585550816157,8.867981335976637,1.8048102343443162,7.063171101632321,7.063171101632321,
2022,7,2022-09-25,single_regime,Jair Bolsonaro vs Lula,51,2022_h2h_jair-bolsonaro_vs_lula_r1h07_single_regime,True,E0,False,ok,,,2,True,0.0,2.513075256347655,0.0,4.671714630126953,0.9943764058985254,6.324962123628036e-05,-0.005639466039645493,3.3794357908783823,8.563681816101074,1.8048102343443162,6.7588715817567575,6.7588715817567575,
2022,7,2022-09-25,single_regime,Jair Bolsonaro vs Lula,51,2022_h2h_jair-bolsonaro_vs_lula_r1h07_single_regime,True,B,,calibrated probabilistic conversion of point baseline,2014+2018,,2,True,1.0,13.682756245902343,1.0,19.95620001255916,0.8474131467133217,0.046565495591860594,-0.1655669267333382,4.54936864639658,10.903547527137476,1.8048102343443162,9.09873729279316,9.09873729279316,5.319298299976627
2022,7,2022-09-25,single_regime,Jair Bolsonaro vs Lula,51,2022_h2h_jair-bolsonaro_vs_lula_r1h07_single_regime,True,C,,calibrated probabilistic conversion of point baseline,2014+2018,,2,True,1.0,17.852506565751888,1.0,26.037750388074343,0.8989002749312672,0.020442308817946717,-0.10658317954982408,7.7932470567408885,17.391304347826093,1.8048102343443162,15.586494113481777,15.586494113481777,6.940327381331862
