election,r1_horizon,cutoff,variant,pair,n_polls,fit_key,converged,model,category,actual,mean,lo80,hi80,in80,lo94,hi94,in94,error
2014,1,2014-10-04,single_regime,Aécio Neves vs Dilma Rousseff,28,2014_h2h_aecio-neves_vs_dilma-rousseff_r1h01_single_regime,True,E,Aécio Neves,48.360863897634644,45.55984608180471,40.02216836388014,51.26397178113541,True,36.79790862120892,54.204925051227676,True,-2.801017815829937
2014,1,2014-10-04,single_regime,Aécio Neves vs Dilma Rousseff,28,2014_h2h_aecio-neves_vs_dilma-rousseff_r1h01_single_regime,True,E,Dilma Rousseff,51.639136102365356,54.4401539181953,48.73602821886458,59.97783163611986,True,45.79507494877232,63.20209137879108,True,2.801017815829944
2014,1,2014-10-04,single_regime,Aécio Neves vs Dilma Rousseff,28,2014_h2h_aecio-neves_vs_dilma-rousseff_r1h01_single_regime,True,F,Aécio Neves,48.360863897634644,45.46797295192832,39.21520815212291,51.7200337223345,True,35.44408512779124,55.30877956979354,True,-2.892890945706327
2014,1,2014-10-04,single_regime,Aécio Neves vs Dilma Rousseff,28,2014_h2h_aecio-neves_vs_dilma-rousseff_r1h01_single_regime,True,F,Dilma Rousseff,51.639136102365356,54.53202704807168,48.279966277665494,60.78479184787709,True,44.69122043020646,64.55591487220875,True,2.892890945706327
2014,1,2014-10-04,single_regime,Aécio Neves vs Dilma Rousseff,28,2014_h2h_aecio-neves_vs_dilma-rousseff_r1h01_single_regime,True,E0,Aécio Neves,48.360863897634644,45.52739375114441,42.95491180419922,48.51998863220215,True,41.2347290802002,50.608889350891104,True,-2.833470146490235
2014,1,2014-10-04,single_regime,Aécio Neves vs Dilma Rousseff,28,2014_h2h_aecio-neves_vs_dilma-rousseff_r1h01_single_regime,True,E0,Dilma Rousseff,51.639136102365356,54.47260624885559,51.48001136779785,57.04508819580078,True,49.39111064910889,58.7652709197998,True,2.833470146490235
2014,1,2014-10-04,single_regime,Aécio Neves vs Dilma Rousseff,28,2014_h2h_aecio-neves_vs_dilma-rousseff_r1h01_single_regime,True,B,Aécio Neves,48.360863897634644,46.10775363244705,40.184038326644185,51.75043427036872,True,37.60277029660141,54.4722742714709,True,-2.253110265187594
2014,1,2014-10-04,single_regime,Aécio Neves vs Dilma Rousseff,28,2014_h2h_aecio-neves_vs_dilma-rousseff_r1h01_single_regime,True,B,Dilma Rousseff,51.639136102365356,53.89224636755295,48.24956572963128,59.815961673355815,True,45.52772572852909,62.39722970339859,True,2.253110265187594
2014,1,2014-10-04,single_regime,Aécio Neves vs Dilma Rousseff,28,2014_h2h_aecio-neves_vs_dilma-rousseff_r1h01_single_regime,True,C,Aécio Neves,48.360863897634644,46.66666666666666,38.509158790914015,54.43716362135855,True,34.95451222242089,58.18539089078507,True,-1.694197230967987
2014,1,2014-10-04,single_regime,Aécio Neves vs Dilma Rousseff,28,2014_h2h_aecio-neves_vs_dilma-rousseff_r1h01_single_regime,True,C,Dilma Rousseff,51.639136102365356,53.33333333333334,45.56283637864145,61.49084120908598,True,41.81460910921491,65.0454877775791,True,1.694197230967987
2014,7,2014-09-28,single_regime,Aécio Neves vs Dilma Rousseff,18,2014_h2h_aecio-neves_vs_dilma-rousseff_r1h07_single_regime,True,E,Aécio Neves,48.360863897634644,44.047643340434554,38.687625179791674,49.45417610321999,True,35.68286761260415,52.20934702186444,True,-4.31322055720009
2014,7,2014-09-28,single_regime,Aécio Neves vs Dilma Rousseff,18,2014_h2h_aecio-neves_vs_dilma-rousseff_r1h07_single_regime,True,E,Dilma Rousseff,51.639136102365356,55.952356659565446,50.54582389678001,61.312374820208326,True,47.79065297813556,64.31713238739586,True,4.31322055720009
2014,7,2014-09-28,single_regime,Aécio Neves vs Dilma Rousseff,18,2014_h2h_aecio-neves_vs_dilma-rousseff_r1h07_single_regime,True,F,Aécio Neves,48.360863897634644,44.04427461858539,37.65831096649035,50.32088436636529,True,33.96025877259458,53.727379957222304,True,-4.3165892790492535
2014,7,2014-09-28,single_regime,Aécio Neves vs Dilma Rousseff,18,2014_h2h_aecio-neves_vs_dilma-rousseff_r1h07_single_regime,True,F,Dilma Rousseff,51.639136102365356,55.95572538141461,49.67911563363471,62.34168903350965,True,46.27262004277769,66.03974122740541,True,4.3165892790492535
2014,7,2014-09-28,single_regime,Aécio Neves vs Dilma Rousseff,18,2014_h2h_aecio-neves_vs_dilma-rousseff_r1h07_single_regime,True,E0,Aécio Neves,48.360863897634644,44.04838978099823,41.62545928955078,46.598292922973634,False,39.5616569519043,48.58090347290038,True,-4.312474116636416
2014,7,2014-09-28,single_regime,Aécio Neves vs Dilma Rousseff,18,2014_h2h_aecio-neves_vs_dilma-rousseff_r1h07_single_regime,True,E0,Dilma Rousseff,51.639136102365356,55.95161021900177,53.401707077026366,58.37454071044922,False,51.41909652709961,60.4383430480957,True,4.312474116636416
2014,7,2014-09-28,single_regime,Aécio Neves vs Dilma Rousseff,18,2014_h2h_aecio-neves_vs_dilma-rousseff_r1h07_single_regime,True,B,Aécio Neves,48.360863897634644,44.6955946187941,37.25189109038783,51.786151744829795,True,34.00828586105322,55.20639883201076,True,-3.6652692788405474
2014,7,2014-09-28,single_regime,Aécio Neves vs Dilma Rousseff,18,2014_h2h_aecio-neves_vs_dilma-rousseff_r1h07_single_regime,True,B,Dilma Rousseff,51.639136102365356,55.3044053812059,48.213848255170205,62.748108909612164,True,44.79360116798923,65.99171413894679,True,3.6652692788405474
2014,7,2014-09-28,single_regime,Aécio Neves vs Dilma Rousseff,18,2014_h2h_aecio-neves_vs_dilma-rousseff_r1h07_single_regime,True,C,Aécio Neves,48.360863897634644,43.82022471910113,32.93862257751767,54.18557864718934,True,28.196947754590393,59.185477942826864,True,-4.540639178533517
2014,7,2014-09-28,single_regime,Aécio Neves vs Dilma Rousseff,18,2014_h2h_aecio-neves_vs_dilma-rousseff_r1h07_single_regime,True,C,Dilma Rousseff,51.639136102365356,56.17977528089887,45.81442135281066,67.06137742248232,True,40.81452205717312,71.8030522454096,True,4.540639178533517
2018,1,2018-10-06,single_regime,Fernando Haddad vs Jair Bolsonaro,43,2018_h2h_fernando-haddad_vs_jair-bolsonaro_r1h01_single_regime,True,E,Fernando Haddad,44.86976871996942,48.35152218979849,41.22443472248128,55.482540838022224,True,37.64928086056595,58.99362009800236,True,3.4817534698290658
2018,1,2018-10-06,single_regime,Fernando Haddad vs Jair Bolsonaro,43,2018_h2h_fernando-haddad_vs_jair-bolsonaro_r1h01_single_regime,True,E,Jair Bolsonaro,55.13023128003058,51.64847781020151,44.517459161977776,58.77556527751872,True,41.00637990199763,62.35071913943404,True,-3.4817534698290658
2018,1,2018-10-06,single_regime,Fernando Haddad vs Jair Bolsonaro,43,2018_h2h_fernando-haddad_vs_jair-bolsonaro_r1h01_single_regime,True,F,Fernando Haddad,44.86976871996942,51.19111507653672,44.88728382490257,57.24118041271201,False,41.79488654596162,60.23115267014643,True,6.321346356567297
2018,1,2018-10-06,single_regime,Fernando Haddad vs Jair Bolsonaro,43,2018_h2h_fernando-haddad_vs_jair-bolsonaro_r1h01_single_regime,True,F,Jair Bolsonaro,55.13023128003058,48.80888492346328,42.75881958728799,55.11271617509743,False,39.76884732985357,58.20511345403838,True,-6.321346356567297
2018,1,2018-10-06,single_regime,Fernando Haddad vs Jair Bolsonaro,43,2018_h2h_fernando-haddad_vs_jair-bolsonaro_r1h01_single_regime,True,E0,Fernando Haddad,44.86976871996942,48.36596805477142,42.921038436889646,53.74870223999024,True,40.19104328155518,56.18253284454345,True,3.496199334802
2018,1,2018-10-06,single_regime,Fernando Haddad vs Jair Bolsonaro,43,2018_h2h_fernando-haddad_vs_jair-bolsonaro_r1h01_single_regime,True,E0,Jair Bolsonaro,55.13023128003058,51.63403194522858,46.25129776000976,57.078961563110354,True,43.81746715545654,59.80895671844482,True,-3.496199334802
2018,1,2018-10-06,single_regime,Fernando Haddad vs Jair Bolsonaro,43,2018_h2h_fernando-haddad_vs_jair-bolsonaro_r1h01_single_regime,True,B,Fernando Haddad,44.86976871996942,49.05697508551416,44.129359962827145,53.75081282222617,True,41.98214411535263,56.014962812322246,True,4.187206365544739
2018,1,2018-10-06,single_regime,Fernando Haddad vs Jair Bolsonaro,43,2018_h2h_fernando-haddad_vs_jair-bolsonaro_r1h01_single_regime,True,B,Jair Bolsonaro,55.13023128003058,50.94302491448584,46.24918717777383,55.870640037172855,True,43.98503718767775,58.01785588464737,True,-4.187206365544739
2018,1,2018-10-06,single_regime,Fernando Haddad vs Jair Bolsonaro,43,2018_h2h_fernando-haddad_vs_jair-bolsonaro_r1h01_single_regime,True,C,Fernando Haddad,44.86976871996942,48.86363636363637,41.43436859542361,55.94044259511814,True,38.19705377073425,59.35405671168648,True,3.9938676436669454
2018,1,2018-10-06,single_regime,Fernando Haddad vs Jair Bolsonaro,43,2018_h2h_fernando-haddad_vs_jair-bolsonaro_r1h01_single_regime,True,C,Jair Bolsonaro,55.13023128003058,51.13636363636363,44.05955740488186,58.56563140457639,True,40.64594328831351,61.80294622926575,True,-3.9938676436669454
2018,7,2018-09-30,single_regime,Fernando Haddad vs Jair Bolsonaro,32,2018_h2h_fernando-haddad_vs_jair-bolsonaro_r1h07_single_regime,True,E,Fernando Haddad,44.86976871996942,51.962567410983155,45.0425262845144,58.898034612029505,False,41.242180479473696,62.73415438273964,True,7.0927986910137335
2018,7,2018-09-30,single_regime,Fernando Haddad vs Jair Bolsonaro,32,2018_h2h_fernando-haddad_vs_jair-bolsonaro_r1h07_single_regime,True,E,Jair Bolsonaro,55.13023128003058,48.037432589016845,41.101965387970495,54.9574737154856,False,37.265845617260354,58.7578195205263,True,-7.0927986910137335
2018,7,2018-09-30,single_regime,Fernando Haddad vs Jair Bolsonaro,32,2018_h2h_fernando-haddad_vs_jair-bolsonaro_r1h07_single_regime,True,F,Fernando Haddad,44.86976871996942,49.304615219720795,43.392241383641974,55.18649770073581,True,40.36153026171948,58.72640162845664,True,4.434846499751373
2018,7,2018-09-30,single_regime,Fernando Haddad vs Jair Bolsonaro,32,2018_h2h_fernando-haddad_vs_jair-bolsonaro_r1h07_single_regime,True,F,Jair Bolsonaro,55.13023128003058,50.695384780279205,44.81350229926419,56.607758616358026,True,41.27359837154336,59.63846973828051,True,-4.434846499751373
2018,7,2018-09-30,single_regime,Fernando Haddad vs Jair Bolsonaro,32,2018_h2h_fernando-haddad_vs_jair-bolsonaro_r1h07_single_regime,True,E0,Fernando Haddad,44.86976871996942,52.0218324007988,46.899844360351565,57.09196128845215,False,44.02827266693116,60.03022495269773,True,7.152063680829379
2018,7,2018-09-30,single_regime,Fernando Haddad vs Jair Bolsonaro,32,2018_h2h_fernando-haddad_vs_jair-bolsonaro_r1h07_single_regime,True,E0,Jair Bolsonaro,55.13023128003058,47.9781675992012,42.90803871154785,53.100155639648435,False,39.96977504730225,55.971727333068834,True,-7.152063680829379
2018,7,2018-09-30,single_regime,Fernando Haddad vs Jair Bolsonaro,32,2018_h2h_fernando-haddad_vs_jair-bolsonaro_r1h07_single_regime,True,B,Fernando Haddad,44.86976871996942,51.43906624115509,45.99686517325824,56.62307678322419,False,43.6254177109088,59.12366970438164,True,6.569297521185668
2018,7,2018-09-30,single_regime,Fernando Haddad vs Jair Bolsonaro,32,2018_h2h_fernando-haddad_vs_jair-bolsonaro_r1h07_single_regime,True,B,Jair Bolsonaro,55.13023128003058,48.56093375884491,43.3769232167758,54.00313482674176,False,40.87633029561835,56.3745822890912,True,-6.569297521185668
2018,7,2018-09-30,single_regime,Fernando Haddad vs Jair Bolsonaro,32,2018_h2h_fernando-haddad_vs_jair-bolsonaro_r1h07_single_regime,True,C,Fernando Haddad,44.86976871996942,53.57142857142857,45.16938819938542,61.574856838806845,False,41.508186220580306,65.43544236578178,True,8.701659851459148
2018,7,2018-09-30,single_regime,Fernando Haddad vs Jair Bolsonaro,32,2018_h2h_fernando-haddad_vs_jair-bolsonaro_r1h07_single_regime,True,C,Jair Bolsonaro,55.13023128003058,46.42857142857143,38.42514316119315,54.83061180061457,False,34.564557634218204,58.491813779419694,True,-8.701659851459148
2022,1,2022-10-01,single_regime,Jair Bolsonaro vs Lula,64,2022_h2h_jair-bolsonaro_vs_lula_r1h01_single_regime,True,E,Jair Bolsonaro,49.09759488282784,45.58220852688223,41.18486402653693,49.97983545374836,True,38.337220420776475,52.83861415498487,True,-3.5153863559456084
2022,1,2022-10-01,single_regime,Jair Bolsonaro vs Lula,64,2022_h2h_jair-bolsonaro_vs_lula_r1h01_single_regime,True,E,Lula,50.90240511717216,54.41779147311777,50.02016454625164,58.81513597346307,True,47.161385845015126,61.66277957922352,True,3.5153863559456084
2022,1,2022-10-01,single_regime,Jair Bolsonaro vs Lula,64,2022_h2h_jair-bolsonaro_vs_lula_r1h01_single_regime,True,F,Jair Bolsonaro,49.09759488282784,45.3679486324296,40.26958092902766,50.530024130548505,True,36.9969882934063,54.00637059844309,True,-3.7296462503982397
2022,1,2022-10-01,single_regime,Jair Bolsonaro vs Lula,64,2022_h2h_jair-bolsonaro_vs_lula_r1h01_single_regime,True,F,Lula,50.90240511717216,54.6320513675704,49.46997586945149,59.73041907097234,True,45.99362940155691,63.00301170659369,True,3.7296462503982397
2022,1,2022-10-01,single_regime,Jair Bolsonaro vs Lula,64,2022_h2h_jair-bolsonaro_vs_lula_r1h01_single_regime,True,E0,Jair Bolsonaro,49.09759488282784,45.57832356834412,44.59616470336914,46.53642959594727,False,43.88604164123535,47.246338539123535,False,-3.519271314483724
2022,1,2022-10-01,single_regime,Jair Bolsonaro vs Lula,64,2022_h2h_jair-bolsonaro_vs_lula_r1h01_single_regime,True,E0,Lula,50.90240511717216,54.42167643165588,53.46357040405273,55.40383529663086,False,52.753661460876465,56.11395835876465,False,3.519271314483724
2022,1,2022-10-01,single_regime,Jair Bolsonaro vs Lula,64,2022_h2h_jair-bolsonaro_vs_lula_r1h01_single_regime,True,B,Jair Bolsonaro,49.09759488282784,44.31166635457158,39.882285782499935,48.530906932782926,False,37.952176404626734,50.5661271617766,True,-4.785928528256264
2022,1,2022-10-01,single_regime,Jair Bolsonaro vs Lula,64,2022_h2h_jair-bolsonaro_vs_lula_r1h01_single_regime,True,B,Lula,50.90240511717216,55.68833364542842,51.469093067217074,60.117714217500065,False,49.433872838223394,62.047823595373266,True,4.785928528256264
2022,1,2022-10-01,single_regime,Jair Bolsonaro vs Lula,64,2022_h2h_jair-bolsonaro_vs_lula_r1h01_single_regime,True,C,Jair Bolsonaro,49.09759488282784,41.30434782608695,37.263011614722636,45.153953759859355,False,35.50199316219337,47.01087462626539,False,-7.7932470567408885
2022,1,2022-10-01,single_regime,Jair Bolsonaro vs Lula,64,2022_h2h_jair-bolsonaro_vs_lula_r1h01_single_regime,True,C,Lula,50.90240511717216,58.69565217391305,54.846046240140645,62.736988385277364,False,52.98912537373461,64.49800683780663,False,7.7932470567408885
2022,7,2022-09-25,single_regime,Jair Bolsonaro vs Lula,51,2022_h2h_jair-bolsonaro_vs_lula_r1h07_single_regime,True,E,Jair Bolsonaro,49.09759488282784,45.75433851553612,41.29168194161418,50.13277573553562,True,38.407982850420055,53.308921048995266,True,-3.3432563672917226
2022,7,2022-09-25,single_regime,Jair Bolsonaro vs Lula,51,2022_h2h_jair-bolsonaro_vs_lula_r1h07_single_regime,True,E,Lula,50.90240511717216,54.24566148446388,49.86722426446438,58.70831805838582,True,46.691078951004734,61.592017149579945,True,3.3432563672917226
2022,7,2022-09-25,single_regime,Jair Bolsonaro vs Lula,51,2022_h2h_jair-bolsonaro_vs_lula_r1h07_single_regime,True,F,Jair Bolsonaro,49.09759488282784,45.56600933201169,40.40366117653919,50.909595154224554,True,37.28822017242658,54.032745738156095,True,-3.5315855508161533
2022,7,2022-09-25,single_regime,Jair Bolsonaro vs Lula,51,2022_h2h_jair-bolsonaro_vs_lula_r1h07_single_regime,True,F,Lula,50.90240511717216,54.43399066798831,49.090404845775446,59.59633882346081,True,45.967254261843905,62.711779827573416,True,3.5315855508161533
2022,7,2022-09-25,single_regime,Jair Bolsonaro vs Lula,51,2022_h2h_jair-bolsonaro_vs_lula_r1h07_single_regime,True,E0,Jair Bolsonaro,49.09759488282784,45.71815909194946,44.4581241607666,46.971199417114256,False,43.38268543243408,48.05440006256103,False,-3.3794357908783823
2022,7,2022-09-25,single_regime,Jair Bolsonaro vs Lula,51,2022_h2h_jair-bolsonaro_vs_lula_r1h07_single_regime,True,E0,Lula,50.90240511717216,54.28184090805054,53.028800582885744,55.5418758392334,False,51.94559993743896,56.61731456756592,False,3.3794357908783823
2022,7,2022-09-25,single_regime,Jair Bolsonaro vs Lula,51,2022_h2h_jair-bolsonaro_vs_lula_r1h07_single_regime,True,B,Jair Bolsonaro,49.09759488282784,44.54822623643126,37.54061963245732,51.22337587835966,True,34.48704430681076,54.44324431936992,True,-4.54936864639658
2022,7,2022-09-25,single_regime,Jair Bolsonaro vs Lula,51,2022_h2h_jair-bolsonaro_vs_lula_r1h07_single_regime,True,B,Lula,50.90240511717216,55.45177376356874,48.77662412164033,62.45938036754268,True,45.556755680630076,65.51295569318924,True,4.54936864639658
2022,7,2022-09-25,single_regime,Jair Bolsonaro vs Lula,51,2022_h2h_jair-bolsonaro_vs_lula_r1h07_single_regime,True,C,Jair Bolsonaro,49.09759488282784,41.30434782608695,32.16120877870996,50.01371534446185,True,28.17707191546292,54.21482230353726,True,-7.7932470567408885
2022,7,2022-09-25,single_regime,Jair Bolsonaro vs Lula,51,2022_h2h_jair-bolsonaro_vs_lula_r1h07_single_regime,True,C,Lula,50.90240511717216,58.69565217391305,49.98628465553815,67.83879122129004,True,45.78517769646273,71.82292808453708,True,7.7932470567408885
