setting,sigma_scale,variant,table,model,r1_horizon,n_elections,mae,margin_abs_error,coverage_80,coverage_94,width_94,brier,log,p_winner,unmodelled
primary,3.0,single_regime,h2h,B,1,3,3.7420817196628655,7.484163439325731,0.6666666666666666,1.0,14.50542447632966,0.13070641987091333,-0.25377701312035655,,
primary,3.0,single_regime,h2h,B,7,3,4.927978482140932,9.855956964281864,0.6666666666666666,1.0,18.884188325663185,0.2997034108131303,-0.44914617334052137,,
primary,3.0,single_regime,h2h,C,1,3,4.49377064379194,8.98754128758388,0.6666666666666666,0.6666666666666666,18.632254357796146,0.17320591746589722,-0.2966083399984896,,
primary,3.0,single_regime,h2h,C,7,3,7.011848695577851,14.023697391155702,0.6666666666666666,1.0,26.984512240504102,0.37371698273465465,-0.5294740956494876,,
primary,3.0,single_regime,h2h,E,1,3,3.2660525472015665,6.532105094403078,1.0,1.0,17.750916467221188,0.11783585595728036,-0.24894955876409344,,
primary,3.0,single_regime,h2h,E,7,3,4.916425205168445,9.832850410337036,0.6666666666666666,1.0,17.63979717036715,0.29318943765409816,-0.4145445580262501,,
primary,3.0,single_regime,h2h,E0,1,3,3.282980265258653,6.565960530517309,0.6666666666666666,0.6666666666666666,9.575315577189123,0.07831020458665222,-0.1534204281223199,,
primary,3.0,single_regime,h2h,E0,7,3,4.947991196114725,9.895982392229447,0.0,0.6666666666666666,9.897637812296539,0.33036559225317613,-0.41170573866533205,,
primary,3.0,single_regime,h2h,F,1,3,4.3146278508905525,8.629255701781249,0.6666666666666666,1.0,18.43678095707463,0.2774696124352649,-0.42085001397605687,,
primary,3.0,single_regime,h2h,F,7,3,4.094340443205577,8.18868088641119,1.0,1.0,18.292172705698132,0.1449489250924408,-0.27619450863719763,,
primary,3.0,single_regime,president,B,1,3,,,,,,0.11474595941190883,-0.2324589209134256,0.8073481041666667,0.0
primary,3.0,single_regime,president,B,7,3,,,,,,0.3657452613470859,-0.5501259941861568,0.6089823125,0.0
primary,3.0,single_regime,president,C,1,3,,,,,,0.1419694321925651,-0.27164804459387965,0.7806961874999999,0.0
primary,3.0,single_regime,president,C,7,3,,,,,,0.3746963175279375,-0.5952094712972799,0.6163092708333333,0.0018333333333333333
primary,3.0,single_regime,president,E_E,1,3,,,,,,0.10705336462312498,-0.236943791041331,0.798981,0.0
primary,3.0,single_regime,president,E_E,7,3,,,,,,0.3603850563333302,-0.5207943808906771,0.6381828680555556,0.0
primary,3.0,single_regime,president,F_E,1,3,,,,,,0.10904768501020168,-0.2388292358909491,0.796749673611111,0.0
primary,3.0,single_regime,president,F_E,7,3,,,,,,0.3555785868756716,-0.5184581963296492,0.6374709652777778,0.0
primary,3.0,single_regime,president,F_F,1,3,,,,,,0.25743683092458075,-0.3975178197564187,0.7103278541666667,0.0
primary,3.0,single_regime,president,F_F,7,3,,,,,,0.20984014279074018,-0.3742837898911075,0.6972774236111111,0.0
sig1.5,1.5,single_regime,h2h,B,1,3,3.7420817196628655,7.484163439325731,0.6666666666666666,1.0,14.50542447632966,0.13070641987091333,-0.25377701312035655,,
sig1.5,1.5,single_regime,h2h,B,7,3,4.927978482140932,9.855956964281864,0.6666666666666666,1.0,18.884188325663185,0.2997034108131303,-0.44914617334052137,,
sig1.5,1.5,single_regime,h2h,C,1,3,4.49377064379194,8.98754128758388,0.6666666666666666,0.6666666666666666,18.632254357796146,0.17320591746589722,-0.2966083399984896,,
sig1.5,1.5,single_regime,h2h,C,7,3,7.011848695577851,14.023697391155702,0.6666666666666666,1.0,26.984512240504102,0.37371698273465465,-0.5294740956494876,,
sig1.5,1.5,single_regime,h2h,E,1,3,3.2725100794676494,6.545020158935272,0.6666666666666666,1.0,14.457112757422786,0.09968976347098762,-0.20819562826390584,,
sig1.5,1.5,single_regime,h2h,E,7,3,4.926912208811461,9.853824417622997,0.3333333333333333,1.0,14.382909195345453,0.2994524869385992,-0.40068267464670454,,
sig1.5,1.5,single_regime,h2h,E0,1,3,3.282980265258653,6.565960530517309,0.6666666666666666,0.6666666666666666,9.575315577189123,0.07831020458665222,-0.1534204281223199,,
sig1.5,1.5,single_regime,h2h,E0,7,3,4.947991196114725,9.895982392229447,0.0,0.6666666666666666,9.897637812296539,0.33036559225317613,-0.41170573866533205,,
sig1.5,1.5,single_regime,h2h,F,1,3,4.390993212091291,8.781986424182497,0.6666666666666666,1.0,14.940569572428556,0.27403233129066734,-0.39501011965899274,,
sig1.5,1.5,single_regime,h2h,F,7,3,4.034637811110407,8.069275622220717,1.0,1.0,14.827501715713334,0.1179856626835719,-0.22448667355382976,,
sig1.5,1.5,single_regime,president,B,1,3,,,,,,0.11474595941190883,-0.2324589209134256,0.8073481041666667,0.0
sig1.5,1.5,single_regime,president,B,7,3,,,,,,0.3657452613470859,-0.5501259941861568,0.6089823125,0.0
sig1.5,1.5,single_regime,president,C,1,3,,,,,,0.1419694321925651,-0.27164804459387965,0.7806961874999999,0.0
sig1.5,1.5,single_regime,president,C,7,3,,,,,,0.3746963175279375,-0.5952094712972799,0.6163092708333333,0.0018333333333333333
sig1.5,1.5,single_regime,president,E_E,1,3,,,,,,0.09267798076446354,-0.20072343786888047,0.8302462083333334,0.0
sig1.5,1.5,single_regime,president,E_E,7,3,,,,,,0.363515883216281,-0.5133315700014759,0.6523608958333333,0.0
sig1.5,1.5,single_regime,president,F_E,1,3,,,,,,0.09382161949835936,-0.20539828614041514,0.8252685,0.0
sig1.5,1.5,single_regime,president,F_E,7,3,,,,,,0.35843374631532754,-0.5122604290854635,0.6504171805555555,0.0
sig1.5,1.5,single_regime,president,F_F,1,3,,,,,,0.25688393148344474,-0.3787189421238542,0.733123201388889,0.0
sig1.5,1.5,single_regime,president,F_F,7,3,,,,,,0.1810083853054233,-0.3334459399704555,0.7273177708333334,0.0
sig6,6.0,single_regime,h2h,B,1,3,3.7420817196628655,7.484163439325731,0.6666666666666666,1.0,14.50542447632966,0.13070641987091333,-0.25377701312035655,,
sig6,6.0,single_regime,h2h,B,7,3,4.927978482140932,9.855956964281864,0.6666666666666666,1.0,18.884188325663185,0.2997034108131303,-0.44914617334052137,,
sig6,6.0,single_regime,h2h,C,1,3,4.49377064379194,8.98754128758388,0.6666666666666666,0.6666666666666666,18.632254357796146,0.17320591746589722,-0.2966083399984896,,
sig6,6.0,single_regime,h2h,C,7,3,7.011848695577851,14.023697391155702,0.6666666666666666,1.0,26.984512240504102,0.37371698273465465,-0.5294740956494876,,
sig6,6.0,single_regime,h2h,E,1,3,3.2574443988565562,6.514888797713149,1.0,1.0,22.476170773963755,0.1421108003012577,-0.2912634272297975,,
sig6,6.0,single_regime,h2h,E,7,3,4.901894450057568,9.803788900115132,1.0,1.0,22.630488758355767,0.29052370924667664,-0.4305813610381171,,
sig6,6.0,single_regime,h2h,E0,1,3,3.282980265258653,6.565960530517309,0.6666666666666666,0.6666666666666666,9.575315577189123,0.07831020458665222,-0.1534204281223199,,
sig6,6.0,single_regime,h2h,E0,7,3,4.947991196114725,9.895982392229447,0.0,0.6666666666666666,9.897637812296539,0.33036559225317613,-0.41170573866533205,,
sig6,6.0,single_regime,h2h,F,1,3,4.22024378857222,8.440487577144633,1.0,1.0,23.374026142458206,0.2844701117480773,-0.44385507556030507,,
sig6,6.0,single_regime,h2h,F,7,3,4.17045020609147,8.340900412182807,1.0,1.0,23.160938470804467,0.17607975786615304,-0.32672232799847106,,
sig6,6.0,single_regime,president,B,1,3,,,,,,0.11474595941190883,-0.2324589209134256,0.8073481041666667,0.0
sig6,6.0,single_regime,president,B,7,3,,,,,,0.3657452613470859,-0.5501259941861568,0.6089823125,0.0
sig6,6.0,single_regime,president,C,1,3,,,,,,0.1419694321925651,-0.27164804459387965,0.7806961874999999,0.0
sig6,6.0,single_regime,president,C,7,3,,,,,,0.3746963175279375,-0.5952094712972799,0.6163092708333333,0.0018333333333333333
sig6,6.0,single_regime,president,E_E,1,3,,,,,,0.12608185494982557,-0.2743236804671248,0.7682573125,0.0
sig6,6.0,single_regime,president,E_E,7,3,,,,,,0.3577776170624131,-0.5268649446691221,0.6253674027777778,0.0
sig6,6.0,single_regime,president,F_E,1,3,,,,,,0.12845005855056107,-0.27340760146523996,0.7685877152777777,0.0
sig6,6.0,single_regime,president,F_E,7,3,,,,,,0.3528749709920014,-0.52308825547775,0.6259367708333334,0.0
sig6,6.0,single_regime,president,F_F,1,3,,,,,,0.25965439200347684,-0.41361037964378267,0.6909121111111111,0.0
sig6,6.0,single_regime,president,F_F,7,3,,,,,,0.23738292539745368,-0.41063677066099524,0.6713319166666668,0.0
