model,round_type,n_rounds,mae,margin_abs_error,coverage_80,coverage_94,brier_first,setting
B,first round,3,3.1853534041711775,6.1261047680468295,0.6944444444444445,0.9166666666666666,0.016526402936334905,primary
B,runoff,3,0.9634032771135731,1.9268065542271462,0.6666666666666666,0.6666666666666666,0.05246204694764824,primary
C,first round,3,3.3199588835389964,6.877556803973886,0.7388888888888889,0.85,1.5431890226573622e-05,primary
C,runoff,3,0.7624696888285621,1.5249393776571243,0.6666666666666666,0.6666666666666666,2.926661486340502e-05,primary
D,first round,1,1.4116642387968734,3.9773590103677208,,,,primary
D,runoff,1,2.512477655508782,5.024955311017564,,,,primary
E,first round,3,2.666568754682436,5.0936047411460175,0.8333333333333334,0.9166666666666666,0.01917106134675738,primary
E,runoff,3,0.5660340340387174,1.1320680680774509,1.0,1.0,0.020778474047654878,primary
E0,first round,3,2.5814346788951394,5.116657252948287,0.25,0.39999999999999997,1.9770070282281327e-07,primary
E0,runoff,3,0.5701991092341387,1.140398218468277,1.0,1.0,3.501374094117037e-05,primary
F,first round,3,2.3347874196328235,7.610627746240638,0.75,0.8333333333333334,0.08402724927569061,primary
F,runoff,3,0.4222753607081131,0.844550721416141,1.0,1.0,0.06583735845593713,primary
B,first round,3,3.1853534041711775,6.1261047680468295,0.6944444444444445,0.9166666666666666,0.016526402936334905,regime=two_regime
B,runoff,3,0.9634032771135731,1.9268065542271462,0.6666666666666666,0.6666666666666666,0.05246204694764824,regime=two_regime
C,first round,3,3.3199588835389964,6.877556803973886,0.7388888888888889,0.85,1.5431890226573622e-05,regime=two_regime
C,runoff,3,0.7624696888285621,1.5249393776571243,0.6666666666666666,0.6666666666666666,2.926661486340502e-05,regime=two_regime
D,first round,1,1.4116642387968734,3.9773590103677208,,,,regime=two_regime
D,runoff,1,2.512477655508782,5.024955311017564,,,,regime=two_regime
E,first round,3,2.6415009436496106,5.064875060216611,0.8333333333333334,0.9166666666666666,0.0175860834118957,regime=two_regime
E,runoff,3,0.5326865231827256,1.065373046365499,1.0,1.0,0.021173526496739554,regime=two_regime
E0,first round,3,2.5584608618900515,5.051010387377972,0.27777777777777773,0.45555555555555555,4.498395368015019e-07,regime=two_regime
E0,runoff,3,0.5368696993169427,1.073739398633886,1.0,1.0,8.124062461015588e-05,regime=two_regime
F,first round,3,2.323277093829042,7.528964865802879,0.75,0.8333333333333334,0.08257475565783441,regime=two_regime
F,runoff,3,0.5269211750721455,1.053842350144104,1.0,1.0,0.069222665590788,regime=two_regime
B,first round,3,3.1853534041711775,6.1261047680468295,0.6944444444444445,0.9166666666666666,0.016526402936334905,ns1
B,runoff,3,0.9634032771135731,1.9268065542271462,0.6666666666666666,0.6666666666666666,0.05246204694764824,ns1
C,first round,3,3.3199588835389964,6.877556803973886,0.7388888888888889,0.85,1.5431890226573622e-05,ns1
C,runoff,3,0.7624696888285621,1.5249393776571243,0.6666666666666666,0.6666666666666666,2.926661486340502e-05,ns1
D,first round,1,1.4116642387968734,3.9773590103677208,,,,ns1
D,runoff,1,2.512477655508782,5.024955311017564,,,,ns1
E,first round,3,2.642046136004359,5.1667005078618145,0.8333333333333334,0.9166666666666666,0.018601171764331625,ns1
E,runoff,3,0.5477033621388093,1.095406724277518,1.0,1.0,0.01897204404222613,ns1
E0,first round,3,2.5520503149778366,5.149989312198223,0.25,0.39999999999999997,1.4220528618725477e-07,ns1
E0,runoff,3,0.5518555982885,1.103711196577001,1.0,1.0,1.410752868726903e-05,ns1
F,first round,3,2.339546861932155,7.68262514658802,0.75,0.8333333333333334,0.08803500908393351,ns1
F,runoff,3,0.45274739643427137,0.9054947928685931,1.0,1.0,0.06338458499596546,ns1
B,first round,3,3.1853534041711775,6.1261047680468295,0.6944444444444445,0.9166666666666666,0.016526402936334905,ns4
B,runoff,3,0.9634032771135731,1.9268065542271462,0.6666666666666666,0.6666666666666666,0.05246204694764824,ns4
C,first round,3,3.3199588835389964,6.877556803973886,0.7388888888888889,0.85,1.5431890226573622e-05,ns4
C,runoff,3,0.7624696888285621,1.5249393776571243,0.6666666666666666,0.6666666666666666,2.926661486340502e-05,ns4
D,first round,1,1.4116642387968734,3.9773590103677208,,,,ns4
D,runoff,1,2.512477655508782,5.024955311017564,,,,ns4
E,first round,3,2.6846216982025495,5.084030401415522,0.8333333333333334,0.9166666666666666,0.019157268119764786,ns4
E,runoff,3,0.5669160363158857,1.133832072631738,1.0,1.0,0.019623801456117685,ns4
E0,first round,3,2.596084274962123,5.071248082966464,0.25,0.39999999999999997,1.4220528618725477e-07,ns4
E0,runoff,3,0.5711174626327775,1.1422349252655588,1.0,1.0,2.1603780093050547e-05,ns4
F,first round,3,2.3372468601819114,7.544387113257837,0.75,0.8333333333333334,0.08421298032153109,ns4
F,runoff,3,0.40753103306659827,0.8150620661332576,1.0,1.0,0.06522199950720475,ns4
B,first round,3,3.0560261548052883,6.3627460077962175,0.75,0.8333333333333334,0.012886678314189645,leader
B,runoff,3,1.3454724812922738,2.6909449625845476,0.6666666666666666,0.6666666666666666,0.08211696763387259,leader
C,first round,3,3.2381853958228226,7.943171373773924,0.7111111111111111,0.85,2.2786818874638907e-06,leader
C,runoff,3,0.7726020783193542,1.5452041566387085,0.6666666666666666,0.6666666666666666,1.2774861770685651e-05,leader
D,first round,1,1.4301022316063379,4.1044111854382095,,,,leader
D,runoff,1,2.576757938110454,5.153515876220908,,,,leader
E,first round,3,2.627613281430116,5.50206519526228,0.8333333333333334,0.8333333333333334,0.022046301069976168,leader
E,runoff,3,0.8958842856518731,1.7917685713036626,1.0,1.0,0.03322316758975715,leader
E0,first round,3,2.4953071594785463,5.484371195884266,0.25,0.5666666666666667,1.4220528618725477e-07,leader
E0,runoff,3,0.9011947032587955,1.8023894065175934,0.6666666666666666,1.0,1.0109527937519072e-05,leader
F,first round,3,2.5899303123544115,8.393040789883093,0.75,0.8333333333333334,0.15339763589668848,leader
F,runoff,3,0.5096725087556729,1.0193450175113066,1.0,1.0,0.11112529499050712,leader
B,first round,3,2.7494391845068713,4.848233627018598,0.7777777777777778,0.9166666666666666,0.005335132229340599,min3
B,runoff,3,0.6424354699435781,1.2848709398871563,0.6666666666666666,0.6666666666666666,0.009695432927571654,min3
C,first round,3,3.3199588835389964,6.877556803973886,0.7388888888888889,0.85,1.5431890226573622e-05,min3
C,runoff,3,0.7624696888285621,1.5249393776571243,0.6666666666666666,0.6666666666666666,2.926661486340502e-05,min3
D,first round,1,1.4116642387968734,3.9773590103677208,,,,min3
D,runoff,1,2.512477655508782,5.024955311017564,,,,min3
E,first round,3,2.732038603911318,4.362145157504145,0.8333333333333334,0.9166666666666666,0.005809042630171345,min3
E,runoff,3,0.8105716934900306,1.6211433869799785,1.0,1.0,0.022198763814003594,min3
E0,first round,3,2.6722455445872595,4.385505856876042,0.05555555555555555,0.19444444444444442,1.4220528618725477e-07,min3
E0,runoff,3,0.8110467404910958,1.622093480982193,0.3333333333333333,1.0,1.363901297440799e-06,min3
F,first round,3,1.926212377245135,5.642624183381805,0.75,0.8333333333333334,0.0359028188446348,min3
F,runoff,3,0.954983803760598,1.9099676075212024,1.0,1.0,0.06677913750755013,min3
B,first round,3,3.1853534041711775,6.1261047680468295,0.6944444444444445,0.9166666666666666,0.016526402936334905,nodep
B,runoff,3,0.9634032771135731,1.9268065542271462,0.6666666666666666,0.6666666666666666,0.05246204694764824,nodep
C,first round,3,3.3199588835389964,6.877556803973886,0.7388888888888889,0.85,1.5431890226573622e-05,nodep
C,runoff,3,0.7624696888285621,1.5249393776571243,0.6666666666666666,0.6666666666666666,2.926661486340502e-05,nodep
D,first round,1,1.4116642387968734,3.9773590103677208,,,,nodep
D,runoff,1,2.512477655508782,5.024955311017564,,,,nodep
E,first round,3,2.6703791261978935,5.08015366170374,0.8333333333333334,0.9166666666666666,0.01828162104117037,nodep
E,runoff,3,0.5603053876607275,1.1206107753214882,1.0,1.0,0.020686353447046054,nodep
E0,first round,3,2.580167010022377,5.065523053100797,0.25,0.39999999999999997,1.4220528618725477e-07,nodep
E0,runoff,3,0.5644735512710852,1.1289471025421702,1.0,1.0,2.9599781592550432e-05,nodep
F,first round,3,2.330337542719828,7.559330174678876,0.75,0.8333333333333334,0.08345638926810565,nodep
F,runoff,3,0.4278016113342697,0.8556032226685408,1.0,1.0,0.06748595072343302,nodep
B,first round,2,2.5458708050492946,2.453426522475633,0.5833333333333334,0.9166666666666667,0.012756427844013356,final14
B,runoff,3,0.9634032771135731,1.9268065542271462,0.6666666666666666,0.6666666666666666,0.05246204694764824,final14
C,first round,2,3.292408107275673,5.350908531439211,0.7333333333333334,0.9,1.489027861452198e-05,final14
C,runoff,3,0.7624696888285621,1.5249393776571243,0.6666666666666666,0.6666666666666666,2.926661486340502e-05,final14
D,first round,1,1.4116642387968734,3.9773590103677208,,,,final14
D,runoff,1,2.512477655508782,5.024955311017564,,,,final14
E,first round,2,2.2643370387945723,1.6180791786805235,0.8333333333333333,1.0,0.007476425429074414,final14
E,runoff,3,0.6452559926233713,1.2905119852466695,1.0,1.0,0.03445371890385731,final14
E0,first round,2,2.1790092651237973,1.5868187478890392,0.08333333333333333,0.08333333333333333,1.1101019984036711e-07,final14
E0,runoff,3,0.6497127706187223,1.299425541237442,1.0,1.0,0.00010781067125953621,final14
F,first round,2,1.0540996205077402,2.5853974988415516,1.0,1.0,0.0010570652716680512,final14
F,runoff,3,0.45636821544684975,0.9127364308938187,1.0,1.0,0.09678513263461191,final14
B,first round,3,3.1853534041711775,6.1261047680468295,0.6944444444444445,0.9166666666666666,0.016526402936334905,tau1.5
B,runoff,3,0.9634032771135731,1.9268065542271462,0.6666666666666666,0.6666666666666666,0.05246204694764824,tau1.5
C,first round,3,3.3199588835389964,6.877556803973886,0.7388888888888889,0.85,1.5431890226573622e-05,tau1.5
C,runoff,3,0.7624696888285621,1.5249393776571243,0.6666666666666666,0.6666666666666666,2.926661486340502e-05,tau1.5
D,first round,1,1.4116642387968734,3.9773590103677208,,,,tau1.5
D,runoff,1,2.512477655508782,5.024955311017564,,,,tau1.5
E,first round,3,2.666568754682436,5.0936047411460175,0.8333333333333334,0.9166666666666666,0.01917106134675738,tau1.5
E,runoff,3,0.5660340340387174,1.1320680680774509,1.0,1.0,0.020778474047654878,tau1.5
E0,first round,3,2.5814346788951394,5.116657252948287,0.25,0.39999999999999997,1.9770070282281327e-07,tau1.5
E0,runoff,3,0.5701991092341387,1.140398218468277,1.0,1.0,3.501374094117037e-05,tau1.5
F,first round,3,2.3339584542640313,6.444179573319808,0.75,0.8333333333333334,0.04136603248879322,tau1.5
F,runoff,3,0.3630437923882397,0.7260875847763528,1.0,1.0,0.051681770467988684,tau1.5
B,first round,3,3.1853534041711775,6.1261047680468295,0.6944444444444445,0.9166666666666666,0.016526402936334905,tau6
B,runoff,3,0.9634032771135731,1.9268065542271462,0.6666666666666666,0.6666666666666666,0.05246204694764824,tau6
C,first round,3,3.3199588835389964,6.877556803973886,0.7388888888888889,0.85,1.5431890226573622e-05,tau6
C,runoff,3,0.7624696888285621,1.5249393776571243,0.6666666666666666,0.6666666666666666,2.926661486340502e-05,tau6
D,first round,1,1.4116642387968734,3.9773590103677208,,,,tau6
D,runoff,1,2.512477655508782,5.024955311017564,,,,tau6
E,first round,3,2.666568754682436,5.0936047411460175,0.8333333333333334,0.9166666666666666,0.01917106134675738,tau6
E,runoff,3,0.5660340340387174,1.1320680680774509,1.0,1.0,0.020778474047654878,tau6
E0,first round,3,2.5814346788951394,5.116657252948287,0.25,0.39999999999999997,1.9770070282281327e-07,tau6
E0,runoff,3,0.5701991092341387,1.140398218468277,1.0,1.0,3.501374094117037e-05,tau6
F,first round,3,2.4378429673336863,8.366782853922716,0.75,0.8333333333333334,0.12339177630084815,tau6
F,runoff,3,0.4559119071422065,0.9118238142845031,1.0,1.0,0.07371850072556425,tau6
B,first round,3,3.1853534041711775,6.1261047680468295,0.6944444444444445,0.9166666666666666,0.016526402936334905,sig1.5
B,runoff,3,0.9634032771135731,1.9268065542271462,0.6666666666666666,0.6666666666666666,0.05246204694764824,sig1.5
C,first round,3,3.3199588835389964,6.877556803973886,0.7388888888888889,0.85,1.5431890226573622e-05,sig1.5
C,runoff,3,0.7624696888285621,1.5249393776571243,0.6666666666666666,0.6666666666666666,2.926661486340502e-05,sig1.5
D,first round,1,1.4116642387968734,3.9773590103677208,,,,sig1.5
D,runoff,1,2.512477655508782,5.024955311017564,,,,sig1.5
E,first round,3,2.6350550546783476,5.098081459546016,0.7777777777777778,0.9166666666666666,0.013306633254260835,sig1.5
E,runoff,3,0.5669864796393576,1.1339729592786536,1.0,1.0,0.012379590680935117,sig1.5
E0,first round,3,2.5814346788951394,5.116657252948287,0.25,0.39999999999999997,1.9770070282281327e-07,sig1.5
E0,runoff,3,0.5701991092341387,1.140398218468277,1.0,1.0,3.501374094117037e-05,sig1.5
F,first round,3,2.3369762620621493,7.829641282517449,0.75,0.8333333333333334,0.0841535843392056,sig1.5
F,runoff,3,0.44734977532768383,0.8946995506553149,1.0,1.0,0.05166911013228114,sig1.5
B,first round,3,3.1853534041711775,6.1261047680468295,0.6944444444444445,0.9166666666666666,0.016526402936334905,sig6
B,runoff,3,0.9634032771135731,1.9268065542271462,0.6666666666666666,0.6666666666666666,0.05246204694764824,sig6
C,first round,3,3.3199588835389964,6.877556803973886,0.7388888888888889,0.85,1.5431890226573622e-05,sig6
C,runoff,3,0.7624696888285621,1.5249393776571243,0.6666666666666666,0.6666666666666666,2.926661486340502e-05,sig6
D,first round,1,1.4116642387968734,3.9773590103677208,,,,sig6
D,runoff,1,2.512477655508782,5.024955311017564,,,,sig6
E,first round,3,2.688502814652234,5.091523578120722,0.8333333333333334,0.9166666666666666,0.022177408169090414,sig6
E,runoff,3,0.564467156238674,1.1289343124774285,1.0,1.0,0.029355684906149957,sig6
E0,first round,3,2.5814346788951394,5.116657252948287,0.25,0.39999999999999997,1.9770070282281327e-07,sig6
E0,runoff,3,0.5701991092341387,1.140398218468277,1.0,1.0,3.501374094117037e-05,sig6
F,first round,3,2.3394501748040617,7.500624077056732,0.75,0.8333333333333334,0.08484741300899225,sig6
F,runoff,3,0.39095783817941765,0.7819156763588758,1.0,1.0,0.07714312153445434,sig6
