election,round,candidate,secondary_votes,tse_votes,tse_name,difference
2014,1,Dilma Rousseff,43267668,43267668,DILMA,0
2014,1,Aécio Neves,34897211,34897211,AÉCIO NEVES,0
2014,1,Marina Silva,22176619,22176619,MARINA SILVA,0
2014,1,Luciana Genro,1612186,1612186,LUCIANA GENRO,0
2014,1,Pastor Everaldo,780513,780513,PASTOR EVERALDO,0
2014,1,Eduardo Jorge,630099,630099,EDUARDO JORGE,0
2014,1,Levy Fidelix,446878,446878,LEVY FIDELIX,0
2014,1,Zé Maria,91209,91209,ZÉ MARIA,0
2014,1,José Maria Eymael,61250,61250,EYMAEL,0
2014,1,Mauro Iasi,47845,47845,MAURO IASI,0
2014,1,Rui Costa Pimenta,12324,12324,RUI COSTA PIMENTA,0
2014,2,Dilma Rousseff,54501118,54501118,DILMA,0
2014,2,Aécio Neves,51041155,51041155,AÉCIO NEVES,0
